CombinedSchedulesId,FY,MainAccount,Line,LineName,Split,PY,CY,BY,OY-1,OY-2,OY-3,OY-4,OY-5,OY-6,OY-7,OY-8,OY-9,TreasurySymbol,AccountName,Subfunction,Classification,BudgetEnforcementCategory
1,FY-2025,A-0103,L-0001,TACKLE THE CLIMATE CRISIS,01,901000000.00,901000000.00,901000000.00,0.00,0.00,0.00,0.00,0.00,0.00,0.00,0.00,0.00,A-068-0103,STATE AND TRIBAL ASSISTANCE GRANTS,304,NS,NS
2,FY-2025,A-0103,L-0002,TAKE DECISIVE ACTION TO ADVANCE ENVIRONMENTAL JUSTICE,01,82000000.00,82000000.00,82000000.00,0.00,0.00,0.00,0.00,0.00,0.00,0.00,0.00,0.00,A-068-0103,STATE AND TRIBAL ASSISTANCE GRANTS,304,NS,NS
3,FY-2025,A-0103,L-0003,ENFORCE ENVIRONMENTAL LAWS,01,29000000.00,29000000.00,29000000.00,0.00,0.00,0.00,0.00,0.00,0.00,0.00,0.00,0.00,A-068-0103,STATE AND TRIBAL ASSISTANCE GRANTS,304,NS,NS
4,FY-2025,A-0103,L-0011,ENSURE CLEAN AND HEALTHY AIR,01,348000000.00,348000000.00,348000000.00,0.00,0.00,0.00,0.00,0.00,0.00,0.00,0.00,0.00,A-068-0103,STATE AND TRIBAL ASSISTANCE GRANTS,304,NS,NS
5,FY-2025,A-0103,L-0012,ENSURE CLEAN AND SAFE WATER,01,10508000000.00,12508000000.00,10508000000.00,0.00,0.00,0.00,0.00,0.00,0.00,0.00,0.00,0.00,A-068-0103,STATE AND TRIBAL ASSISTANCE GRANTS,304,NS,NS
6,FY-2025,A-0103,L-0013,SAFEGUARD AND REVITALIZE COMMUNITIES,01,600000000.00,600000000.00,600000000.00,0.00,0.00,0.00,0.00,0.00,0.00,0.00,0.00,0.00,A-068-0103,STATE AND TRIBAL ASSISTANCE GRANTS,304,NS,NS
7,FY-2025,A-0103,L-0014,ENSURE SAFETY OF CHEMICALS FOR PEOPLE AND THE ENVIRONMENT,01,50000000.00,50000000.00,50000000.00,0.00,0.00,0.00,0.00,0.00,0.00,0.00,0.00,0.00,A-068-0103,STATE AND TRIBAL ASSISTANCE GRANTS,304,NS,NS
8,FY-2025,A-0103,L-0015,CROSS AGENCY MISSION AND SCIENCE SUPPORT,01,1668000000.00,1668000000.00,1668000000.00,0.00,0.00,0.00,0.00,0.00,0.00,0.00,0.00,0.00,A-068-0103,STATE AND TRIBAL ASSISTANCE GRANTS,304,NS,NS
9,FY-2025,A-0103,L-0900,"TOTAL NEW OBLIGATIONS, UNEXPIRED ACCOUNTS",01,14186000000.00,16186000000.00,14186000000.00,0.00,0.00,0.00,0.00,0.00,0.00,0.00,0.00,0.00,A-068-0103,STATE AND TRIBAL ASSISTANCE GRANTS,304,NS,NS
10,FY-2025,A-0103,L-1000,"UNOBLIGATED BALANCE BROUGHT FORWARD, OCT 1",01,45955000000.00,48737000000.00,48278000000.00,0.00,0.00,0.00,0.00,0.00,0.00,0.00,0.00,0.00,A-068-0103,STATE AND TRIBAL ASSISTANCE GRANTS,304,NS,NS
11,FY-2025,A-0103,L-1001,"DISCRETIONARY UNOBLIGATED BALANCE BROUGHT FWD, OCT 1",01,45935000000.00,0.00,0.00,0.00,0.00,0.00,0.00,0.00,0.00,0.00,0.00,0.00,A-068-0103,STATE AND TRIBAL ASSISTANCE GRANTS,304,NS,DISCRETIONARY
12,FY-2025,A-0103,L-1010,UNOBLIGATED BALANCE TRANSFER TO OTHER ACCTS,01,0.00,0.00,0.00,0.00,0.00,0.00,0.00,0.00,0.00,0.00,0.00,0.00,A-068-0103,STATE AND TRIBAL ASSISTANCE GRANTS,304,NS,NS
13,FY-2025,A-0103,L-1020,"ADJUSTMENT OF UNOBLIGATED BAL BROUGHT FORWARD, OCT 1",01,-13000000.00,0.00,0.00,0.00,0.00,0.00,0.00,0.00,0.00,0.00,0.00,0.00,A-068-0103,STATE AND TRIBAL ASSISTANCE GRANTS,304,NS,NS
14,FY-2025,A-0103,L-1021,RECOVERIES OF PRIOR YEAR UNPAID OBLIGATIONS,01,63000000.00,63000000.00,63000000.00,0.00,0.00,0.00,0.00,0.00,0.00,0.00,0.00,0.00,A-068-0103,STATE AND TRIBAL ASSISTANCE GRANTS,304,NS,NS
15,FY-2025,A-0103,L-1021,RECOVERIES OF PRIOR YEAR UNPAID OBLIGATIONS,02,0.00,0.00,0.00,0.00,0.00,0.00,0.00,0.00,0.00,0.00,0.00,0.00,A-068-0103,STATE AND TRIBAL ASSISTANCE GRANTS,304,NS,NS
16,FY-2025,A-0103,L-1070,UNOBLIGATED BALANCE (TOTAL),01,46005000000.00,48800000000.00,48341000000.00,0.00,0.00,0.00,0.00,0.00,0.00,0.00,0.00,0.00,A-068-0103,STATE AND TRIBAL ASSISTANCE GRANTS,304,NS,NS
17,FY-2025,A-0103,L-1100,APPROPRIATION,01,6161000000.00,4494000000.00,4528000000.00,0.00,0.00,0.00,0.00,0.00,0.00,0.00,0.00,0.00,A-068-0103,STATE AND TRIBAL ASSISTANCE GRANTS,304,NS,DISCRETIONARY
18,FY-2025,A-0103,L-1120,APPROPRIATIONS TRANSFERRED TO OTHER ACCT [TREAS ACCT],01,0.00,0.00,0.00,0.00,0.00,0.00,0.00,0.00,0.00,0.00,0.00,0.00,A-068-0103,STATE AND TRIBAL ASSISTANCE GRANTS,304,NS,DISCRETIONARY
19,FY-2025,A-0103,L-1131,UNOBLIGATED BALANCE OF APPROPRIATIONS PERMANENTLY REDUCED,01,-13000000.00,-2000000.00,0.00,0.00,0.00,0.00,0.00,0.00,0.00,0.00,0.00,0.00,A-068-0103,STATE AND TRIBAL ASSISTANCE GRANTS,304,NS,DISCRETIONARY
20,FY-2025,A-0103,L-1160,"APPROPRIATION, DISCRETIONARY (TOTAL)",01,6148000000.00,4492000000.00,4528000000.00,0.00,0.00,0.00,0.00,0.00,0.00,0.00,0.00,0.00,A-068-0103,STATE AND TRIBAL ASSISTANCE GRANTS,304,NS,DISCRETIONARY
21,FY-2025,A-0103,L-116040,APPROPRIATION [CATEGORICAL GRANTS],01,1160000000.00,1160000000.00,1465000000.00,1499000000.00,1533000000.00,1568000000.00,1605000000.00,1641000000.00,1679000000.00,1718000000.00,1757000000.00,1798000000.00,A-068-0103,STATE AND TRIBAL ASSISTANCE GRANTS,304,"DISCRETIONARY, APPROPRIATIONS COMMITTEE",DISCRETIONARY
22,FY-2025,A-0103,L-116050,BASELINE PAY/NON-PAY,01,1160000000.00,0.00,0.00,0.00,0.00,0.00,0.00,0.00,0.00,0.00,0.00,0.00,A-068-0103,STATE AND TRIBAL ASSISTANCE GRANTS,304,"DISCRETIONARY, APPROPRIATIONS COMMITTEE",DISCRETIONARY
23,FY-2025,A-0103,L-116050,BASELINE PAY/NON-PAY,01,0.00,1160000000.00,1186000000.00,1210000000.00,1236000000.00,1262000000.00,1288000000.00,1315000000.00,1343000000.00,1371000000.00,1400000000.00,1429000000.00,A-068-0103,STATE AND TRIBAL ASSISTANCE GRANTS,304,"DISCRETIONARY, APPROPRIATIONS COMMITTEE",DISCRETIONARY
24,FY-2025,A-0103,L-116061,NEW AUTHORITY,01,324000000.00,232000000.00,293000000.00,300000000.00,307000000.00,314000000.00,321000000.00,328000000.00,336000000.00,344000000.00,351000000.00,360000000.00,A-068-0103,STATE AND TRIBAL ASSISTANCE GRANTS,304,"DISCRETIONARY, APPROPRIATIONS COMMITTEE",DISCRETIONARY
25,FY-2025,A-0103,L-116062,BALANCES (EXCL OF EOY PY BAL),01,731000000.00,0.00,116000000.00,262000000.00,412000000.00,566000000.00,699000000.00,830000000.00,965000000.00,1102000000.00,1208000000.00,1284000000.00,A-068-0103,STATE AND TRIBAL ASSISTANCE GRANTS,304,"DISCRETIONARY, APPROPRIATIONS COMMITTEE",DISCRETIONARY
26,FY-2025,A-0103,L-116063,END OF PY BALANCES,01,0.00,1061000000.00,266000000.00,192000000.00,149000000.00,104000000.00,93000000.00,93000000.00,93000000.00,58000000.00,35000000.00,0.00,A-068-0103,STATE AND TRIBAL ASSISTANCE GRANTS,304,"DISCRETIONARY, APPROPRIATIONS COMMITTEE",DISCRETIONARY
27,FY-2025,A-0103,L-116081,NEW AUTHORITY,01,324000000.00,232000000.00,237000000.00,242000000.00,247000000.00,252000000.00,258000000.00,263000000.00,269000000.00,274000000.00,280000000.00,286000000.00,A-068-0103,STATE AND TRIBAL ASSISTANCE GRANTS,304,"DISCRETIONARY, APPROPRIATIONS COMMITTEE",DISCRETIONARY
28,FY-2025,A-0103,L-116082,BALANCES (EXCL OF EOY PY BAL),01,731000000.00,0.00,116000000.00,235000000.00,356000000.00,479000000.00,582000000.00,687000000.00,795000000.00,904000000.00,981000000.00,1037000000.00,A-068-0103,STATE AND TRIBAL ASSISTANCE GRANTS,304,"DISCRETIONARY, APPROPRIATIONS COMMITTEE",DISCRETIONARY
29,FY-2025,A-0103,L-116083,END OF PY BALANCES,01,0.00,1061000000.00,266000000.00,192000000.00,149000000.00,104000000.00,93000000.00,93000000.00,93000000.00,58000000.00,35000000.00,0.00,A-068-0103,STATE AND TRIBAL ASSISTANCE GRANTS,304,"DISCRETIONARY, APPROPRIATIONS COMMITTEE",DISCRETIONARY
30,FY-2025,A-0103,L-116040,APPROPRIATION [DWSRF],02,517000000.00,517000000.00,1126000000.00,1152000000.00,1178000000.00,1205000000.00,1233000000.00,1262000000.00,1291000000.00,1320000000.00,1351000000.00,1382000000.00,A-068-0103,STATE AND TRIBAL ASSISTANCE GRANTS,304,"DISCRETIONARY, APPROPRIATIONS COMMITTEE",DISCRETIONARY
31,FY-2025,A-0103,L-116050,BASELINE PAY/NON-PAY,02,517000000.00,0.00,0.00,0.00,0.00,0.00,0.00,0.00,0.00,0.00,0.00,0.00,A-068-0103,STATE AND TRIBAL ASSISTANCE GRANTS,304,"DISCRETIONARY, APPROPRIATIONS COMMITTEE",DISCRETIONARY
32,FY-2025,A-0103,L-116050,BASELINE PAY/NON-PAY,02,0.00,0.00,0.00,0.00,0.00,0.00,0.00,0.00,0.00,0.00,0.00,0.00,A-068-0103,STATE AND TRIBAL ASSISTANCE GRANTS,304,"DISCRETIONARY, APPROPRIATIONS COMMITTEE",DISCRETIONARY
33,FY-2025,A-0103,L-116050,BASELINE PAY/NON-PAY,02,0.00,517000000.00,528000000.00,539000000.00,551000000.00,562000000.00,574000000.00,586000000.00,599000000.00,611000000.00,624000000.00,637000000.00,A-068-0103,STATE AND TRIBAL ASSISTANCE GRANTS,304,"DISCRETIONARY, APPROPRIATIONS COMMITTEE",DISCRETIONARY
34,FY-2025,A-0103,L-116061,NEW AUTHORITY,02,4000000.00,10000000.00,23000000.00,23000000.00,24000000.00,24000000.00,25000000.00,25000000.00,26000000.00,26000000.00,27000000.00,28000000.00,A-068-0103,STATE AND TRIBAL ASSISTANCE GRANTS,304,"DISCRETIONARY, APPROPRIATIONS COMMITTEE",DISCRETIONARY
35,FY-2025,A-0103,L-116062,BALANCES (EXCL OF EOY PY BAL),02,760000000.00,0.00,103000000.00,277000000.00,395000000.00,515000000.00,638000000.00,764000000.00,893000000.00,1026000000.00,1150000000.00,1224000000.00,A-068-0103,STATE AND TRIBAL ASSISTANCE GRANTS,304,"DISCRETIONARY, APPROPRIATIONS COMMITTEE",DISCRETIONARY
36,FY-2025,A-0103,L-116063,END OF PY BALANCES,02,0.00,763000000.00,511000000.00,358000000.00,275000000.00,203000000.00,121000000.00,59000000.00,52000000.00,41000000.00,0.00,0.00,A-068-0103,STATE AND TRIBAL ASSISTANCE GRANTS,304,"DISCRETIONARY, APPROPRIATIONS COMMITTEE",DISCRETIONARY
37,FY-2025,A-0103,L-116081,NEW AUTHORITY,02,4000000.00,10000000.00,11000000.00,11000000.00,11000000.00,11000000.00,11000000.00,12000000.00,12000000.00,12000000.00,12000000.00,13000000.00,A-068-0103,STATE AND TRIBAL ASSISTANCE GRANTS,304,"DISCRETIONARY, APPROPRIATIONS COMMITTEE",DISCRETIONARY
38,FY-2025,A-0103,L-116082,BALANCES (EXCL OF EOY PY BAL),02,760000000.00,0.00,103000000.00,157000000.00,212000000.00,269000000.00,326000000.00,384000000.00,444000000.00,506000000.00,557000000.00,569000000.00,A-068-0103,STATE AND TRIBAL ASSISTANCE GRANTS,304,"DISCRETIONARY, APPROPRIATIONS COMMITTEE",DISCRETIONARY
39,FY-2025,A-0103,L-116083,END OF PY BALANCES,02,0.00,763000000.00,511000000.00,358000000.00,275000000.00,203000000.00,121000000.00,59000000.00,52000000.00,41000000.00,0.00,0.00,A-068-0103,STATE AND TRIBAL ASSISTANCE GRANTS,304,"DISCRETIONARY, APPROPRIATIONS COMMITTEE",DISCRETIONARY
40,FY-2025,A-0103,L-116040,APPROPRIATION [CWSRF],03,777000000.00,776000000.00,1240000000.00,1269000000.00,1298000000.00,1328000000.00,1358000000.00,1389000000.00,1421000000.00,1454000000.00,1487000000.00,1522000000.00,A-068-0103,STATE AND TRIBAL ASSISTANCE GRANTS,304,"DISCRETIONARY, APPROPRIATIONS COMMITTEE",DISCRETIONARY
41,FY-2025,A-0103,L-116050,BASELINE PAY/NON-PAY,03,777000000.00,0.00,0.00,0.00,0.00,0.00,0.00,0.00,0.00,0.00,0.00,0.00,A-068-0103,STATE AND TRIBAL ASSISTANCE GRANTS,304,"DISCRETIONARY, APPROPRIATIONS COMMITTEE",DISCRETIONARY
42,FY-2025,A-0103,L-116050,BASELINE PAY/NON-PAY,03,0.00,1000000.00,1000000.00,1000000.00,1000000.00,1000000.00,1000000.00,1000000.00,1000000.00,1000000.00,1000000.00,1000000.00,A-068-0103,STATE AND TRIBAL ASSISTANCE GRANTS,304,"DISCRETIONARY, APPROPRIATIONS COMMITTEE",DISCRETIONARY
43,FY-2025,A-0103,L-116050,BASELINE PAY/NON-PAY,03,0.00,775000000.00,792000000.00,809000000.00,826000000.00,843000000.00,861000000.00,879000000.00,897000000.00,916000000.00,935000000.00,955000000.00,A-068-0103,STATE AND TRIBAL ASSISTANCE GRANTS,304,"DISCRETIONARY, APPROPRIATIONS COMMITTEE",DISCRETIONARY
44,FY-2025,A-0103,L-116061,NEW AUTHORITY,03,4000000.00,39000000.00,62000000.00,63000000.00,65000000.00,66000000.00,68000000.00,69000000.00,71000000.00,73000000.00,74000000.00,76000000.00,A-068-0103,STATE AND TRIBAL ASSISTANCE GRANTS,304,"DISCRETIONARY, APPROPRIATIONS COMMITTEE",DISCRETIONARY
45,FY-2025,A-0103,L-116062,BALANCES (EXCL OF EOY PY BAL),03,1430000000.00,0.00,78000000.00,202000000.00,328000000.00,458000000.00,591000000.00,727000000.00,866000000.00,1008000000.00,1153000000.00,1263000000.00,A-068-0103,STATE AND TRIBAL ASSISTANCE GRANTS,304,"DISCRETIONARY, APPROPRIATIONS COMMITTEE",DISCRETIONARY
46,FY-2025,A-0103,L-116063,END OF PY BALANCES,03,0.00,507000000.00,461000000.00,297000000.00,221000000.00,159000000.00,102000000.00,78000000.00,78000000.00,78000000.00,39000000.00,0.00,A-068-0103,STATE AND TRIBAL ASSISTANCE GRANTS,304,"DISCRETIONARY, APPROPRIATIONS COMMITTEE",DISCRETIONARY
47,FY-2025,A-0103,L-116081,NEW AUTHORITY,03,4000000.00,39000000.00,40000000.00,40000000.00,41000000.00,42000000.00,43000000.00,44000000.00,45000000.00,46000000.00,47000000.00,48000000.00,A-068-0103,STATE AND TRIBAL ASSISTANCE GRANTS,304,"DISCRETIONARY, APPROPRIATIONS COMMITTEE",DISCRETIONARY
48,FY-2025,A-0103,L-116082,BALANCES (EXCL OF EOY PY BAL),03,1430000000.00,0.00,78000000.00,157000000.00,238000000.00,321000000.00,405000000.00,491000000.00,579000000.00,669000000.00,761000000.00,816000000.00,A-068-0103,STATE AND TRIBAL ASSISTANCE GRANTS,304,"DISCRETIONARY, APPROPRIATIONS COMMITTEE",DISCRETIONARY
49,FY-2025,A-0103,L-116083,END OF PY BALANCES,03,0.00,507000000.00,461000000.00,297000000.00,221000000.00,159000000.00,102000000.00,78000000.00,78000000.00,78000000.00,39000000.00,0.00,A-068-0103,STATE AND TRIBAL ASSISTANCE GRANTS,304,"DISCRETIONARY, APPROPRIATIONS COMMITTEE",DISCRETIONARY
50,FY-2025,A-0103,L-116040,"APPROPRIATION [UNREQUESTED PROJECTS (RECYCLING, WILDFIRE) AND EARMARKS]",04,1502000000.00,1489000000.00,0.00,0.00,0.00,0.00,0.00,0.00,0.00,0.00,0.00,0.00,A-068-0103,STATE AND TRIBAL ASSISTANCE GRANTS,304,"DISCRETIONARY, APPROPRIATIONS COMMITTEE",DISCRETIONARY
51,FY-2025,A-0103,L-116050,BASELINE PAY/NON-PAY,04,1502000000.00,0.00,0.00,0.00,0.00,0.00,0.00,0.00,0.00,0.00,0.00,0.00,A-068-0103,STATE AND TRIBAL ASSISTANCE GRANTS,304,"DISCRETIONARY, APPROPRIATIONS COMMITTEE",DISCRETIONARY
52,FY-2025,A-0103,L-116050,BASELINE PAY/NON-PAY,04,0.00,1489000000.00,1522000000.00,1554000000.00,1586000000.00,1620000000.00,1654000000.00,1688000000.00,1724000000.00,1760000000.00,1797000000.00,1835000000.00,A-068-0103,STATE AND TRIBAL ASSISTANCE GRANTS,304,"DISCRETIONARY, APPROPRIATIONS COMMITTEE",DISCRETIONARY
53,FY-2025,A-0103,L-116061,NEW AUTHORITY,04,2000000.00,30000000.00,0.00,0.00,0.00,0.00,0.00,0.00,0.00,0.00,0.00,0.00,A-068-0103,STATE AND TRIBAL ASSISTANCE GRANTS,304,"DISCRETIONARY, APPROPRIATIONS COMMITTEE",DISCRETIONARY
54,FY-2025,A-0103,L-116062,BALANCES (EXCL OF EOY PY BAL),04,14000000.00,0.00,298000000.00,149000000.00,149000000.00,149000000.00,149000000.00,149000000.00,149000000.00,149000000.00,119000000.00,0.00,A-068-0103,STATE AND TRIBAL ASSISTANCE GRANTS,304,"DISCRETIONARY, APPROPRIATIONS COMMITTEE",DISCRETIONARY
55,FY-2025,A-0103,L-116063,END OF PY BALANCES,04,0.00,138000000.00,138000000.00,202000000.00,185000000.00,176000000.00,176000000.00,150000000.00,150000000.00,120000000.00,0.00,0.00,A-068-0103,STATE AND TRIBAL ASSISTANCE GRANTS,304,"DISCRETIONARY, APPROPRIATIONS COMMITTEE",DISCRETIONARY
56,FY-2025,A-0103,L-116081,NEW AUTHORITY,04,2000000.00,30000000.00,30000000.00,31000000.00,32000000.00,32000000.00,33000000.00,34000000.00,34000000.00,35000000.00,36000000.00,37000000.00,A-068-0103,STATE AND TRIBAL ASSISTANCE GRANTS,304,"DISCRETIONARY, APPROPRIATIONS COMMITTEE",DISCRETIONARY
57,FY-2025,A-0103,L-116082,BALANCES (EXCL OF EOY PY BAL),04,14000000.00,0.00,298000000.00,453000000.00,612000000.00,774000000.00,939000000.00,1108000000.00,1280000000.00,1456000000.00,1606000000.00,1640000000.00,A-068-0103,STATE AND TRIBAL ASSISTANCE GRANTS,304,"DISCRETIONARY, APPROPRIATIONS COMMITTEE",DISCRETIONARY
58,FY-2025,A-0103,L-116083,END OF PY BALANCES,04,0.00,138000000.00,138000000.00,202000000.00,185000000.00,176000000.00,176000000.00,150000000.00,150000000.00,120000000.00,0.00,0.00,A-068-0103,STATE AND TRIBAL ASSISTANCE GRANTS,304,"DISCRETIONARY, APPROPRIATIONS COMMITTEE",DISCRETIONARY
59,FY-2025,A-0103,L-116040,APPROPRIATION [BROWNFIELDS],05,100000000.00,100000000.00,115000000.00,118000000.00,120000000.00,123000000.00,126000000.00,129000000.00,132000000.00,135000000.00,138000000.00,141000000.00,A-068-0103,STATE AND TRIBAL ASSISTANCE GRANTS,304,"DISCRETIONARY, APPROPRIATIONS COMMITTEE",DISCRETIONARY
60,FY-2025,A-0103,L-116050,BASELINE PAY/NON-PAY,05,100000000.00,0.00,0.00,0.00,0.00,0.00,0.00,0.00,0.00,0.00,0.00,0.00,A-068-0103,STATE AND TRIBAL ASSISTANCE GRANTS,304,"DISCRETIONARY, APPROPRIATIONS COMMITTEE",DISCRETIONARY
61,FY-2025,A-0103,L-116050,BASELINE PAY/NON-PAY,05,0.00,100000000.00,102000000.00,104000000.00,107000000.00,109000000.00,111000000.00,113000000.00,116000000.00,118000000.00,121000000.00,123000000.00,A-068-0103,STATE AND TRIBAL ASSISTANCE GRANTS,304,"DISCRETIONARY, APPROPRIATIONS COMMITTEE",DISCRETIONARY
62,FY-2025,A-0103,L-116061,NEW AUTHORITY,05,1000000.00,1000000.00,1000000.00,1000000.00,1000000.00,1000000.00,1000000.00,1000000.00,1000000.00,1000000.00,1000000.00,1000000.00,A-068-0103,STATE AND TRIBAL ASSISTANCE GRANTS,304,"DISCRETIONARY, APPROPRIATIONS COMMITTEE",DISCRETIONARY
63,FY-2025,A-0103,L-116062,BALANCES (EXCL OF EOY PY BAL),05,76000000.00,0.00,10000000.00,22000000.00,33000000.00,45000000.00,58000000.00,70000000.00,83000000.00,96000000.00,110000000.00,123000000.00,A-068-0103,STATE AND TRIBAL ASSISTANCE GRANTS,304,"DISCRETIONARY, APPROPRIATIONS COMMITTEE",DISCRETIONARY
64,FY-2025,A-0103,L-116063,END OF PY BALANCES,05,0.00,54000000.00,44000000.00,42000000.00,39000000.00,34000000.00,30000000.00,25000000.00,21000000.00,16000000.00,9000000.00,0.00,A-068-0103,STATE AND TRIBAL ASSISTANCE GRANTS,304,"DISCRETIONARY, APPROPRIATIONS COMMITTEE",DISCRETIONARY
65,FY-2025,A-0103,L-116081,NEW AUTHORITY,05,1000000.00,1000000.00,1000000.00,1000000.00,1000000.00,1000000.00,1000000.00,1000000.00,1000000.00,1000000.00,1000000.00,1000000.00,A-068-0103,STATE AND TRIBAL ASSISTANCE GRANTS,304,"DISCRETIONARY, APPROPRIATIONS COMMITTEE",DISCRETIONARY
66,FY-2025,A-0103,L-116082,BALANCES (EXCL OF EOY PY BAL),05,76000000.00,0.00,10000000.00,20000000.00,31000000.00,41000000.00,52000000.00,63000000.00,75000000.00,86000000.00,98000000.00,109000000.00,A-068-0103,STATE AND TRIBAL ASSISTANCE GRANTS,304,"DISCRETIONARY, APPROPRIATIONS COMMITTEE",DISCRETIONARY
67,FY-2025,A-0103,L-116083,END OF PY BALANCES,05,0.00,54000000.00,44000000.00,42000000.00,39000000.00,34000000.00,30000000.00,25000000.00,21000000.00,16000000.00,9000000.00,0.00,A-068-0103,STATE AND TRIBAL ASSISTANCE GRANTS,304,"DISCRETIONARY, APPROPRIATIONS COMMITTEE",DISCRETIONARY
68,FY-2025,A-0103,L-116040,APPROPRIATION [DIESEL],06,100000000.00,100000000.00,100000000.00,102000000.00,105000000.00,107000000.00,110000000.00,112000000.00,115000000.00,117000000.00,120000000.00,123000000.00,A-068-0103,STATE AND TRIBAL ASSISTANCE GRANTS,304,"DISCRETIONARY, APPROPRIATIONS COMMITTEE",DISCRETIONARY
69,FY-2025,A-0103,L-116050,BASELINE PAY/NON-PAY,06,100000000.00,0.00,0.00,0.00,0.00,0.00,0.00,0.00,0.00,0.00,0.00,0.00,A-068-0103,STATE AND TRIBAL ASSISTANCE GRANTS,304,"DISCRETIONARY, APPROPRIATIONS COMMITTEE",DISCRETIONARY
70,FY-2025,A-0103,L-116050,BASELINE PAY/NON-PAY,06,0.00,100000000.00,102000000.00,104000000.00,107000000.00,109000000.00,111000000.00,113000000.00,116000000.00,118000000.00,121000000.00,123000000.00,A-068-0103,STATE AND TRIBAL ASSISTANCE GRANTS,304,"DISCRETIONARY, APPROPRIATIONS COMMITTEE",DISCRETIONARY
71,FY-2025,A-0103,L-116061,NEW AUTHORITY,06,0.00,0.00,0.00,0.00,0.00,0.00,0.00,0.00,0.00,0.00,0.00,0.00,A-068-0103,STATE AND TRIBAL ASSISTANCE GRANTS,304,"DISCRETIONARY, APPROPRIATIONS COMMITTEE",DISCRETIONARY
72,FY-2025,A-0103,L-116062,BALANCES (EXCL OF EOY PY BAL),06,62000000.00,0.00,23000000.00,34000000.00,45000000.00,57000000.00,69000000.00,82000000.00,94000000.00,107000000.00,110000000.00,112000000.00,A-068-0103,STATE AND TRIBAL ASSISTANCE GRANTS,304,"DISCRETIONARY, APPROPRIATIONS COMMITTEE",DISCRETIONARY
73,FY-2025,A-0103,L-116063,END OF PY BALANCES,06,0.00,61000000.00,61000000.00,55000000.00,48000000.00,40000000.00,31000000.00,21000000.00,11000000.00,0.00,0.00,0.00,A-068-0103,STATE AND TRIBAL ASSISTANCE GRANTS,304,"DISCRETIONARY, APPROPRIATIONS COMMITTEE",DISCRETIONARY
74,FY-2025,A-0103,L-116081,NEW AUTHORITY,06,0.00,0.00,0.00,0.00,0.00,0.00,0.00,0.00,0.00,0.00,0.00,0.00,A-068-0103,STATE AND TRIBAL ASSISTANCE GRANTS,304,"DISCRETIONARY, APPROPRIATIONS COMMITTEE",DISCRETIONARY
75,FY-2025,A-0103,L-116082,BALANCES (EXCL OF EOY PY BAL),06,62000000.00,0.00,23000000.00,34000000.00,46000000.00,58000000.00,70000000.00,83000000.00,96000000.00,109000000.00,111000000.00,113000000.00,A-068-0103,STATE AND TRIBAL ASSISTANCE GRANTS,304,"DISCRETIONARY, APPROPRIATIONS COMMITTEE",DISCRETIONARY
76,FY-2025,A-0103,L-116083,END OF PY BALANCES,06,0.00,61000000.00,61000000.00,55000000.00,48000000.00,40000000.00,31000000.00,21000000.00,11000000.00,0.00,0.00,0.00,A-068-0103,STATE AND TRIBAL ASSISTANCE GRANTS,304,"DISCRETIONARY, APPROPRIATIONS COMMITTEE",DISCRETIONARY
77,FY-2025,A-0103,L-116040,APPROPRIATION [ALASKA NATIVE VILLAGES],07,40000000.00,40000000.00,41000000.00,42000000.00,43000000.00,44000000.00,45000000.00,46000000.00,47000000.00,48000000.00,49000000.00,50000000.00,A-068-0103,STATE AND TRIBAL ASSISTANCE GRANTS,304,"DISCRETIONARY, APPROPRIATIONS COMMITTEE",DISCRETIONARY
78,FY-2025,A-0103,L-116050,BASELINE PAY/NON-PAY,07,40000000.00,0.00,0.00,0.00,0.00,0.00,0.00,0.00,0.00,0.00,0.00,0.00,A-068-0103,STATE AND TRIBAL ASSISTANCE GRANTS,304,"DISCRETIONARY, APPROPRIATIONS COMMITTEE",DISCRETIONARY
79,FY-2025,A-0103,L-116050,BASELINE PAY/NON-PAY,07,0.00,0.00,0.00,0.00,0.00,0.00,0.00,0.00,0.00,0.00,0.00,0.00,A-068-0103,STATE AND TRIBAL ASSISTANCE GRANTS,304,"DISCRETIONARY, APPROPRIATIONS COMMITTEE",DISCRETIONARY
80,FY-2025,A-0103,L-116050,BASELINE PAY/NON-PAY,07,0.00,40000000.00,41000000.00,42000000.00,43000000.00,44000000.00,44000000.00,45000000.00,46000000.00,47000000.00,48000000.00,49000000.00,A-068-0103,STATE AND TRIBAL ASSISTANCE GRANTS,304,"DISCRETIONARY, APPROPRIATIONS COMMITTEE",DISCRETIONARY
81,FY-2025,A-0103,L-116061,NEW AUTHORITY,07,0.00,0.00,0.00,0.00,0.00,0.00,0.00,0.00,0.00,0.00,0.00,0.00,A-068-0103,STATE AND TRIBAL ASSISTANCE GRANTS,304,"DISCRETIONARY, APPROPRIATIONS COMMITTEE",DISCRETIONARY
82,FY-2025,A-0103,L-116062,BALANCES (EXCL OF EOY PY BAL),07,20000000.00,0.00,23000000.00,30000000.00,35000000.00,38000000.00,41000000.00,43000000.00,45000000.00,46000000.00,47000000.00,48000000.00,A-068-0103,STATE AND TRIBAL ASSISTANCE GRANTS,304,"DISCRETIONARY, APPROPRIATIONS COMMITTEE",DISCRETIONARY
83,FY-2025,A-0103,L-116063,END OF PY BALANCES,07,0.00,37000000.00,15000000.00,9000000.00,6000000.00,4000000.00,2000000.00,1000000.00,0.00,0.00,0.00,0.00,A-068-0103,STATE AND TRIBAL ASSISTANCE GRANTS,304,"DISCRETIONARY, APPROPRIATIONS COMMITTEE",DISCRETIONARY
84,FY-2025,A-0103,L-116081,NEW AUTHORITY,07,0.00,0.00,0.00,0.00,0.00,0.00,0.00,0.00,0.00,0.00,0.00,0.00,A-068-0103,STATE AND TRIBAL ASSISTANCE GRANTS,304,"DISCRETIONARY, APPROPRIATIONS COMMITTEE",DISCRETIONARY
85,FY-2025,A-0103,L-116082,BALANCES (EXCL OF EOY PY BAL),07,20000000.00,0.00,23000000.00,30000000.00,35000000.00,38000000.00,41000000.00,42000000.00,44000000.00,45000000.00,46000000.00,47000000.00,A-068-0103,STATE AND TRIBAL ASSISTANCE GRANTS,304,"DISCRETIONARY, APPROPRIATIONS COMMITTEE",DISCRETIONARY
86,FY-2025,A-0103,L-116083,END OF PY BALANCES,07,0.00,37000000.00,15000000.00,9000000.00,6000000.00,4000000.00,2000000.00,1000000.00,0.00,0.00,0.00,0.00,A-068-0103,STATE AND TRIBAL ASSISTANCE GRANTS,304,"DISCRETIONARY, APPROPRIATIONS COMMITTEE",DISCRETIONARY
87,FY-2025,A-0103,L-116040,APPROPRIATION [MEXICO BORDER],08,36000000.00,36000000.00,36000000.00,37000000.00,38000000.00,39000000.00,39000000.00,40000000.00,41000000.00,42000000.00,43000000.00,44000000.00,A-068-0103,STATE AND TRIBAL ASSISTANCE GRANTS,304,"DISCRETIONARY, APPROPRIATIONS COMMITTEE",DISCRETIONARY
88,FY-2025,A-0103,L-116050,BASELINE PAY/NON-PAY,08,36000000.00,0.00,0.00,0.00,0.00,0.00,0.00,0.00,0.00,0.00,0.00,0.00,A-068-0103,STATE AND TRIBAL ASSISTANCE GRANTS,304,"DISCRETIONARY, APPROPRIATIONS COMMITTEE",DISCRETIONARY
89,FY-2025,A-0103,L-116050,BASELINE PAY/NON-PAY,08,0.00,36000000.00,37000000.00,38000000.00,38000000.00,39000000.00,40000000.00,41000000.00,42000000.00,43000000.00,43000000.00,44000000.00,A-068-0103,STATE AND TRIBAL ASSISTANCE GRANTS,304,"DISCRETIONARY, APPROPRIATIONS COMMITTEE",DISCRETIONARY
90,FY-2025,A-0103,L-116061,NEW AUTHORITY,08,0.00,3000000.00,3000000.00,3000000.00,3000000.00,3000000.00,3000000.00,3000000.00,3000000.00,3000000.00,3000000.00,3000000.00,A-068-0103,STATE AND TRIBAL ASSISTANCE GRANTS,304,"DISCRETIONARY, APPROPRIATIONS COMMITTEE",DISCRETIONARY
91,FY-2025,A-0103,L-116062,BALANCES (EXCL OF EOY PY BAL),08,16000000.00,0.00,1000000.00,3000000.00,20000000.00,28000000.00,34000000.00,35000000.00,36000000.00,36000000.00,37000000.00,38000000.00,A-068-0103,STATE AND TRIBAL ASSISTANCE GRANTS,304,"DISCRETIONARY, APPROPRIATIONS COMMITTEE",DISCRETIONARY
92,FY-2025,A-0103,L-116063,END OF PY BALANCES,08,0.00,23000000.00,28000000.00,28000000.00,12000000.00,6000000.00,0.00,0.00,0.00,0.00,0.00,0.00,A-068-0103,STATE AND TRIBAL ASSISTANCE GRANTS,304,"DISCRETIONARY, APPROPRIATIONS COMMITTEE",DISCRETIONARY
93,FY-2025,A-0103,L-116081,NEW AUTHORITY,08,0.00,3000000.00,3000000.00,3000000.00,3000000.00,3000000.00,3000000.00,3000000.00,3000000.00,3000000.00,3000000.00,3000000.00,A-068-0103,STATE AND TRIBAL ASSISTANCE GRANTS,304,"DISCRETIONARY, APPROPRIATIONS COMMITTEE",DISCRETIONARY
94,FY-2025,A-0103,L-116082,BALANCES (EXCL OF EOY PY BAL),08,16000000.00,0.00,1000000.00,3000000.00,21000000.00,28000000.00,35000000.00,35000000.00,36000000.00,37000000.00,38000000.00,39000000.00,A-068-0103,STATE AND TRIBAL ASSISTANCE GRANTS,304,"DISCRETIONARY, APPROPRIATIONS COMMITTEE",DISCRETIONARY
95,FY-2025,A-0103,L-116083,END OF PY BALANCES,08,0.00,23000000.00,28000000.00,28000000.00,12000000.00,6000000.00,0.00,0.00,0.00,0.00,0.00,0.00,A-068-0103,STATE AND TRIBAL ASSISTANCE GRANTS,304,"DISCRETIONARY, APPROPRIATIONS COMMITTEE",DISCRETIONARY
96,FY-2025,A-0103,L-116040,APPROPRIATION [TARGETED AIRSHED GRANTS],09,70000000.00,70000000.00,70000000.00,72000000.00,73000000.00,75000000.00,77000000.00,78000000.00,80000000.00,82000000.00,84000000.00,86000000.00,A-068-0103,STATE AND TRIBAL ASSISTANCE GRANTS,304,"DISCRETIONARY, APPROPRIATIONS COMMITTEE",DISCRETIONARY
97,FY-2025,A-0103,L-116050,BASELINE PAY/NON-PAY,09,70000000.00,0.00,0.00,0.00,0.00,0.00,0.00,0.00,0.00,0.00,0.00,0.00,A-068-0103,STATE AND TRIBAL ASSISTANCE GRANTS,304,"DISCRETIONARY, APPROPRIATIONS COMMITTEE",DISCRETIONARY
98,FY-2025,A-0103,L-116050,BASELINE PAY/NON-PAY,09,0.00,0.00,0.00,0.00,0.00,0.00,0.00,0.00,0.00,0.00,0.00,0.00,A-068-0103,STATE AND TRIBAL ASSISTANCE GRANTS,304,"DISCRETIONARY, APPROPRIATIONS COMMITTEE",DISCRETIONARY
99,FY-2025,A-0103,L-116050,BASELINE PAY/NON-PAY,09,0.00,70000000.00,72000000.00,73000000.00,75000000.00,76000000.00,78000000.00,79000000.00,81000000.00,83000000.00,84000000.00,86000000.00,A-068-0103,STATE AND TRIBAL ASSISTANCE GRANTS,304,"DISCRETIONARY, APPROPRIATIONS COMMITTEE",DISCRETIONARY
100,FY-2025,A-0103,L-116061,NEW AUTHORITY,09,0.00,0.00,0.00,0.00,0.00,0.00,0.00,0.00,0.00,0.00,0.00,0.00,A-068-0103,STATE AND TRIBAL ASSISTANCE GRANTS,304,"DISCRETIONARY, APPROPRIATIONS COMMITTEE",DISCRETIONARY
101,FY-2025,A-0103,L-116062,BALANCES (EXCL OF EOY PY BAL),09,34000000.00,0.00,63000000.00,70000000.00,72000000.00,73000000.00,75000000.00,77000000.00,78000000.00,80000000.00,82000000.00,84000000.00,A-068-0103,STATE AND TRIBAL ASSISTANCE GRANTS,304,"DISCRETIONARY, APPROPRIATIONS COMMITTEE",DISCRETIONARY
102,FY-2025,A-0103,L-116063,END OF PY BALANCES,09,0.00,0.00,7000000.00,0.00,0.00,0.00,0.00,0.00,0.00,0.00,0.00,0.00,A-068-0103,STATE AND TRIBAL ASSISTANCE GRANTS,304,"DISCRETIONARY, APPROPRIATIONS COMMITTEE",DISCRETIONARY
103,FY-2025,A-0103,L-116081,NEW AUTHORITY,09,0.00,0.00,0.00,0.00,0.00,0.00,0.00,0.00,0.00,0.00,0.00,0.00,A-068-0103,STATE AND TRIBAL ASSISTANCE GRANTS,304,"DISCRETIONARY, APPROPRIATIONS COMMITTEE",DISCRETIONARY
104,FY-2025,A-0103,L-116082,BALANCES (EXCL OF EOY PY BAL),09,34000000.00,0.00,63000000.00,72000000.00,73000000.00,75000000.00,76000000.00,78000000.00,79000000.00,81000000.00,83000000.00,84000000.00,A-068-0103,STATE AND TRIBAL ASSISTANCE GRANTS,304,"DISCRETIONARY, APPROPRIATIONS COMMITTEE",DISCRETIONARY
105,FY-2025,A-0103,L-116083,END OF PY BALANCES,09,0.00,0.00,7000000.00,0.00,0.00,0.00,0.00,0.00,0.00,0.00,0.00,0.00,A-068-0103,STATE AND TRIBAL ASSISTANCE GRANTS,304,"DISCRETIONARY, APPROPRIATIONS COMMITTEE",DISCRETIONARY
106,FY-2025,A-0103,L-116040,"APPROPRIATION [WIIN (SAFE WATER FOR S&DC, REDUCING LEAD DW, LEAD TESTING IN SCHOOLS)]",10,86000000.00,86000000.00,131000000.00,134000000.00,137000000.00,140000000.00,143000000.00,147000000.00,150000000.00,154000000.00,157000000.00,161000000.00,A-068-0103,STATE AND TRIBAL ASSISTANCE GRANTS,304,"DISCRETIONARY, APPROPRIATIONS COMMITTEE",DISCRETIONARY
107,FY-2025,A-0103,L-116050,BASELINE PAY/NON-PAY,10,86000000.00,0.00,0.00,0.00,0.00,0.00,0.00,0.00,0.00,0.00,0.00,0.00,A-068-0103,STATE AND TRIBAL ASSISTANCE GRANTS,304,"DISCRETIONARY, APPROPRIATIONS COMMITTEE",DISCRETIONARY
108,FY-2025,A-0103,L-116050,BASELINE PAY/NON-PAY,10,0.00,0.00,0.00,0.00,0.00,0.00,0.00,0.00,0.00,0.00,0.00,0.00,A-068-0103,STATE AND TRIBAL ASSISTANCE GRANTS,304,"DISCRETIONARY, APPROPRIATIONS COMMITTEE",DISCRETIONARY
109,FY-2025,A-0103,L-116050,BASELINE PAY/NON-PAY,10,0.00,86000000.00,88000000.00,90000000.00,92000000.00,94000000.00,96000000.00,98000000.00,100000000.00,102000000.00,104000000.00,106000000.00,A-068-0103,STATE AND TRIBAL ASSISTANCE GRANTS,304,"DISCRETIONARY, APPROPRIATIONS COMMITTEE",DISCRETIONARY
110,FY-2025,A-0103,L-116061,NEW AUTHORITY,10,1000000.00,2000000.00,3000000.00,3000000.00,3000000.00,3000000.00,3000000.00,3000000.00,3000000.00,3000000.00,3000000.00,3000000.00,A-068-0103,STATE AND TRIBAL ASSISTANCE GRANTS,304,"DISCRETIONARY, APPROPRIATIONS COMMITTEE",DISCRETIONARY
111,FY-2025,A-0103,L-116062,BALANCES (EXCL OF EOY PY BAL),10,26000000.00,0.00,21000000.00,50000000.00,76000000.00,95000000.00,109000000.00,121000000.00,134000000.00,140000000.00,144000000.00,147000000.00,A-068-0103,STATE AND TRIBAL ASSISTANCE GRANTS,304,"DISCRETIONARY, APPROPRIATIONS COMMITTEE",DISCRETIONARY
112,FY-2025,A-0103,L-116063,END OF PY BALANCES,10,0.00,66000000.00,54000000.00,42000000.00,30000000.00,23000000.00,12000000.00,7000000.00,0.00,0.00,0.00,0.00,A-068-0103,STATE AND TRIBAL ASSISTANCE GRANTS,304,"DISCRETIONARY, APPROPRIATIONS COMMITTEE",DISCRETIONARY
113,FY-2025,A-0103,L-116081,NEW AUTHORITY,10,1000000.00,2000000.00,2000000.00,2000000.00,2000000.00,2000000.00,2000000.00,2000000.00,2000000.00,2000000.00,2000000.00,2000000.00,A-068-0103,STATE AND TRIBAL ASSISTANCE GRANTS,304,"DISCRETIONARY, APPROPRIATIONS COMMITTEE",DISCRETIONARY
114,FY-2025,A-0103,L-116082,BALANCES (EXCL OF EOY PY BAL),10,26000000.00,0.00,21000000.00,39000000.00,56000000.00,67000000.00,76000000.00,83000000.00,92000000.00,94000000.00,96000000.00,98000000.00,A-068-0103,STATE AND TRIBAL ASSISTANCE GRANTS,304,"DISCRETIONARY, APPROPRIATIONS COMMITTEE",DISCRETIONARY
115,FY-2025,A-0103,L-116083,END OF PY BALANCES,10,0.00,66000000.00,54000000.00,42000000.00,30000000.00,23000000.00,12000000.00,7000000.00,0.00,0.00,0.00,0.00,A-068-0103,STATE AND TRIBAL ASSISTANCE GRANTS,304,"DISCRETIONARY, APPROPRIATIONS COMMITTEE",DISCRETIONARY
116,FY-2025,A-0103,L-116040,APPROPRIATION [DISASTER SUPPLEMENTAL P.L. 115-123],11,0.00,0.00,0.00,0.00,0.00,0.00,0.00,0.00,0.00,0.00,0.00,0.00,A-068-0103,STATE AND TRIBAL ASSISTANCE GRANTS,304,"DISCRETIONARY, APPROPRIATIONS COMMITTEE",DISCRETIONARY
117,FY-2025,A-0103,L-116050,BASELINE PAY/NON-PAY,11,0.00,0.00,0.00,0.00,0.00,0.00,0.00,0.00,0.00,0.00,0.00,0.00,A-068-0103,STATE AND TRIBAL ASSISTANCE GRANTS,304,"DISCRETIONARY, APPROPRIATIONS COMMITTEE",DISCRETIONARY
118,FY-2025,A-0103,L-116050,BASELINE PAY/NON-PAY,11,0.00,0.00,0.00,0.00,0.00,0.00,0.00,0.00,0.00,0.00,0.00,0.00,A-068-0103,STATE AND TRIBAL ASSISTANCE GRANTS,304,"DISCRETIONARY, APPROPRIATIONS COMMITTEE",DISCRETIONARY
119,FY-2025,A-0103,L-116050,BASELINE PAY/NON-PAY,11,0.00,0.00,0.00,0.00,0.00,0.00,0.00,0.00,0.00,0.00,0.00,0.00,A-068-0103,STATE AND TRIBAL ASSISTANCE GRANTS,304,"DISCRETIONARY, APPROPRIATIONS COMMITTEE",DISCRETIONARY
120,FY-2025,A-0103,L-116061,NEW AUTHORITY,11,0.00,0.00,0.00,0.00,0.00,0.00,0.00,0.00,0.00,0.00,0.00,0.00,A-068-0103,STATE AND TRIBAL ASSISTANCE GRANTS,304,"DISCRETIONARY, APPROPRIATIONS COMMITTEE",DISCRETIONARY
121,FY-2025,A-0103,L-116062,BALANCES (EXCL OF EOY PY BAL),11,78000000.00,0.00,0.00,0.00,0.00,0.00,0.00,0.00,0.00,0.00,0.00,0.00,A-068-0103,STATE AND TRIBAL ASSISTANCE GRANTS,304,"DISCRETIONARY, APPROPRIATIONS COMMITTEE",DISCRETIONARY
122,FY-2025,A-0103,L-116063,END OF PY BALANCES,11,0.00,9000000.00,9000000.00,0.00,0.00,0.00,0.00,0.00,0.00,0.00,0.00,0.00,A-068-0103,STATE AND TRIBAL ASSISTANCE GRANTS,304,"DISCRETIONARY, APPROPRIATIONS COMMITTEE",DISCRETIONARY
123,FY-2025,A-0103,L-116081,NEW AUTHORITY,11,0.00,0.00,0.00,0.00,0.00,0.00,0.00,0.00,0.00,0.00,0.00,0.00,A-068-0103,STATE AND TRIBAL ASSISTANCE GRANTS,304,"DISCRETIONARY, APPROPRIATIONS COMMITTEE",DISCRETIONARY
124,FY-2025,A-0103,L-116082,BALANCES (EXCL OF EOY PY BAL),11,78000000.00,0.00,0.00,0.00,0.00,0.00,0.00,0.00,0.00,0.00,0.00,0.00,A-068-0103,STATE AND TRIBAL ASSISTANCE GRANTS,304,"DISCRETIONARY, APPROPRIATIONS COMMITTEE",DISCRETIONARY
125,FY-2025,A-0103,L-116083,END OF PY BALANCES,11,0.00,9000000.00,9000000.00,0.00,0.00,0.00,0.00,0.00,0.00,0.00,0.00,0.00,A-068-0103,STATE AND TRIBAL ASSISTANCE GRANTS,304,"DISCRETIONARY, APPROPRIATIONS COMMITTEE",DISCRETIONARY
126,FY-2025,A-0103,L-116040,APPROPRIATION [DISASTER RELIEF ACT P.L. 116-20],12,0.00,0.00,0.00,0.00,0.00,0.00,0.00,0.00,0.00,0.00,0.00,0.00,A-068-0103,STATE AND TRIBAL ASSISTANCE GRANTS,304,"DISCRETIONARY, APPROPRIATIONS COMMITTEE",DISCRETIONARY
127,FY-2025,A-0103,L-116050,BASELINE PAY/NON-PAY,12,0.00,0.00,0.00,0.00,0.00,0.00,0.00,0.00,0.00,0.00,0.00,0.00,A-068-0103,STATE AND TRIBAL ASSISTANCE GRANTS,304,"DISCRETIONARY, APPROPRIATIONS COMMITTEE",DISCRETIONARY
128,FY-2025,A-0103,L-116050,BASELINE PAY/NON-PAY,12,0.00,0.00,0.00,0.00,0.00,0.00,0.00,0.00,0.00,0.00,0.00,0.00,A-068-0103,STATE AND TRIBAL ASSISTANCE GRANTS,304,"DISCRETIONARY, APPROPRIATIONS COMMITTEE",DISCRETIONARY
129,FY-2025,A-0103,L-116050,BASELINE PAY/NON-PAY,12,0.00,0.00,0.00,0.00,0.00,0.00,0.00,0.00,0.00,0.00,0.00,0.00,A-068-0103,STATE AND TRIBAL ASSISTANCE GRANTS,304,"DISCRETIONARY, APPROPRIATIONS COMMITTEE",DISCRETIONARY
130,FY-2025,A-0103,L-116061,NEW AUTHORITY,12,0.00,0.00,0.00,0.00,0.00,0.00,0.00,0.00,0.00,0.00,0.00,0.00,A-068-0103,STATE AND TRIBAL ASSISTANCE GRANTS,304,"DISCRETIONARY, APPROPRIATIONS COMMITTEE",DISCRETIONARY
131,FY-2025,A-0103,L-116062,BALANCES (EXCL OF EOY PY BAL),12,14000000.00,0.00,0.00,0.00,0.00,0.00,0.00,0.00,0.00,0.00,0.00,0.00,A-068-0103,STATE AND TRIBAL ASSISTANCE GRANTS,304,"DISCRETIONARY, APPROPRIATIONS COMMITTEE",DISCRETIONARY
132,FY-2025,A-0103,L-116063,END OF PY BALANCES,12,0.00,20000000.00,20000000.00,0.00,0.00,0.00,0.00,0.00,0.00,0.00,0.00,0.00,A-068-0103,STATE AND TRIBAL ASSISTANCE GRANTS,304,"DISCRETIONARY, APPROPRIATIONS COMMITTEE",DISCRETIONARY
133,FY-2025,A-0103,L-116081,NEW AUTHORITY,12,0.00,0.00,0.00,0.00,0.00,0.00,0.00,0.00,0.00,0.00,0.00,0.00,A-068-0103,STATE AND TRIBAL ASSISTANCE GRANTS,304,"DISCRETIONARY, APPROPRIATIONS COMMITTEE",DISCRETIONARY
134,FY-2025,A-0103,L-116082,BALANCES (EXCL OF EOY PY BAL),12,14000000.00,0.00,0.00,0.00,0.00,0.00,0.00,0.00,0.00,0.00,0.00,0.00,A-068-0103,STATE AND TRIBAL ASSISTANCE GRANTS,304,"DISCRETIONARY, APPROPRIATIONS COMMITTEE",DISCRETIONARY
135,FY-2025,A-0103,L-116083,END OF PY BALANCES,12,0.00,20000000.00,20000000.00,0.00,0.00,0.00,0.00,0.00,0.00,0.00,0.00,0.00,A-068-0103,STATE AND TRIBAL ASSISTANCE GRANTS,304,"DISCRETIONARY, APPROPRIATIONS COMMITTEE",DISCRETIONARY
136,FY-2025,A-0103,L-116040,APPROPRIATION [USMCA APPROPRIATION P.L. 116-113],13,0.00,0.00,0.00,0.00,0.00,0.00,0.00,0.00,0.00,0.00,0.00,0.00,A-068-0103,STATE AND TRIBAL ASSISTANCE GRANTS,304,"DISCRETIONARY, APPROPRIATIONS COMMITTEE",DISCRETIONARY
137,FY-2025,A-0103,L-116050,BASELINE PAY/NON-PAY,13,0.00,0.00,0.00,0.00,0.00,0.00,0.00,0.00,0.00,0.00,0.00,0.00,A-068-0103,STATE AND TRIBAL ASSISTANCE GRANTS,304,"DISCRETIONARY, APPROPRIATIONS COMMITTEE",DISCRETIONARY
138,FY-2025,A-0103,L-116050,BASELINE PAY/NON-PAY,13,0.00,0.00,0.00,0.00,0.00,0.00,0.00,0.00,0.00,0.00,0.00,0.00,A-068-0103,STATE AND TRIBAL ASSISTANCE GRANTS,304,"DISCRETIONARY, APPROPRIATIONS COMMITTEE",DISCRETIONARY
139,FY-2025,A-0103,L-116050,BASELINE PAY/NON-PAY,13,0.00,0.00,0.00,0.00,0.00,0.00,0.00,0.00,0.00,0.00,0.00,0.00,A-068-0103,STATE AND TRIBAL ASSISTANCE GRANTS,304,"DISCRETIONARY, APPROPRIATIONS COMMITTEE",DISCRETIONARY
140,FY-2025,A-0103,L-116061,NEW AUTHORITY,13,0.00,0.00,0.00,0.00,0.00,0.00,0.00,0.00,0.00,0.00,0.00,0.00,A-068-0103,STATE AND TRIBAL ASSISTANCE GRANTS,304,"DISCRETIONARY, APPROPRIATIONS COMMITTEE",DISCRETIONARY
141,FY-2025,A-0103,L-116062,BALANCES (EXCL OF EOY PY BAL),13,3000000.00,0.00,0.00,0.00,0.00,0.00,0.00,0.00,0.00,0.00,0.00,0.00,A-068-0103,STATE AND TRIBAL ASSISTANCE GRANTS,304,"DISCRETIONARY, APPROPRIATIONS COMMITTEE",DISCRETIONARY
142,FY-2025,A-0103,L-116063,END OF PY BALANCES,13,0.00,15000000.00,110000000.00,86000000.00,39000000.00,18000000.00,12000000.00,6000000.00,0.00,0.00,0.00,0.00,A-068-0103,STATE AND TRIBAL ASSISTANCE GRANTS,304,"DISCRETIONARY, APPROPRIATIONS COMMITTEE",DISCRETIONARY
143,FY-2025,A-0103,L-116081,NEW AUTHORITY,13,0.00,0.00,0.00,0.00,0.00,0.00,0.00,0.00,0.00,0.00,0.00,0.00,A-068-0103,STATE AND TRIBAL ASSISTANCE GRANTS,304,"DISCRETIONARY, APPROPRIATIONS COMMITTEE",DISCRETIONARY
144,FY-2025,A-0103,L-116082,BALANCES (EXCL OF EOY PY BAL),13,3000000.00,0.00,0.00,0.00,0.00,0.00,0.00,0.00,0.00,0.00,0.00,0.00,A-068-0103,STATE AND TRIBAL ASSISTANCE GRANTS,304,"DISCRETIONARY, APPROPRIATIONS COMMITTEE",DISCRETIONARY
145,FY-2025,A-0103,L-116083,END OF PY BALANCES,13,0.00,15000000.00,110000000.00,86000000.00,39000000.00,18000000.00,12000000.00,6000000.00,0.00,0.00,0.00,0.00,A-068-0103,STATE AND TRIBAL ASSISTANCE GRANTS,304,"DISCRETIONARY, APPROPRIATIONS COMMITTEE",DISCRETIONARY
146,FY-2025,A-0103,L-116040,APPROPRIATION [GOLD KING MINE] **OL RATES**,14,0.00,0.00,0.00,0.00,0.00,0.00,0.00,0.00,0.00,0.00,0.00,0.00,A-068-0103,STATE AND TRIBAL ASSISTANCE GRANTS,304,"DISCRETIONARY, APPROPRIATIONS COMMITTEE",DISCRETIONARY
147,FY-2025,A-0103,L-116050,BASELINE PAY/NON-PAY,14,0.00,0.00,0.00,0.00,0.00,0.00,0.00,0.00,0.00,0.00,0.00,0.00,A-068-0103,STATE AND TRIBAL ASSISTANCE GRANTS,304,"DISCRETIONARY, APPROPRIATIONS COMMITTEE",DISCRETIONARY
148,FY-2025,A-0103,L-116050,BASELINE PAY/NON-PAY,14,0.00,0.00,0.00,0.00,0.00,0.00,0.00,0.00,0.00,0.00,0.00,0.00,A-068-0103,STATE AND TRIBAL ASSISTANCE GRANTS,304,"DISCRETIONARY, APPROPRIATIONS COMMITTEE",DISCRETIONARY
149,FY-2025,A-0103,L-116050,BASELINE PAY/NON-PAY,14,0.00,0.00,0.00,0.00,0.00,0.00,0.00,0.00,0.00,0.00,0.00,0.00,A-068-0103,STATE AND TRIBAL ASSISTANCE GRANTS,304,"DISCRETIONARY, APPROPRIATIONS COMMITTEE",DISCRETIONARY
150,FY-2025,A-0103,L-116061,NEW AUTHORITY,14,0.00,0.00,0.00,0.00,0.00,0.00,0.00,0.00,0.00,0.00,0.00,0.00,A-068-0103,STATE AND TRIBAL ASSISTANCE GRANTS,304,"DISCRETIONARY, APPROPRIATIONS COMMITTEE",DISCRETIONARY
151,FY-2025,A-0103,L-116062,BALANCES (EXCL OF EOY PY BAL),14,3000000.00,0.00,0.00,0.00,0.00,0.00,0.00,0.00,0.00,0.00,0.00,0.00,A-068-0103,STATE AND TRIBAL ASSISTANCE GRANTS,304,"DISCRETIONARY, APPROPRIATIONS COMMITTEE",DISCRETIONARY
152,FY-2025,A-0103,L-116063,END OF PY BALANCES,14,0.00,1000000.00,1000000.00,0.00,0.00,0.00,0.00,0.00,0.00,0.00,0.00,0.00,A-068-0103,STATE AND TRIBAL ASSISTANCE GRANTS,304,"DISCRETIONARY, APPROPRIATIONS COMMITTEE",DISCRETIONARY
153,FY-2025,A-0103,L-116081,NEW AUTHORITY,14,0.00,0.00,0.00,0.00,0.00,0.00,0.00,0.00,0.00,0.00,0.00,0.00,A-068-0103,STATE AND TRIBAL ASSISTANCE GRANTS,304,"DISCRETIONARY, APPROPRIATIONS COMMITTEE",DISCRETIONARY
154,FY-2025,A-0103,L-116082,BALANCES (EXCL OF EOY PY BAL),14,3000000.00,0.00,0.00,0.00,0.00,0.00,0.00,0.00,0.00,0.00,0.00,0.00,A-068-0103,STATE AND TRIBAL ASSISTANCE GRANTS,304,"DISCRETIONARY, APPROPRIATIONS COMMITTEE",DISCRETIONARY
155,FY-2025,A-0103,L-116083,END OF PY BALANCES,14,0.00,1000000.00,1000000.00,0.00,0.00,0.00,0.00,0.00,0.00,0.00,0.00,0.00,A-068-0103,STATE AND TRIBAL ASSISTANCE GRANTS,304,"DISCRETIONARY, APPROPRIATIONS COMMITTEE",DISCRETIONARY
156,FY-2025,A-0103,L-116040,APPROPRIATION [TECHNICAL ASSIST FOR TREATMENT WORKS]**OL RATES**,15,27000000.00,27000000.00,18000000.00,18000000.00,19000000.00,19000000.00,20000000.00,20000000.00,21000000.00,21000000.00,22000000.00,22000000.00,A-068-0103,STATE AND TRIBAL ASSISTANCE GRANTS,304,"DISCRETIONARY, APPROPRIATIONS COMMITTEE",DISCRETIONARY
157,FY-2025,A-0103,L-116050,BASELINE PAY/NON-PAY,15,27000000.00,0.00,0.00,0.00,0.00,0.00,0.00,0.00,0.00,0.00,0.00,0.00,A-068-0103,STATE AND TRIBAL ASSISTANCE GRANTS,304,"DISCRETIONARY, APPROPRIATIONS COMMITTEE",DISCRETIONARY
158,FY-2025,A-0103,L-116050,BASELINE PAY/NON-PAY,15,0.00,0.00,0.00,0.00,0.00,0.00,0.00,0.00,0.00,0.00,0.00,0.00,A-068-0103,STATE AND TRIBAL ASSISTANCE GRANTS,304,"DISCRETIONARY, APPROPRIATIONS COMMITTEE",DISCRETIONARY
159,FY-2025,A-0103,L-116050,BASELINE PAY/NON-PAY,15,0.00,27000000.00,28000000.00,28000000.00,29000000.00,29000000.00,30000000.00,31000000.00,31000000.00,32000000.00,33000000.00,33000000.00,A-068-0103,STATE AND TRIBAL ASSISTANCE GRANTS,304,"DISCRETIONARY, APPROPRIATIONS COMMITTEE",DISCRETIONARY
160,FY-2025,A-0103,L-116061,NEW AUTHORITY,15,0.00,1000000.00,1000000.00,1000000.00,1000000.00,1000000.00,1000000.00,1000000.00,1000000.00,1000000.00,1000000.00,1000000.00,A-068-0103,STATE AND TRIBAL ASSISTANCE GRANTS,304,"DISCRETIONARY, APPROPRIATIONS COMMITTEE",DISCRETIONARY
161,FY-2025,A-0103,L-116062,BALANCES (EXCL OF EOY PY BAL),15,7000000.00,0.00,5000000.00,10000000.00,15000000.00,20000000.00,18000000.00,18000000.00,18000000.00,19000000.00,19000000.00,20000000.00,A-068-0103,STATE AND TRIBAL ASSISTANCE GRANTS,304,"DISCRETIONARY, APPROPRIATIONS COMMITTEE",DISCRETIONARY
162,FY-2025,A-0103,L-116063,END OF PY BALANCES,15,0.00,10000000.00,10000000.00,12000000.00,7000000.00,0.00,0.00,0.00,0.00,0.00,0.00,0.00,A-068-0103,STATE AND TRIBAL ASSISTANCE GRANTS,304,"DISCRETIONARY, APPROPRIATIONS COMMITTEE",DISCRETIONARY
163,FY-2025,A-0103,L-116081,NEW AUTHORITY,15,0.00,1000000.00,1000000.00,1000000.00,1000000.00,1000000.00,2000000.00,2000000.00,2000000.00,2000000.00,2000000.00,2000000.00,A-068-0103,STATE AND TRIBAL ASSISTANCE GRANTS,304,"DISCRETIONARY, APPROPRIATIONS COMMITTEE",DISCRETIONARY
164,FY-2025,A-0103,L-116082,BALANCES (EXCL OF EOY PY BAL),15,7000000.00,0.00,5000000.00,12000000.00,19000000.00,27000000.00,27000000.00,28000000.00,28000000.00,29000000.00,29000000.00,30000000.00,A-068-0103,STATE AND TRIBAL ASSISTANCE GRANTS,304,"DISCRETIONARY, APPROPRIATIONS COMMITTEE",DISCRETIONARY
165,FY-2025,A-0103,L-116083,END OF PY BALANCES,15,0.00,10000000.00,10000000.00,12000000.00,7000000.00,0.00,0.00,0.00,0.00,0.00,0.00,0.00,A-068-0103,STATE AND TRIBAL ASSISTANCE GRANTS,304,"DISCRETIONARY, APPROPRIATIONS COMMITTEE",DISCRETIONARY
166,FY-2025,A-0103,L-116040,APPROPRIATION [SEWER OVERFLOW CONTROL]**OL RATES**,16,50000000.00,50000000.00,50000000.00,51000000.00,52000000.00,54000000.00,55000000.00,56000000.00,57000000.00,59000000.00,60000000.00,61000000.00,A-068-0103,STATE AND TRIBAL ASSISTANCE GRANTS,304,"DISCRETIONARY, APPROPRIATIONS COMMITTEE",DISCRETIONARY
167,FY-2025,A-0103,L-116050,BASELINE PAY/NON-PAY,16,50000000.00,0.00,0.00,0.00,0.00,0.00,0.00,0.00,0.00,0.00,0.00,0.00,A-068-0103,STATE AND TRIBAL ASSISTANCE GRANTS,304,"DISCRETIONARY, APPROPRIATIONS COMMITTEE",DISCRETIONARY
168,FY-2025,A-0103,L-116050,BASELINE PAY/NON-PAY,16,0.00,0.00,0.00,0.00,0.00,0.00,0.00,0.00,0.00,0.00,0.00,0.00,A-068-0103,STATE AND TRIBAL ASSISTANCE GRANTS,304,"DISCRETIONARY, APPROPRIATIONS COMMITTEE",DISCRETIONARY
169,FY-2025,A-0103,L-116050,BASELINE PAY/NON-PAY,16,0.00,50000000.00,51000000.00,52000000.00,53000000.00,54000000.00,56000000.00,57000000.00,58000000.00,59000000.00,60000000.00,62000000.00,A-068-0103,STATE AND TRIBAL ASSISTANCE GRANTS,304,"DISCRETIONARY, APPROPRIATIONS COMMITTEE",DISCRETIONARY
170,FY-2025,A-0103,L-116061,NEW AUTHORITY,16,0.00,2000000.00,2000000.00,3000000.00,3000000.00,3000000.00,3000000.00,3000000.00,3000000.00,3000000.00,3000000.00,3000000.00,A-068-0103,STATE AND TRIBAL ASSISTANCE GRANTS,304,"DISCRETIONARY, APPROPRIATIONS COMMITTEE",DISCRETIONARY
171,FY-2025,A-0103,L-116062,BALANCES (EXCL OF EOY PY BAL),16,1000000.00,0.00,10000000.00,22000000.00,35000000.00,48000000.00,49000000.00,50000000.00,51000000.00,53000000.00,54000000.00,55000000.00,A-068-0103,STATE AND TRIBAL ASSISTANCE GRANTS,304,"DISCRETIONARY, APPROPRIATIONS COMMITTEE",DISCRETIONARY
172,FY-2025,A-0103,L-116063,END OF PY BALANCES,16,0.00,19000000.00,21000000.00,21000000.00,11000000.00,0.00,0.00,0.00,0.00,0.00,0.00,0.00,A-068-0103,STATE AND TRIBAL ASSISTANCE GRANTS,304,"DISCRETIONARY, APPROPRIATIONS COMMITTEE",DISCRETIONARY
173,FY-2025,A-0103,L-116081,NEW AUTHORITY,16,0.00,2000000.00,3000000.00,3000000.00,3000000.00,3000000.00,3000000.00,3000000.00,3000000.00,3000000.00,3000000.00,3000000.00,A-068-0103,STATE AND TRIBAL ASSISTANCE GRANTS,304,"DISCRETIONARY, APPROPRIATIONS COMMITTEE",DISCRETIONARY
174,FY-2025,A-0103,L-116082,BALANCES (EXCL OF EOY PY BAL),16,1000000.00,0.00,10000000.00,23000000.00,36000000.00,49000000.00,50000000.00,51000000.00,52000000.00,53000000.00,55000000.00,56000000.00,A-068-0103,STATE AND TRIBAL ASSISTANCE GRANTS,304,"DISCRETIONARY, APPROPRIATIONS COMMITTEE",DISCRETIONARY
175,FY-2025,A-0103,L-116083,END OF PY BALANCES,16,0.00,19000000.00,21000000.00,21000000.00,11000000.00,0.00,0.00,0.00,0.00,0.00,0.00,0.00,A-068-0103,STATE AND TRIBAL ASSISTANCE GRANTS,304,"DISCRETIONARY, APPROPRIATIONS COMMITTEE",DISCRETIONARY
176,FY-2025,A-0103,L-116040,APPROPRIATION [DW INFRASTRUCTURE RESILIENCE SUSTAIN]**OL RATES**,17,7000000.00,7000000.00,25000000.00,26000000.00,26000000.00,27000000.00,27000000.00,28000000.00,29000000.00,29000000.00,30000000.00,31000000.00,A-068-0103,STATE AND TRIBAL ASSISTANCE GRANTS,304,"DISCRETIONARY, APPROPRIATIONS COMMITTEE",DISCRETIONARY
177,FY-2025,A-0103,L-116050,BASELINE PAY/NON-PAY,17,7000000.00,0.00,0.00,0.00,0.00,0.00,0.00,0.00,0.00,0.00,0.00,0.00,A-068-0103,STATE AND TRIBAL ASSISTANCE GRANTS,304,"DISCRETIONARY, APPROPRIATIONS COMMITTEE",DISCRETIONARY
178,FY-2025,A-0103,L-116050,BASELINE PAY/NON-PAY,17,0.00,0.00,0.00,0.00,0.00,0.00,0.00,0.00,0.00,0.00,0.00,0.00,A-068-0103,STATE AND TRIBAL ASSISTANCE GRANTS,304,"DISCRETIONARY, APPROPRIATIONS COMMITTEE",DISCRETIONARY
179,FY-2025,A-0103,L-116050,BASELINE PAY/NON-PAY,17,0.00,7000000.00,7000000.00,7000000.00,7000000.00,8000000.00,8000000.00,8000000.00,8000000.00,8000000.00,8000000.00,9000000.00,A-068-0103,STATE AND TRIBAL ASSISTANCE GRANTS,304,"DISCRETIONARY, APPROPRIATIONS COMMITTEE",DISCRETIONARY
180,FY-2025,A-0103,L-116061,NEW AUTHORITY,17,0.00,0.00,1000000.00,1000000.00,1000000.00,1000000.00,1000000.00,1000000.00,1000000.00,1000000.00,2000000.00,2000000.00,A-068-0103,STATE AND TRIBAL ASSISTANCE GRANTS,304,"DISCRETIONARY, APPROPRIATIONS COMMITTEE",DISCRETIONARY
181,FY-2025,A-0103,L-116062,BALANCES (EXCL OF EOY PY BAL),17,0.00,0.00,1000000.00,7000000.00,13000000.00,20000000.00,25000000.00,25000000.00,26000000.00,26000000.00,27000000.00,28000000.00,A-068-0103,STATE AND TRIBAL ASSISTANCE GRANTS,304,"DISCRETIONARY, APPROPRIATIONS COMMITTEE",DISCRETIONARY
182,FY-2025,A-0103,L-116063,END OF PY BALANCES,17,0.00,3000000.00,4000000.00,3000000.00,2000000.00,0.00,0.00,0.00,0.00,0.00,0.00,0.00,A-068-0103,STATE AND TRIBAL ASSISTANCE GRANTS,304,"DISCRETIONARY, APPROPRIATIONS COMMITTEE",DISCRETIONARY
183,FY-2025,A-0103,L-116081,NEW AUTHORITY,17,0.00,0.00,0.00,0.00,0.00,0.00,0.00,0.00,0.00,0.00,0.00,0.00,A-068-0103,STATE AND TRIBAL ASSISTANCE GRANTS,304,"DISCRETIONARY, APPROPRIATIONS COMMITTEE",DISCRETIONARY
184,FY-2025,A-0103,L-116082,BALANCES (EXCL OF EOY PY BAL),17,0.00,0.00,1000000.00,3000000.00,5000000.00,7000000.00,7000000.00,7000000.00,7000000.00,8000000.00,8000000.00,8000000.00,A-068-0103,STATE AND TRIBAL ASSISTANCE GRANTS,304,"DISCRETIONARY, APPROPRIATIONS COMMITTEE",DISCRETIONARY
185,FY-2025,A-0103,L-116083,END OF PY BALANCES,17,0.00,3000000.00,4000000.00,3000000.00,2000000.00,0.00,0.00,0.00,0.00,0.00,0.00,0.00,A-068-0103,STATE AND TRIBAL ASSISTANCE GRANTS,304,"DISCRETIONARY, APPROPRIATIONS COMMITTEE",DISCRETIONARY
186,FY-2025,A-0103,L-116040,APPROPRIATION [WATER INFRASTRUCTURE AND WORKFORCE INVEST],18,6000000.00,6000000.00,6000000.00,6000000.00,6000000.00,6000000.00,7000000.00,7000000.00,7000000.00,7000000.00,7000000.00,7000000.00,A-068-0103,STATE AND TRIBAL ASSISTANCE GRANTS,304,"DISCRETIONARY, APPROPRIATIONS COMMITTEE",DISCRETIONARY
187,FY-2025,A-0103,L-116050,BASELINE PAY/NON-PAY,18,6000000.00,0.00,0.00,0.00,0.00,0.00,0.00,0.00,0.00,0.00,0.00,0.00,A-068-0103,STATE AND TRIBAL ASSISTANCE GRANTS,304,"DISCRETIONARY, APPROPRIATIONS COMMITTEE",DISCRETIONARY
188,FY-2025,A-0103,L-116050,BASELINE PAY/NON-PAY,18,0.00,0.00,0.00,0.00,0.00,0.00,0.00,0.00,0.00,0.00,0.00,0.00,A-068-0103,STATE AND TRIBAL ASSISTANCE GRANTS,304,"DISCRETIONARY, APPROPRIATIONS COMMITTEE",DISCRETIONARY
189,FY-2025,A-0103,L-116050,BASELINE PAY/NON-PAY,18,0.00,6000000.00,6000000.00,6000000.00,6000000.00,7000000.00,7000000.00,7000000.00,7000000.00,7000000.00,7000000.00,7000000.00,A-068-0103,STATE AND TRIBAL ASSISTANCE GRANTS,304,"DISCRETIONARY, APPROPRIATIONS COMMITTEE",DISCRETIONARY
190,FY-2025,A-0103,L-116061,NEW AUTHORITY,18,0.00,0.00,0.00,0.00,0.00,0.00,0.00,0.00,0.00,0.00,0.00,0.00,A-068-0103,STATE AND TRIBAL ASSISTANCE GRANTS,304,"DISCRETIONARY, APPROPRIATIONS COMMITTEE",DISCRETIONARY
191,FY-2025,A-0103,L-116062,BALANCES (EXCL OF EOY PY BAL),18,1000000.00,0.00,1000000.00,3000000.00,4000000.00,6000000.00,6000000.00,6000000.00,6000000.00,6000000.00,7000000.00,7000000.00,A-068-0103,STATE AND TRIBAL ASSISTANCE GRANTS,304,"DISCRETIONARY, APPROPRIATIONS COMMITTEE",DISCRETIONARY
192,FY-2025,A-0103,L-116063,END OF PY BALANCES,18,0.00,2000000.00,4000000.00,3000000.00,2000000.00,0.00,0.00,0.00,0.00,0.00,0.00,0.00,A-068-0103,STATE AND TRIBAL ASSISTANCE GRANTS,304,"DISCRETIONARY, APPROPRIATIONS COMMITTEE",DISCRETIONARY
193,FY-2025,A-0103,L-116081,NEW AUTHORITY,18,0.00,0.00,0.00,0.00,0.00,0.00,0.00,0.00,0.00,0.00,0.00,0.00,A-068-0103,STATE AND TRIBAL ASSISTANCE GRANTS,304,"DISCRETIONARY, APPROPRIATIONS COMMITTEE",DISCRETIONARY
194,FY-2025,A-0103,L-116082,BALANCES (EXCL OF EOY PY BAL),18,1000000.00,0.00,1000000.00,3000000.00,4000000.00,6000000.00,6000000.00,6000000.00,6000000.00,7000000.00,7000000.00,7000000.00,A-068-0103,STATE AND TRIBAL ASSISTANCE GRANTS,304,"DISCRETIONARY, APPROPRIATIONS COMMITTEE",DISCRETIONARY
195,FY-2025,A-0103,L-116083,END OF PY BALANCES,18,0.00,2000000.00,4000000.00,3000000.00,2000000.00,0.00,0.00,0.00,0.00,0.00,0.00,0.00,A-068-0103,STATE AND TRIBAL ASSISTANCE GRANTS,304,"DISCRETIONARY, APPROPRIATIONS COMMITTEE",DISCRETIONARY
196,FY-2025,A-0103,L-116040,"APPROPRIATION [DWWIA MID/LARGE DW, INDIAN RES DW, STORMWATER INFRAS TECH, ENHANCE AQUIFER]",19,16000000.00,16000000.00,20000000.00,20000000.00,21000000.00,21000000.00,22000000.00,22000000.00,23000000.00,23000000.00,24000000.00,25000000.00,A-068-0103,STATE AND TRIBAL ASSISTANCE GRANTS,304,"DISCRETIONARY, APPROPRIATIONS COMMITTEE",DISCRETIONARY
197,FY-2025,A-0103,L-116050,BASELINE PAY/NON-PAY,19,16000000.00,0.00,0.00,0.00,0.00,0.00,0.00,0.00,0.00,0.00,0.00,0.00,A-068-0103,STATE AND TRIBAL ASSISTANCE GRANTS,304,"DISCRETIONARY, APPROPRIATIONS COMMITTEE",DISCRETIONARY
198,FY-2025,A-0103,L-116050,BASELINE PAY/NON-PAY,19,0.00,16000000.00,16000000.00,17000000.00,17000000.00,17000000.00,18000000.00,18000000.00,19000000.00,19000000.00,19000000.00,20000000.00,A-068-0103,STATE AND TRIBAL ASSISTANCE GRANTS,304,"DISCRETIONARY, APPROPRIATIONS COMMITTEE",DISCRETIONARY
199,FY-2025,A-0103,L-116061,NEW AUTHORITY,19,0.00,1000000.00,1000000.00,1000000.00,1000000.00,1000000.00,1000000.00,1000000.00,1000000.00,1000000.00,1000000.00,1000000.00,A-068-0103,STATE AND TRIBAL ASSISTANCE GRANTS,304,"DISCRETIONARY, APPROPRIATIONS COMMITTEE",DISCRETIONARY
200,FY-2025,A-0103,L-116062,BALANCES (EXCL OF EOY PY BAL),19,0.00,0.00,3000000.00,8000000.00,13000000.00,18000000.00,19000000.00,20000000.00,20000000.00,21000000.00,21000000.00,22000000.00,A-068-0103,STATE AND TRIBAL ASSISTANCE GRANTS,304,"DISCRETIONARY, APPROPRIATIONS COMMITTEE",DISCRETIONARY
201,FY-2025,A-0103,L-116063,END OF PY BALANCES,19,0.00,3000000.00,4000000.00,4000000.00,4000000.00,0.00,0.00,0.00,0.00,0.00,0.00,0.00,A-068-0103,STATE AND TRIBAL ASSISTANCE GRANTS,304,"DISCRETIONARY, APPROPRIATIONS COMMITTEE",DISCRETIONARY
202,FY-2025,A-0103,L-116081,NEW AUTHORITY,19,0.00,1000000.00,1000000.00,1000000.00,1000000.00,1000000.00,1000000.00,1000000.00,1000000.00,1000000.00,1000000.00,1000000.00,A-068-0103,STATE AND TRIBAL ASSISTANCE GRANTS,304,"DISCRETIONARY, APPROPRIATIONS COMMITTEE",DISCRETIONARY
203,FY-2025,A-0103,L-116082,BALANCES (EXCL OF EOY PY BAL),19,0.00,0.00,3000000.00,7000000.00,11000000.00,16000000.00,16000000.00,16000000.00,17000000.00,17000000.00,18000000.00,18000000.00,A-068-0103,STATE AND TRIBAL ASSISTANCE GRANTS,304,"DISCRETIONARY, APPROPRIATIONS COMMITTEE",DISCRETIONARY
204,FY-2025,A-0103,L-116083,END OF PY BALANCES,19,0.00,3000000.00,4000000.00,4000000.00,4000000.00,0.00,0.00,0.00,0.00,0.00,0.00,0.00,A-068-0103,STATE AND TRIBAL ASSISTANCE GRANTS,304,"DISCRETIONARY, APPROPRIATIONS COMMITTEE",DISCRETIONARY
205,FY-2025,A-0103,L-116040,APPROPRIATION [NEW: WATER CYBR SEC; TA & GRANTS FOR EMER; SMALL & MED PUB OWN TREAT; GRANTS FOR LOW & MOD INCOME; CONN TO PUB OWNED TREAT; ALT WATER SOURCES GRANTS],20,0.00,0.00,43000000.00,44000000.00,45000000.00,46000000.00,47000000.00,48000000.00,49000000.00,50000000.00,52000000.00,53000000.00,A-068-0103,STATE AND TRIBAL ASSISTANCE GRANTS,304,"DISCRETIONARY, APPROPRIATIONS COMMITTEE",DISCRETIONARY
206,FY-2025,A-0103,L-116050,BASELINE PAY/NON-PAY,20,0.00,0.00,0.00,0.00,0.00,0.00,0.00,0.00,0.00,0.00,0.00,0.00,A-068-0103,STATE AND TRIBAL ASSISTANCE GRANTS,304,"DISCRETIONARY, APPROPRIATIONS COMMITTEE",DISCRETIONARY
207,FY-2025,A-0103,L-116050,BASELINE PAY/NON-PAY,20,0.00,0.00,0.00,0.00,0.00,0.00,0.00,0.00,0.00,0.00,0.00,0.00,A-068-0103,STATE AND TRIBAL ASSISTANCE GRANTS,304,"DISCRETIONARY, APPROPRIATIONS COMMITTEE",DISCRETIONARY
208,FY-2025,A-0103,L-116050,BASELINE PAY/NON-PAY,20,0.00,0.00,0.00,0.00,0.00,0.00,0.00,0.00,0.00,0.00,0.00,0.00,A-068-0103,STATE AND TRIBAL ASSISTANCE GRANTS,304,"DISCRETIONARY, APPROPRIATIONS COMMITTEE",DISCRETIONARY
209,FY-2025,A-0103,L-116061,NEW AUTHORITY,20,0.00,0.00,2000000.00,2000000.00,2000000.00,2000000.00,2000000.00,2000000.00,2000000.00,2000000.00,3000000.00,3000000.00,A-068-0103,STATE AND TRIBAL ASSISTANCE GRANTS,304,"DISCRETIONARY, APPROPRIATIONS COMMITTEE",DISCRETIONARY
210,FY-2025,A-0103,L-116062,BALANCES (EXCL OF EOY PY BAL),20,0.00,0.00,0.00,9000000.00,20000000.00,31000000.00,42000000.00,43000000.00,44000000.00,45000000.00,46000000.00,47000000.00,A-068-0103,STATE AND TRIBAL ASSISTANCE GRANTS,304,"DISCRETIONARY, APPROPRIATIONS COMMITTEE",DISCRETIONARY
211,FY-2025,A-0103,L-116063,END OF PY BALANCES,20,0.00,0.00,0.00,0.00,0.00,0.00,0.00,0.00,0.00,0.00,0.00,0.00,A-068-0103,STATE AND TRIBAL ASSISTANCE GRANTS,304,"DISCRETIONARY, APPROPRIATIONS COMMITTEE",DISCRETIONARY
212,FY-2025,A-0103,L-116081,NEW AUTHORITY,20,0.00,0.00,0.00,0.00,0.00,0.00,0.00,0.00,0.00,0.00,0.00,0.00,A-068-0103,STATE AND TRIBAL ASSISTANCE GRANTS,304,"DISCRETIONARY, APPROPRIATIONS COMMITTEE",DISCRETIONARY
213,FY-2025,A-0103,L-116082,BALANCES (EXCL OF EOY PY BAL),20,0.00,0.00,0.00,0.00,0.00,0.00,0.00,0.00,0.00,0.00,0.00,0.00,A-068-0103,STATE AND TRIBAL ASSISTANCE GRANTS,304,"DISCRETIONARY, APPROPRIATIONS COMMITTEE",DISCRETIONARY
214,FY-2025,A-0103,L-116083,END OF PY BALANCES,20,0.00,0.00,0.00,0.00,0.00,0.00,0.00,0.00,0.00,0.00,0.00,0.00,A-068-0103,STATE AND TRIBAL ASSISTANCE GRANTS,304,"DISCRETIONARY, APPROPRIATIONS COMMITTEE",DISCRETIONARY
215,FY-2025,A-0103,L-116040,APPROPRIATION [IIJA P.L 117-58],21,0.00,0.00,0.00,0.00,0.00,0.00,0.00,0.00,0.00,0.00,0.00,0.00,A-068-0103,STATE AND TRIBAL ASSISTANCE GRANTS,304,"DISCRETIONARY, APPROPRIATIONS COMMITTEE",DISCRETIONARY
216,FY-2025,A-0103,L-116050,BASELINE PAY/NON-PAY,21,0.00,0.00,0.00,0.00,0.00,0.00,0.00,0.00,0.00,0.00,0.00,0.00,A-068-0103,STATE AND TRIBAL ASSISTANCE GRANTS,304,"DISCRETIONARY, APPROPRIATIONS COMMITTEE",DISCRETIONARY
217,FY-2025,A-0103,L-116050,BASELINE PAY/NON-PAY,21,0.00,0.00,0.00,0.00,0.00,0.00,0.00,0.00,0.00,0.00,0.00,0.00,A-068-0103,STATE AND TRIBAL ASSISTANCE GRANTS,304,"DISCRETIONARY, APPROPRIATIONS COMMITTEE",DISCRETIONARY
218,FY-2025,A-0103,L-116050,BASELINE PAY/NON-PAY,21,0.00,0.00,0.00,0.00,0.00,0.00,0.00,0.00,0.00,0.00,0.00,0.00,A-068-0103,STATE AND TRIBAL ASSISTANCE GRANTS,304,"DISCRETIONARY, APPROPRIATIONS COMMITTEE",DISCRETIONARY
219,FY-2025,A-0103,L-116061,NEW AUTHORITY,21,0.00,0.00,0.00,0.00,0.00,0.00,0.00,0.00,0.00,0.00,0.00,0.00,A-068-0103,STATE AND TRIBAL ASSISTANCE GRANTS,304,"DISCRETIONARY, APPROPRIATIONS COMMITTEE",DISCRETIONARY
220,FY-2025,A-0103,L-116062,BALANCES (EXCL OF EOY PY BAL),21,0.00,0.00,0.00,0.00,0.00,0.00,0.00,0.00,0.00,0.00,0.00,0.00,A-068-0103,STATE AND TRIBAL ASSISTANCE GRANTS,304,"DISCRETIONARY, APPROPRIATIONS COMMITTEE",DISCRETIONARY
221,FY-2025,A-0103,L-116063,END OF PY BALANCES,21,0.00,0.00,0.00,0.00,0.00,0.00,0.00,0.00,0.00,0.00,0.00,0.00,A-068-0103,STATE AND TRIBAL ASSISTANCE GRANTS,304,"DISCRETIONARY, APPROPRIATIONS COMMITTEE",DISCRETIONARY
222,FY-2025,A-0103,L-116081,NEW AUTHORITY,21,0.00,0.00,0.00,0.00,0.00,0.00,0.00,0.00,0.00,0.00,0.00,0.00,A-068-0103,STATE AND TRIBAL ASSISTANCE GRANTS,304,"DISCRETIONARY, APPROPRIATIONS COMMITTEE",DISCRETIONARY
223,FY-2025,A-0103,L-116082,BALANCES (EXCL OF EOY PY BAL),21,0.00,0.00,0.00,0.00,0.00,0.00,0.00,0.00,0.00,0.00,0.00,0.00,A-068-0103,STATE AND TRIBAL ASSISTANCE GRANTS,304,"DISCRETIONARY, APPROPRIATIONS COMMITTEE",DISCRETIONARY
224,FY-2025,A-0103,L-116083,END OF PY BALANCES,21,0.00,0.00,0.00,0.00,0.00,0.00,0.00,0.00,0.00,0.00,0.00,0.00,A-068-0103,STATE AND TRIBAL ASSISTANCE GRANTS,304,"DISCRETIONARY, APPROPRIATIONS COMMITTEE",DISCRETIONARY
225,FY-2025,A-0103,L-116040,APPROPRIATION [CANCELLATION],22,-13000000.00,-2000000.00,0.00,0.00,0.00,0.00,0.00,0.00,0.00,0.00,0.00,0.00,A-068-0103,STATE AND TRIBAL ASSISTANCE GRANTS,304,"DISCRETIONARY, APPROPRIATIONS COMMITTEE",DISCRETIONARY
226,FY-2025,A-0103,L-116050,BASELINE PAY/NON-PAY,22,-13000000.00,0.00,0.00,0.00,0.00,0.00,0.00,0.00,0.00,0.00,0.00,0.00,A-068-0103,STATE AND TRIBAL ASSISTANCE GRANTS,304,"DISCRETIONARY, APPROPRIATIONS COMMITTEE",DISCRETIONARY
227,FY-2025,A-0103,L-116050,BASELINE PAY/NON-PAY,22,0.00,0.00,0.00,0.00,0.00,0.00,0.00,0.00,0.00,0.00,0.00,0.00,A-068-0103,STATE AND TRIBAL ASSISTANCE GRANTS,304,"DISCRETIONARY, APPROPRIATIONS COMMITTEE",DISCRETIONARY
228,FY-2025,A-0103,L-116050,BASELINE PAY/NON-PAY,22,0.00,-2000000.00,-2000000.00,-2000000.00,-2000000.00,-2000000.00,-2000000.00,-2000000.00,-2000000.00,-2000000.00,-2000000.00,-2000000.00,A-068-0103,STATE AND TRIBAL ASSISTANCE GRANTS,304,"DISCRETIONARY, APPROPRIATIONS COMMITTEE",DISCRETIONARY
229,FY-2025,A-0103,L-116061,NEW AUTHORITY,22,0.00,-1000000.00,0.00,0.00,0.00,0.00,0.00,0.00,0.00,0.00,0.00,0.00,A-068-0103,STATE AND TRIBAL ASSISTANCE GRANTS,304,"DISCRETIONARY, APPROPRIATIONS COMMITTEE",DISCRETIONARY
230,FY-2025,A-0103,L-116062,BALANCES (EXCL OF EOY PY BAL),22,0.00,0.00,-1000000.00,0.00,0.00,0.00,0.00,0.00,0.00,0.00,0.00,0.00,A-068-0103,STATE AND TRIBAL ASSISTANCE GRANTS,304,"DISCRETIONARY, APPROPRIATIONS COMMITTEE",DISCRETIONARY
231,FY-2025,A-0103,L-116063,END OF PY BALANCES,22,0.00,0.00,0.00,0.00,0.00,0.00,0.00,0.00,0.00,0.00,0.00,0.00,A-068-0103,STATE AND TRIBAL ASSISTANCE GRANTS,304,"DISCRETIONARY, APPROPRIATIONS COMMITTEE",DISCRETIONARY
232,FY-2025,A-0103,L-116081,NEW AUTHORITY,22,0.00,-1000000.00,-1000000.00,-1000000.00,-1000000.00,-1000000.00,-1000000.00,-1000000.00,-1000000.00,-1000000.00,-1000000.00,-1000000.00,A-068-0103,STATE AND TRIBAL ASSISTANCE GRANTS,304,"DISCRETIONARY, APPROPRIATIONS COMMITTEE",DISCRETIONARY
233,FY-2025,A-0103,L-116082,BALANCES (EXCL OF EOY PY BAL),22,0.00,0.00,-1000000.00,-1000000.00,-1000000.00,-1000000.00,-1000000.00,-1000000.00,-1000000.00,-1000000.00,-1000000.00,-1000000.00,A-068-0103,STATE AND TRIBAL ASSISTANCE GRANTS,304,"DISCRETIONARY, APPROPRIATIONS COMMITTEE",DISCRETIONARY
234,FY-2025,A-0103,L-116083,END OF PY BALANCES,22,0.00,0.00,0.00,0.00,0.00,0.00,0.00,0.00,0.00,0.00,0.00,0.00,A-068-0103,STATE AND TRIBAL ASSISTANCE GRANTS,304,"DISCRETIONARY, APPROPRIATIONS COMMITTEE",DISCRETIONARY
235,FY-2025,A-0103,L-116040,APPROPRIATION [EMERGENCY FIONA IAN JACKSON],23,1667000000.00,0.00,0.00,0.00,0.00,0.00,0.00,0.00,0.00,0.00,0.00,0.00,A-068-0103,STATE AND TRIBAL ASSISTANCE GRANTS,304,"DISCRETIONARY, APPROPRIATIONS COMMITTEE",DISCRETIONARY
236,FY-2025,A-0103,L-116050,BASELINE PAY/NON-PAY,23,1667000000.00,0.00,0.00,0.00,0.00,0.00,0.00,0.00,0.00,0.00,0.00,0.00,A-068-0103,STATE AND TRIBAL ASSISTANCE GRANTS,304,"DISCRETIONARY, APPROPRIATIONS COMMITTEE",DISCRETIONARY
237,FY-2025,A-0103,L-116050,BASELINE PAY/NON-PAY,23,0.00,0.00,0.00,0.00,0.00,0.00,0.00,0.00,0.00,0.00,0.00,0.00,A-068-0103,STATE AND TRIBAL ASSISTANCE GRANTS,304,"DISCRETIONARY, APPROPRIATIONS COMMITTEE",DISCRETIONARY
238,FY-2025,A-0103,L-116050,BASELINE PAY/NON-PAY,23,0.00,0.00,0.00,0.00,0.00,0.00,0.00,0.00,0.00,0.00,0.00,0.00,A-068-0103,STATE AND TRIBAL ASSISTANCE GRANTS,304,"DISCRETIONARY, APPROPRIATIONS COMMITTEE",DISCRETIONARY
239,FY-2025,A-0103,L-116061,NEW AUTHORITY,23,31000000.00,0.00,0.00,0.00,0.00,0.00,0.00,0.00,0.00,0.00,0.00,0.00,A-068-0103,STATE AND TRIBAL ASSISTANCE GRANTS,304,"DISCRETIONARY, APPROPRIATIONS COMMITTEE",DISCRETIONARY
240,FY-2025,A-0103,L-116062,BALANCES (EXCL OF EOY PY BAL),23,0.00,0.00,0.00,0.00,0.00,0.00,0.00,0.00,0.00,0.00,0.00,0.00,A-068-0103,STATE AND TRIBAL ASSISTANCE GRANTS,304,"DISCRETIONARY, APPROPRIATIONS COMMITTEE",DISCRETIONARY
241,FY-2025,A-0103,L-116063,END OF PY BALANCES,23,0.00,29000000.00,29000000.00,167000000.00,167000000.00,167000000.00,167000000.00,167000000.00,167000000.00,167000000.00,0.00,0.00,A-068-0103,STATE AND TRIBAL ASSISTANCE GRANTS,304,"DISCRETIONARY, APPROPRIATIONS COMMITTEE",DISCRETIONARY
242,FY-2025,A-0103,L-116081,NEW AUTHORITY,23,31000000.00,0.00,0.00,0.00,0.00,0.00,0.00,0.00,0.00,0.00,0.00,0.00,A-068-0103,STATE AND TRIBAL ASSISTANCE GRANTS,304,"DISCRETIONARY, APPROPRIATIONS COMMITTEE",DISCRETIONARY
243,FY-2025,A-0103,L-116082,BALANCES (EXCL OF EOY PY BAL),23,0.00,0.00,0.00,0.00,0.00,0.00,0.00,0.00,0.00,0.00,0.00,0.00,A-068-0103,STATE AND TRIBAL ASSISTANCE GRANTS,304,"DISCRETIONARY, APPROPRIATIONS COMMITTEE",DISCRETIONARY
244,FY-2025,A-0103,L-116083,END OF PY BALANCES,23,0.00,29000000.00,29000000.00,167000000.00,167000000.00,167000000.00,167000000.00,167000000.00,167000000.00,167000000.00,0.00,0.00,A-068-0103,STATE AND TRIBAL ASSISTANCE GRANTS,304,"DISCRETIONARY, APPROPRIATIONS COMMITTEE",DISCRETIONARY
245,FY-2025,A-0103,L-116040,APPROPRIATION [CLEAN WATER INFRAS RESILIENCY AND SUSTAIN],24,0.00,0.00,25000000.00,26000000.00,26000000.00,27000000.00,27000000.00,28000000.00,29000000.00,29000000.00,30000000.00,31000000.00,A-068-0103,STATE AND TRIBAL ASSISTANCE GRANTS,304,"DISCRETIONARY, APPROPRIATIONS COMMITTEE",DISCRETIONARY
246,FY-2025,A-0103,L-116050,BASELINE PAY/NON-PAY,24,0.00,0.00,0.00,0.00,0.00,0.00,0.00,0.00,0.00,0.00,0.00,0.00,A-068-0103,STATE AND TRIBAL ASSISTANCE GRANTS,304,"DISCRETIONARY, APPROPRIATIONS COMMITTEE",DISCRETIONARY
247,FY-2025,A-0103,L-116050,BASELINE PAY/NON-PAY,24,0.00,0.00,0.00,0.00,0.00,0.00,0.00,0.00,0.00,0.00,0.00,0.00,A-068-0103,STATE AND TRIBAL ASSISTANCE GRANTS,304,"DISCRETIONARY, APPROPRIATIONS COMMITTEE",DISCRETIONARY
248,FY-2025,A-0103,L-116050,BASELINE PAY/NON-PAY,24,0.00,0.00,0.00,0.00,0.00,0.00,0.00,0.00,0.00,0.00,0.00,0.00,A-068-0103,STATE AND TRIBAL ASSISTANCE GRANTS,304,"DISCRETIONARY, APPROPRIATIONS COMMITTEE",DISCRETIONARY
249,FY-2025,A-0103,L-116061,NEW AUTHORITY,24,0.00,0.00,1000000.00,1000000.00,1000000.00,1000000.00,1000000.00,1000000.00,1000000.00,1000000.00,2000000.00,2000000.00,A-068-0103,STATE AND TRIBAL ASSISTANCE GRANTS,304,"DISCRETIONARY, APPROPRIATIONS COMMITTEE",DISCRETIONARY
250,FY-2025,A-0103,L-116062,BALANCES (EXCL OF EOY PY BAL),24,0.00,0.00,0.00,5000000.00,11000000.00,18000000.00,25000000.00,25000000.00,26000000.00,26000000.00,27000000.00,28000000.00,A-068-0103,STATE AND TRIBAL ASSISTANCE GRANTS,304,"DISCRETIONARY, APPROPRIATIONS COMMITTEE",DISCRETIONARY
251,FY-2025,A-0103,L-116063,END OF PY BALANCES,24,0.00,0.00,0.00,0.00,0.00,0.00,0.00,0.00,0.00,0.00,0.00,0.00,A-068-0103,STATE AND TRIBAL ASSISTANCE GRANTS,304,"DISCRETIONARY, APPROPRIATIONS COMMITTEE",DISCRETIONARY
252,FY-2025,A-0103,L-116081,NEW AUTHORITY,24,0.00,0.00,0.00,0.00,0.00,0.00,0.00,0.00,0.00,0.00,0.00,0.00,A-068-0103,STATE AND TRIBAL ASSISTANCE GRANTS,304,"DISCRETIONARY, APPROPRIATIONS COMMITTEE",DISCRETIONARY
253,FY-2025,A-0103,L-116082,BALANCES (EXCL OF EOY PY BAL),24,0.00,0.00,0.00,0.00,0.00,0.00,0.00,0.00,0.00,0.00,0.00,0.00,A-068-0103,STATE AND TRIBAL ASSISTANCE GRANTS,304,"DISCRETIONARY, APPROPRIATIONS COMMITTEE",DISCRETIONARY
254,FY-2025,A-0103,L-116083,END OF PY BALANCES,24,0.00,0.00,0.00,0.00,0.00,0.00,0.00,0.00,0.00,0.00,0.00,0.00,A-068-0103,STATE AND TRIBAL ASSISTANCE GRANTS,304,"DISCRETIONARY, APPROPRIATIONS COMMITTEE",DISCRETIONARY
255,FY-2025,A-0103,L-116040,APPROPRIATION [RECYCLING],25,0.00,7000000.00,10000000.00,10000000.00,10000000.00,11000000.00,11000000.00,11000000.00,11000000.00,12000000.00,12000000.00,12000000.00,A-068-0103,STATE AND TRIBAL ASSISTANCE GRANTS,304,"DISCRETIONARY, APPROPRIATIONS COMMITTEE",DISCRETIONARY
256,FY-2025,A-0103,L-116050,BASELINE PAY/NON-PAY,25,0.00,0.00,0.00,0.00,0.00,0.00,0.00,0.00,0.00,0.00,0.00,0.00,A-068-0103,STATE AND TRIBAL ASSISTANCE GRANTS,304,"DISCRETIONARY, APPROPRIATIONS COMMITTEE",DISCRETIONARY
257,FY-2025,A-0103,L-116050,BASELINE PAY/NON-PAY,25,0.00,0.00,0.00,0.00,0.00,0.00,0.00,0.00,0.00,0.00,0.00,0.00,A-068-0103,STATE AND TRIBAL ASSISTANCE GRANTS,304,"DISCRETIONARY, APPROPRIATIONS COMMITTEE",DISCRETIONARY
258,FY-2025,A-0103,L-116050,BASELINE PAY/NON-PAY,25,0.00,7000000.00,7000000.00,7000000.00,7000000.00,8000000.00,8000000.00,8000000.00,8000000.00,8000000.00,8000000.00,9000000.00,A-068-0103,STATE AND TRIBAL ASSISTANCE GRANTS,304,"DISCRETIONARY, APPROPRIATIONS COMMITTEE",DISCRETIONARY
259,FY-2025,A-0103,L-116061,NEW AUTHORITY,25,0.00,0.00,0.00,0.00,0.00,1000000.00,1000000.00,1000000.00,1000000.00,1000000.00,1000000.00,1000000.00,A-068-0103,STATE AND TRIBAL ASSISTANCE GRANTS,304,"DISCRETIONARY, APPROPRIATIONS COMMITTEE",DISCRETIONARY
260,FY-2025,A-0103,L-116062,BALANCES (EXCL OF EOY PY BAL),25,0.00,0.00,1000000.00,4000000.00,6000000.00,9000000.00,10000000.00,10000000.00,10000000.00,10000000.00,11000000.00,11000000.00,A-068-0103,STATE AND TRIBAL ASSISTANCE GRANTS,304,"DISCRETIONARY, APPROPRIATIONS COMMITTEE",DISCRETIONARY
261,FY-2025,A-0103,L-116063,END OF PY BALANCES,25,0.00,0.00,0.00,0.00,0.00,0.00,0.00,0.00,0.00,0.00,0.00,0.00,A-068-0103,STATE AND TRIBAL ASSISTANCE GRANTS,304,"DISCRETIONARY, APPROPRIATIONS COMMITTEE",DISCRETIONARY
262,FY-2025,A-0103,L-116081,NEW AUTHORITY,25,0.00,0.00,0.00,0.00,0.00,0.00,0.00,0.00,0.00,0.00,0.00,0.00,A-068-0103,STATE AND TRIBAL ASSISTANCE GRANTS,304,"DISCRETIONARY, APPROPRIATIONS COMMITTEE",DISCRETIONARY
263,FY-2025,A-0103,L-116082,BALANCES (EXCL OF EOY PY BAL),25,0.00,0.00,1000000.00,3000000.00,5000000.00,7000000.00,7000000.00,7000000.00,7000000.00,8000000.00,8000000.00,8000000.00,A-068-0103,STATE AND TRIBAL ASSISTANCE GRANTS,304,"DISCRETIONARY, APPROPRIATIONS COMMITTEE",DISCRETIONARY
264,FY-2025,A-0103,L-116083,END OF PY BALANCES,25,0.00,0.00,0.00,0.00,0.00,0.00,0.00,0.00,0.00,0.00,0.00,0.00,A-068-0103,STATE AND TRIBAL ASSISTANCE GRANTS,304,"DISCRETIONARY, APPROPRIATIONS COMMITTEE",DISCRETIONARY
265,FY-2025,A-0103,L-116040,APPROPRIATION [WILDFIRE SMOKE PREPAREDNESS],26,0.00,7000000.00,7000000.00,7000000.00,7000000.00,7000000.00,8000000.00,8000000.00,8000000.00,8000000.00,8000000.00,9000000.00,A-068-0103,STATE AND TRIBAL ASSISTANCE GRANTS,304,"DISCRETIONARY, APPROPRIATIONS COMMITTEE",DISCRETIONARY
266,FY-2025,A-0103,L-116050,BASELINE PAY/NON-PAY,26,0.00,0.00,0.00,0.00,0.00,0.00,0.00,0.00,0.00,0.00,0.00,0.00,A-068-0103,STATE AND TRIBAL ASSISTANCE GRANTS,304,"DISCRETIONARY, APPROPRIATIONS COMMITTEE",DISCRETIONARY
267,FY-2025,A-0103,L-116050,BASELINE PAY/NON-PAY,26,0.00,0.00,0.00,0.00,0.00,0.00,0.00,0.00,0.00,0.00,0.00,0.00,A-068-0103,STATE AND TRIBAL ASSISTANCE GRANTS,304,"DISCRETIONARY, APPROPRIATIONS COMMITTEE",DISCRETIONARY
268,FY-2025,A-0103,L-116050,BASELINE PAY/NON-PAY,26,0.00,7000000.00,7000000.00,7000000.00,7000000.00,8000000.00,8000000.00,8000000.00,8000000.00,8000000.00,8000000.00,9000000.00,A-068-0103,STATE AND TRIBAL ASSISTANCE GRANTS,304,"DISCRETIONARY, APPROPRIATIONS COMMITTEE",DISCRETIONARY
269,FY-2025,A-0103,L-116061,NEW AUTHORITY,26,0.00,0.00,0.00,0.00,0.00,0.00,0.00,0.00,0.00,0.00,0.00,0.00,A-068-0103,STATE AND TRIBAL ASSISTANCE GRANTS,304,"DISCRETIONARY, APPROPRIATIONS COMMITTEE",DISCRETIONARY
270,FY-2025,A-0103,L-116062,BALANCES (EXCL OF EOY PY BAL),26,0.00,0.00,1000000.00,3000000.00,5000000.00,7000000.00,7000000.00,7000000.00,7000000.00,7000000.00,8000000.00,8000000.00,A-068-0103,STATE AND TRIBAL ASSISTANCE GRANTS,304,"DISCRETIONARY, APPROPRIATIONS COMMITTEE",DISCRETIONARY
271,FY-2025,A-0103,L-116063,END OF PY BALANCES,26,0.00,0.00,0.00,0.00,0.00,0.00,0.00,0.00,0.00,0.00,0.00,0.00,A-068-0103,STATE AND TRIBAL ASSISTANCE GRANTS,304,"DISCRETIONARY, APPROPRIATIONS COMMITTEE",DISCRETIONARY
272,FY-2025,A-0103,L-116081,NEW AUTHORITY,26,0.00,0.00,0.00,0.00,0.00,0.00,0.00,0.00,0.00,0.00,0.00,0.00,A-068-0103,STATE AND TRIBAL ASSISTANCE GRANTS,304,"DISCRETIONARY, APPROPRIATIONS COMMITTEE",DISCRETIONARY
273,FY-2025,A-0103,L-116082,BALANCES (EXCL OF EOY PY BAL),26,0.00,0.00,1000000.00,3000000.00,5000000.00,7000000.00,7000000.00,7000000.00,7000000.00,8000000.00,8000000.00,8000000.00,A-068-0103,STATE AND TRIBAL ASSISTANCE GRANTS,304,"DISCRETIONARY, APPROPRIATIONS COMMITTEE",DISCRETIONARY
274,FY-2025,A-0103,L-116083,END OF PY BALANCES,26,0.00,0.00,0.00,0.00,0.00,0.00,0.00,0.00,0.00,0.00,0.00,0.00,A-068-0103,STATE AND TRIBAL ASSISTANCE GRANTS,304,"DISCRETIONARY, APPROPRIATIONS COMMITTEE",DISCRETIONARY
275,FY-2025,A-0103,L-1170,ADVANCE APPROPRIATION,01,10819000000.00,11221000000.00,11621000000.00,0.00,0.00,0.00,0.00,0.00,0.00,0.00,0.00,0.00,A-068-0103,STATE AND TRIBAL ASSISTANCE GRANTS,304,NS,DISCRETIONARY
276,FY-2025,A-0103,L-1172,ADVANCE APPROPRIATIONS TRANSFERRED TO OTHER ACCOUNTS [TREAS ACCT],01,-47000000.00,-49000000.00,-50000000.00,0.00,0.00,0.00,0.00,0.00,0.00,0.00,0.00,0.00,A-068-0103,STATE AND TRIBAL ASSISTANCE GRANTS,304,NS,DISCRETIONARY
277,FY-2025,A-0103,L-1180,"ADVANCED APPROPRIATION, DISCRETIONARY  (TOTAL)",01,10772000000.00,11172000000.00,11571000000.00,0.00,0.00,0.00,0.00,0.00,0.00,0.00,0.00,0.00,A-068-0103,STATE AND TRIBAL ASSISTANCE GRANTS,304,NS,DISCRETIONARY
278,FY-2025,A-0103,L-118040,ADVANCE APPROPRIATION [TEXT],01,10772000000.00,0.00,0.00,0.00,0.00,0.00,0.00,0.00,0.00,0.00,0.00,0.00,A-068-0103,STATE AND TRIBAL ASSISTANCE GRANTS,304,"DISCRETIONARY, APPROPRIATIONS COMMITTEE",DISCRETIONARY
279,FY-2025,A-0103,L-118050,BASELINE PAY/NON-PAY,01,10772000000.00,0.00,0.00,0.00,0.00,0.00,0.00,0.00,0.00,0.00,0.00,0.00,A-068-0103,STATE AND TRIBAL ASSISTANCE GRANTS,304,"DISCRETIONARY, APPROPRIATIONS COMMITTEE",DISCRETIONARY
280,FY-2025,A-0103,L-118050,BASELINE PAY/NON-PAY,01,0.00,0.00,0.00,0.00,0.00,0.00,0.00,0.00,0.00,0.00,0.00,0.00,A-068-0103,STATE AND TRIBAL ASSISTANCE GRANTS,304,"DISCRETIONARY, APPROPRIATIONS COMMITTEE",DISCRETIONARY
281,FY-2025,A-0103,L-118050,BASELINE PAY/NON-PAY,01,0.00,0.00,0.00,0.00,0.00,0.00,0.00,0.00,0.00,0.00,0.00,0.00,A-068-0103,STATE AND TRIBAL ASSISTANCE GRANTS,304,"DISCRETIONARY, APPROPRIATIONS COMMITTEE",DISCRETIONARY
282,FY-2025,A-0103,L-118061,NEW AUTHORITY,01,60000000.00,0.00,0.00,0.00,0.00,0.00,0.00,0.00,0.00,0.00,0.00,0.00,A-068-0103,STATE AND TRIBAL ASSISTANCE GRANTS,304,"DISCRETIONARY, APPROPRIATIONS COMMITTEE",DISCRETIONARY
283,FY-2025,A-0103,L-118062,BALANCES (EXCL OF EOY PY BAL),01,2037000000.00,0.00,0.00,0.00,0.00,0.00,0.00,0.00,0.00,0.00,0.00,0.00,A-068-0103,STATE AND TRIBAL ASSISTANCE GRANTS,304,"DISCRETIONARY, APPROPRIATIONS COMMITTEE",DISCRETIONARY
284,FY-2025,A-0103,L-118063,END OF PY BALANCES,01,0.00,2000000000.00,0.00,0.00,0.00,0.00,0.00,0.00,0.00,0.00,0.00,0.00,A-068-0103,STATE AND TRIBAL ASSISTANCE GRANTS,304,"DISCRETIONARY, APPROPRIATIONS COMMITTEE",DISCRETIONARY
285,FY-2025,A-0103,L-118081,NEW AUTHORITY,01,60000000.00,0.00,0.00,0.00,0.00,0.00,0.00,0.00,0.00,0.00,0.00,0.00,A-068-0103,STATE AND TRIBAL ASSISTANCE GRANTS,304,"DISCRETIONARY, APPROPRIATIONS COMMITTEE",DISCRETIONARY
286,FY-2025,A-0103,L-118082,BALANCES (EXCL OF EOY PY BAL),01,2037000000.00,0.00,0.00,0.00,0.00,0.00,0.00,0.00,0.00,0.00,0.00,0.00,A-068-0103,STATE AND TRIBAL ASSISTANCE GRANTS,304,"DISCRETIONARY, APPROPRIATIONS COMMITTEE",DISCRETIONARY
287,FY-2025,A-0103,L-118083,END OF PY BALANCES,01,0.00,2000000000.00,0.00,0.00,0.00,0.00,0.00,0.00,0.00,0.00,0.00,0.00,A-068-0103,STATE AND TRIBAL ASSISTANCE GRANTS,304,"DISCRETIONARY, APPROPRIATIONS COMMITTEE",DISCRETIONARY
288,FY-2025,A-0103,L-118040,ADVANCE APPROPRIATION [IIJA],01,0.00,11172000000.00,11571000000.00,11571000000.00,0.00,0.00,0.00,0.00,0.00,0.00,0.00,0.00,A-068-0103,STATE AND TRIBAL ASSISTANCE GRANTS,304,"DISCRETIONARY, INFRASTRUCTURE INVESTMENT AND JOBS ACT OF 2021, APPROPRIATIONS COMMITTEE",DISCRETIONARY
289,FY-2025,A-0103,L-118050,BASELINE PAY/NON-PAY,01,0.00,0.00,0.00,0.00,0.00,0.00,0.00,0.00,0.00,0.00,0.00,0.00,A-068-0103,STATE AND TRIBAL ASSISTANCE GRANTS,304,"DISCRETIONARY, INFRASTRUCTURE INVESTMENT AND JOBS ACT OF 2021, APPROPRIATIONS COMMITTEE",DISCRETIONARY
290,FY-2025,A-0103,L-118050,BASELINE PAY/NON-PAY,01,0.00,0.00,0.00,0.00,0.00,0.00,0.00,0.00,0.00,0.00,0.00,0.00,A-068-0103,STATE AND TRIBAL ASSISTANCE GRANTS,304,"DISCRETIONARY, INFRASTRUCTURE INVESTMENT AND JOBS ACT OF 2021, APPROPRIATIONS COMMITTEE",DISCRETIONARY
291,FY-2025,A-0103,L-118050,BASELINE PAY/NON-PAY,01,0.00,11172000000.00,11571000000.00,11571000000.00,11802000000.00,12038000000.00,12279000000.00,12525000000.00,12775000000.00,13031000000.00,13291000000.00,13557000000.00,A-068-0103,STATE AND TRIBAL ASSISTANCE GRANTS,304,"DISCRETIONARY, INFRASTRUCTURE INVESTMENT AND JOBS ACT OF 2021, APPROPRIATIONS COMMITTEE",DISCRETIONARY
292,FY-2025,A-0103,L-118061,NEW AUTHORITY,01,0.00,0.00,0.00,0.00,0.00,0.00,0.00,0.00,0.00,0.00,0.00,0.00,A-068-0103,STATE AND TRIBAL ASSISTANCE GRANTS,304,"DISCRETIONARY, INFRASTRUCTURE INVESTMENT AND JOBS ACT OF 2021, APPROPRIATIONS COMMITTEE",DISCRETIONARY
293,FY-2025,A-0103,L-118062,BALANCES (EXCL OF EOY PY BAL),01,0.00,0.00,6368000000.00,8383000000.00,9564000000.00,4126000000.00,3096000000.00,1967000000.00,810000000.00,0.00,0.00,0.00,A-068-0103,STATE AND TRIBAL ASSISTANCE GRANTS,304,"DISCRETIONARY, INFRASTRUCTURE INVESTMENT AND JOBS ACT OF 2021, APPROPRIATIONS COMMITTEE",DISCRETIONARY
294,FY-2025,A-0103,L-118063,END OF PY BALANCES,01,0.00,0.00,0.00,0.00,0.00,0.00,0.00,0.00,0.00,0.00,0.00,0.00,A-068-0103,STATE AND TRIBAL ASSISTANCE GRANTS,304,"DISCRETIONARY, INFRASTRUCTURE INVESTMENT AND JOBS ACT OF 2021, APPROPRIATIONS COMMITTEE",DISCRETIONARY
295,FY-2025,A-0103,L-118081,NEW AUTHORITY,01,0.00,0.00,0.00,0.00,0.00,0.00,0.00,0.00,0.00,0.00,0.00,0.00,A-068-0103,STATE AND TRIBAL ASSISTANCE GRANTS,304,"DISCRETIONARY, INFRASTRUCTURE INVESTMENT AND JOBS ACT OF 2021, APPROPRIATIONS COMMITTEE",DISCRETIONARY
296,FY-2025,A-0103,L-118082,BALANCES (EXCL OF EOY PY BAL),01,0.00,0.00,6368000000.00,8383000000.00,9564000000.00,10853000000.00,11846000000.00,12072000000.00,12298000000.00,12544000000.00,12795000000.00,13050000000.00,A-068-0103,STATE AND TRIBAL ASSISTANCE GRANTS,304,"DISCRETIONARY, INFRASTRUCTURE INVESTMENT AND JOBS ACT OF 2021, APPROPRIATIONS COMMITTEE",DISCRETIONARY
297,FY-2025,A-0103,L-118083,END OF PY BALANCES,01,0.00,0.00,0.00,0.00,0.00,0.00,0.00,0.00,0.00,0.00,0.00,0.00,A-068-0103,STATE AND TRIBAL ASSISTANCE GRANTS,304,"DISCRETIONARY, INFRASTRUCTURE INVESTMENT AND JOBS ACT OF 2021, APPROPRIATIONS COMMITTEE",DISCRETIONARY
298,FY-2025,A-0103,L-1200,APPROPRIATION,01,0.00,0.00,0.00,0.00,0.00,0.00,0.00,0.00,0.00,0.00,0.00,0.00,A-068-0103,STATE AND TRIBAL ASSISTANCE GRANTS,304,NS,MANDATORY
299,FY-2025,A-0103,L-1220,APPROPRIATIONS TRANSFERRED TO OTHER ACCT [TREAS ACCT],01,-2000000.00,0.00,0.00,0.00,0.00,0.00,0.00,0.00,0.00,0.00,0.00,0.00,A-068-0103,STATE AND TRIBAL ASSISTANCE GRANTS,304,NS,MANDATORY
300,FY-2025,A-0103,L-1260,"APPROPRIATIONS, MANDATORY (TOTAL)",01,-2000000.00,0.00,0.00,0.00,0.00,0.00,0.00,0.00,0.00,0.00,0.00,0.00,A-068-0103,STATE AND TRIBAL ASSISTANCE GRANTS,304,NS,MANDATORY
301,FY-2025,A-0103,L-126040,APPROPRIATION [AMERICAN RESCUE PLAN P.L. 117-2 ],01,0.00,0.00,0.00,0.00,0.00,0.00,0.00,0.00,0.00,0.00,0.00,0.00,A-068-0103,STATE AND TRIBAL ASSISTANCE GRANTS,304,"MANDATORY, AUTHORIZING COMMITTEE",MANDATORY
302,FY-2025,A-0103,L-126050,BASELINE PAY/NON-PAY,01,0.00,0.00,0.00,0.00,0.00,0.00,0.00,0.00,0.00,0.00,0.00,0.00,A-068-0103,STATE AND TRIBAL ASSISTANCE GRANTS,304,"MANDATORY, AUTHORIZING COMMITTEE",MANDATORY
303,FY-2025,A-0103,L-126050,BASELINE PAY/NON-PAY,01,0.00,0.00,0.00,0.00,0.00,0.00,0.00,0.00,0.00,0.00,0.00,0.00,A-068-0103,STATE AND TRIBAL ASSISTANCE GRANTS,304,"MANDATORY, AUTHORIZING COMMITTEE",MANDATORY
304,FY-2025,A-0103,L-126050,BASELINE PAY/NON-PAY,01,0.00,0.00,0.00,0.00,0.00,0.00,0.00,0.00,0.00,0.00,0.00,0.00,A-068-0103,STATE AND TRIBAL ASSISTANCE GRANTS,304,"MANDATORY, AUTHORIZING COMMITTEE",MANDATORY
305,FY-2025,A-0103,L-126061,NEW AUTHORITY,01,0.00,0.00,0.00,0.00,0.00,0.00,0.00,0.00,0.00,0.00,0.00,0.00,A-068-0103,STATE AND TRIBAL ASSISTANCE GRANTS,304,"MANDATORY, AUTHORIZING COMMITTEE",MANDATORY
306,FY-2025,A-0103,L-126062,BALANCES (EXCL OF EOY PY BAL),01,16000000.00,0.00,0.00,0.00,0.00,0.00,0.00,0.00,0.00,0.00,0.00,0.00,A-068-0103,STATE AND TRIBAL ASSISTANCE GRANTS,304,"MANDATORY, AUTHORIZING COMMITTEE",MANDATORY
307,FY-2025,A-0103,L-126063,END OF PY BALANCES,01,0.00,0.00,0.00,0.00,0.00,0.00,0.00,0.00,0.00,0.00,0.00,0.00,A-068-0103,STATE AND TRIBAL ASSISTANCE GRANTS,304,"MANDATORY, AUTHORIZING COMMITTEE",MANDATORY
308,FY-2025,A-0103,L-126081,NEW AUTHORITY,01,0.00,0.00,0.00,0.00,0.00,0.00,0.00,0.00,0.00,0.00,0.00,0.00,A-068-0103,STATE AND TRIBAL ASSISTANCE GRANTS,304,"MANDATORY, AUTHORIZING COMMITTEE",MANDATORY
309,FY-2025,A-0103,L-126082,BALANCES (EXCL OF EOY PY BAL),01,16000000.00,0.00,0.00,0.00,0.00,0.00,0.00,0.00,0.00,0.00,0.00,0.00,A-068-0103,STATE AND TRIBAL ASSISTANCE GRANTS,304,"MANDATORY, AUTHORIZING COMMITTEE",MANDATORY
310,FY-2025,A-0103,L-126083,END OF PY BALANCES,01,0.00,0.00,0.00,0.00,0.00,0.00,0.00,0.00,0.00,0.00,0.00,0.00,A-068-0103,STATE AND TRIBAL ASSISTANCE GRANTS,304,"MANDATORY, AUTHORIZING COMMITTEE",MANDATORY
311,FY-2025,A-0103,L-126040,APPROPRIATION [IRA P.L. 117-169],02,0.00,0.00,0.00,0.00,0.00,0.00,0.00,0.00,0.00,0.00,0.00,0.00,A-068-0103,STATE AND TRIBAL ASSISTANCE GRANTS,304,"MANDATORY, AUTHORIZING COMMITTEE",MANDATORY
312,FY-2025,A-0103,L-126050,BASELINE PAY/NON-PAY,02,0.00,0.00,0.00,0.00,0.00,0.00,0.00,0.00,0.00,0.00,0.00,0.00,A-068-0103,STATE AND TRIBAL ASSISTANCE GRANTS,304,"MANDATORY, AUTHORIZING COMMITTEE",MANDATORY
313,FY-2025,A-0103,L-126050,BASELINE PAY/NON-PAY,02,0.00,0.00,0.00,0.00,0.00,0.00,0.00,0.00,0.00,0.00,0.00,0.00,A-068-0103,STATE AND TRIBAL ASSISTANCE GRANTS,304,"MANDATORY, AUTHORIZING COMMITTEE",MANDATORY
314,FY-2025,A-0103,L-126061,NEW AUTHORITY,02,0.00,0.00,0.00,0.00,0.00,0.00,0.00,0.00,0.00,0.00,0.00,0.00,A-068-0103,STATE AND TRIBAL ASSISTANCE GRANTS,304,"MANDATORY, AUTHORIZING COMMITTEE",MANDATORY
315,FY-2025,A-0103,L-126062,BALANCES (EXCL OF EOY PY BAL),02,1313000000.00,0.00,0.00,0.00,0.00,0.00,0.00,0.00,0.00,0.00,0.00,0.00,A-068-0103,STATE AND TRIBAL ASSISTANCE GRANTS,304,"MANDATORY, AUTHORIZING COMMITTEE",MANDATORY
316,FY-2025,A-0103,L-126063,END OF PY BALANCES,02,0.00,28282000000.00,3259000000.00,2777000000.00,774000000.00,774000000.00,774000000.00,773000000.00,773000000.00,0.00,0.00,0.00,A-068-0103,STATE AND TRIBAL ASSISTANCE GRANTS,304,"MANDATORY, AUTHORIZING COMMITTEE",MANDATORY
317,FY-2025,A-0103,L-126081,NEW AUTHORITY,02,0.00,0.00,0.00,0.00,0.00,0.00,0.00,0.00,0.00,0.00,0.00,0.00,A-068-0103,STATE AND TRIBAL ASSISTANCE GRANTS,304,"MANDATORY, AUTHORIZING COMMITTEE",MANDATORY
318,FY-2025,A-0103,L-126082,BALANCES (EXCL OF EOY PY BAL),02,1313000000.00,0.00,0.00,0.00,0.00,0.00,0.00,0.00,0.00,0.00,0.00,0.00,A-068-0103,STATE AND TRIBAL ASSISTANCE GRANTS,304,"MANDATORY, AUTHORIZING COMMITTEE",MANDATORY
319,FY-2025,A-0103,L-126083,END OF PY BALANCES,02,0.00,28282000000.00,3259000000.00,2777000000.00,774000000.00,774000000.00,774000000.00,773000000.00,773000000.00,0.00,0.00,0.00,A-068-0103,STATE AND TRIBAL ASSISTANCE GRANTS,304,"MANDATORY, AUTHORIZING COMMITTEE",MANDATORY
320,FY-2025,A-0103,L-126040,APPROPRIATION [DENALI NET],03,-2000000.00,0.00,0.00,0.00,0.00,0.00,0.00,0.00,0.00,0.00,0.00,0.00,A-068-0103,STATE AND TRIBAL ASSISTANCE GRANTS,304,"MANDATORY, AUTHORIZING COMMITTEE",MANDATORY
321,FY-2025,A-0103,L-126050,BASELINE PAY/NON-PAY,03,-2000000.00,0.00,0.00,0.00,0.00,0.00,0.00,0.00,0.00,0.00,0.00,0.00,A-068-0103,STATE AND TRIBAL ASSISTANCE GRANTS,304,"MANDATORY, AUTHORIZING COMMITTEE",MANDATORY
322,FY-2025,A-0103,L-126050,BASELINE PAY/NON-PAY,03,0.00,0.00,0.00,0.00,0.00,0.00,0.00,0.00,0.00,0.00,0.00,0.00,A-068-0103,STATE AND TRIBAL ASSISTANCE GRANTS,304,"MANDATORY, AUTHORIZING COMMITTEE",MANDATORY
323,FY-2025,A-0103,L-126050,BASELINE PAY/NON-PAY,03,0.00,0.00,0.00,0.00,0.00,0.00,0.00,0.00,0.00,0.00,0.00,0.00,A-068-0103,STATE AND TRIBAL ASSISTANCE GRANTS,304,"MANDATORY, AUTHORIZING COMMITTEE",MANDATORY
324,FY-2025,A-0103,L-126061,NEW AUTHORITY,03,0.00,0.00,0.00,0.00,0.00,0.00,0.00,0.00,0.00,0.00,0.00,0.00,A-068-0103,STATE AND TRIBAL ASSISTANCE GRANTS,304,"MANDATORY, AUTHORIZING COMMITTEE",MANDATORY
325,FY-2025,A-0103,L-126062,BALANCES (EXCL OF EOY PY BAL),03,0.00,0.00,0.00,0.00,0.00,0.00,0.00,0.00,0.00,0.00,0.00,0.00,A-068-0103,STATE AND TRIBAL ASSISTANCE GRANTS,304,"MANDATORY, AUTHORIZING COMMITTEE",MANDATORY
326,FY-2025,A-0103,L-126063,END OF PY BALANCES,03,0.00,0.00,0.00,0.00,0.00,0.00,0.00,0.00,0.00,0.00,0.00,0.00,A-068-0103,STATE AND TRIBAL ASSISTANCE GRANTS,304,"MANDATORY, AUTHORIZING COMMITTEE",MANDATORY
327,FY-2025,A-0103,L-126081,NEW AUTHORITY,03,0.00,0.00,0.00,0.00,0.00,0.00,0.00,0.00,0.00,0.00,0.00,0.00,A-068-0103,STATE AND TRIBAL ASSISTANCE GRANTS,304,"MANDATORY, AUTHORIZING COMMITTEE",MANDATORY
328,FY-2025,A-0103,L-126082,BALANCES (EXCL OF EOY PY BAL),03,0.00,0.00,0.00,0.00,0.00,0.00,0.00,0.00,0.00,0.00,0.00,0.00,A-068-0103,STATE AND TRIBAL ASSISTANCE GRANTS,304,"MANDATORY, AUTHORIZING COMMITTEE",MANDATORY
329,FY-2025,A-0103,L-126083,END OF PY BALANCES,03,0.00,0.00,0.00,0.00,0.00,0.00,0.00,0.00,0.00,0.00,0.00,0.00,A-068-0103,STATE AND TRIBAL ASSISTANCE GRANTS,304,"MANDATORY, AUTHORIZING COMMITTEE",MANDATORY
330,FY-2025,A-0103,L-1900,BUDGET AUTHORITY (TOTAL),01,16918000000.00,15664000000.00,16099000000.00,0.00,0.00,0.00,0.00,0.00,0.00,0.00,0.00,0.00,A-068-0103,STATE AND TRIBAL ASSISTANCE GRANTS,304,NS,NS
331,FY-2025,A-0103,L-1930,TOTAL BUDGETARY RESOURCES AVAILABLE,01,62923000000.00,64464000000.00,64440000000.00,0.00,0.00,0.00,0.00,0.00,0.00,0.00,0.00,0.00,A-068-0103,STATE AND TRIBAL ASSISTANCE GRANTS,304,NS,NS
332,FY-2025,A-0103,L-1941,"UNEXPIRED UNOBLIGATED BALANCE, END OF YEAR",01,48737000000.00,48278000000.00,50254000000.00,0.00,0.00,0.00,0.00,0.00,0.00,0.00,0.00,0.00,A-068-0103,STATE AND TRIBAL ASSISTANCE GRANTS,304,NS,NS
333,FY-2025,A-0103,L-3000,"UNPAID OBLIGATIONS, BROUGHT FORWARD, OCT 1",01,10268000000.00,17322000000.00,22000000.00,0.00,0.00,0.00,0.00,0.00,0.00,0.00,0.00,0.00,A-068-0103,STATE AND TRIBAL ASSISTANCE GRANTS,304,NS,NS
334,FY-2025,A-0103,L-3010,"NEW OBLIGATIONS, UNEXPIRED ACCOUNTS",01,14186000000.00,16186000000.00,14186000000.00,0.00,0.00,0.00,0.00,0.00,0.00,0.00,0.00,0.00,A-068-0103,STATE AND TRIBAL ASSISTANCE GRANTS,304,NS,NS
335,FY-2025,A-0103,L-3020,OUTLAYS (GROSS),01,-7069000000.00,-33423000000.00,-12574000000.00,0.00,0.00,0.00,0.00,0.00,0.00,0.00,0.00,0.00,A-068-0103,STATE AND TRIBAL ASSISTANCE GRANTS,304,NS,NS
336,FY-2025,A-0103,L-3040,"RECOVERIES OF PRIOR YEAR UNPAID OBLIGATIONS, UNEXPIRED",01,-63000000.00,-63000000.00,-63000000.00,0.00,0.00,0.00,0.00,0.00,0.00,0.00,0.00,0.00,A-068-0103,STATE AND TRIBAL ASSISTANCE GRANTS,304,NS,NS
337,FY-2025,A-0103,L-3041,"RECOVERIES OF PRIOR YEAR UNPAID OBLIGATIONS, EXPIRED",01,0.00,0.00,0.00,0.00,0.00,0.00,0.00,0.00,0.00,0.00,0.00,0.00,A-068-0103,STATE AND TRIBAL ASSISTANCE GRANTS,304,NS,NS
338,FY-2025,A-0103,L-3050,"UNPAID OBLIGATIONS, END OF YEAR",01,17322000000.00,22000000.00,1571000000.00,0.00,0.00,0.00,0.00,0.00,0.00,0.00,0.00,0.00,A-068-0103,STATE AND TRIBAL ASSISTANCE GRANTS,304,NS,NS
339,FY-2025,A-0103,L-3100,"OBLIGATED BALANCE, START OF YEAR",01,10268000000.00,17322000000.00,22000000.00,0.00,0.00,0.00,0.00,0.00,0.00,0.00,0.00,0.00,A-068-0103,STATE AND TRIBAL ASSISTANCE GRANTS,304,NS,NS
340,FY-2025,A-0103,L-3200,"OBLIGATED BALANCE, END OF YEAR",01,17322000000.00,22000000.00,1571000000.00,0.00,0.00,0.00,0.00,0.00,0.00,0.00,0.00,0.00,A-068-0103,STATE AND TRIBAL ASSISTANCE GRANTS,304,NS,NS
341,FY-2025,A-0103,L-4000,"BUDGET AUTHORITY, GROSS",01,16920000000.00,15664000000.00,16099000000.00,0.00,0.00,0.00,0.00,0.00,0.00,0.00,0.00,0.00,A-068-0103,STATE AND TRIBAL ASSISTANCE GRANTS,304,NS,DISCRETIONARY
342,FY-2025,A-0103,L-4010,OUTLAYS FROM NEW DISCRETIONARY AUTHORITY,01,427000000.00,320000000.00,393000000.00,0.00,0.00,0.00,0.00,0.00,0.00,0.00,0.00,0.00,A-068-0103,STATE AND TRIBAL ASSISTANCE GRANTS,304,NS,DISCRETIONARY
343,FY-2025,A-0103,L-4011,OUTLAYS FROM DISCRETIONARY BALANCES,01,5313000000.00,4821000000.00,8922000000.00,0.00,0.00,0.00,0.00,0.00,0.00,0.00,0.00,0.00,A-068-0103,STATE AND TRIBAL ASSISTANCE GRANTS,304,NS,DISCRETIONARY
344,FY-2025,A-0103,L-4020,"OUTLAYS, GROSS (TOTAL)",01,5740000000.00,5141000000.00,9315000000.00,0.00,0.00,0.00,0.00,0.00,0.00,0.00,0.00,0.00,A-068-0103,STATE AND TRIBAL ASSISTANCE GRANTS,304,NS,DISCRETIONARY
345,FY-2025,A-0103,L-4033,NON-FEDERAL SOURCES,01,0.00,0.00,0.00,0.00,0.00,0.00,0.00,0.00,0.00,0.00,0.00,0.00,A-068-0103,STATE AND TRIBAL ASSISTANCE GRANTS,304,NS,DISCRETIONARY
346,FY-2025,A-0103,L-403341,POLICY PROGRAM [TEXT],01,0.00,0.00,0.00,0.00,0.00,0.00,0.00,0.00,0.00,0.00,0.00,0.00,A-068-0103,STATE AND TRIBAL ASSISTANCE GRANTS,304,"DISCRETIONARY, APPROPRIATIONS COMMITTEE",DISCRETIONARY
347,FY-2025,A-0103,L-403371,BASELINE PROGRAM [TEXT],01,0.00,0.00,0.00,0.00,0.00,0.00,0.00,0.00,0.00,0.00,0.00,0.00,A-068-0103,STATE AND TRIBAL ASSISTANCE GRANTS,304,"DISCRETIONARY, APPROPRIATIONS COMMITTEE",DISCRETIONARY
348,FY-2025,A-0103,L-4053,"RECOVERIES OF PRIOR YEAR PAID OBLIGATIONS, UNEXPIRED ACCOUNTS",01,0.00,0.00,0.00,0.00,0.00,0.00,0.00,0.00,0.00,0.00,0.00,0.00,A-068-0103,STATE AND TRIBAL ASSISTANCE GRANTS,304,NS,DISCRETIONARY
349,FY-2025,A-0103,L-405341,POLICY PROGRAM [TEXT],01,0.00,0.00,0.00,0.00,0.00,0.00,0.00,0.00,0.00,0.00,0.00,0.00,A-068-0103,STATE AND TRIBAL ASSISTANCE GRANTS,304,"DISCRETIONARY, APPROPRIATIONS COMMITTEE",DISCRETIONARY
350,FY-2025,A-0103,L-405371,BASELINE PROGRAM [TEXT],01,0.00,0.00,0.00,0.00,0.00,0.00,0.00,0.00,0.00,0.00,0.00,0.00,A-068-0103,STATE AND TRIBAL ASSISTANCE GRANTS,304,"DISCRETIONARY, APPROPRIATIONS COMMITTEE",DISCRETIONARY
351,FY-2025,A-0103,L-4070,"BUDGET AUTHORITY, NET (DISCRETIONARY)",01,16920000000.00,15664000000.00,16099000000.00,0.00,0.00,0.00,0.00,0.00,0.00,0.00,0.00,0.00,A-068-0103,STATE AND TRIBAL ASSISTANCE GRANTS,304,NS,DISCRETIONARY
352,FY-2025,A-0103,L-4080,"OUTLAYS, NET (DISCRETIONARY)",01,5740000000.00,5141000000.00,9315000000.00,0.00,0.00,0.00,0.00,0.00,0.00,0.00,0.00,0.00,A-068-0103,STATE AND TRIBAL ASSISTANCE GRANTS,304,NS,DISCRETIONARY
353,FY-2025,A-0103,L-4090,"BUDGET AUTHORITY, GROSS",01,-2000000.00,0.00,0.00,0.00,0.00,0.00,0.00,0.00,0.00,0.00,0.00,0.00,A-068-0103,STATE AND TRIBAL ASSISTANCE GRANTS,304,NS,MANDATORY
354,FY-2025,A-0103,L-4101,OUTLAYS FROM MANDATORY BALANCES,01,1329000000.00,28282000000.00,3259000000.00,0.00,0.00,0.00,0.00,0.00,0.00,0.00,0.00,0.00,A-068-0103,STATE AND TRIBAL ASSISTANCE GRANTS,304,NS,MANDATORY
355,FY-2025,A-0103,L-4160,"BUDGET AUTHORITY, NET (MANDATORY)",01,-2000000.00,0.00,0.00,0.00,0.00,0.00,0.00,0.00,0.00,0.00,0.00,0.00,A-068-0103,STATE AND TRIBAL ASSISTANCE GRANTS,304,NS,MANDATORY
356,FY-2025,A-0103,L-4170,"OUTLAYS, NET (MANDATORY)",01,1329000000.00,28282000000.00,3259000000.00,0.00,0.00,0.00,0.00,0.00,0.00,0.00,0.00,0.00,A-068-0103,STATE AND TRIBAL ASSISTANCE GRANTS,304,NS,MANDATORY
357,FY-2025,A-0103,L-4180,"BUDGET AUTHORITY, NET (TOTAL)",01,16918000000.00,15664000000.00,16099000000.00,0.00,0.00,0.00,0.00,0.00,0.00,0.00,0.00,0.00,A-068-0103,STATE AND TRIBAL ASSISTANCE GRANTS,304,NS,NS
358,FY-2025,A-0103,L-4190,"OUTLAYS, NET (TOTAL)",01,7069000000.00,33423000000.00,12574000000.00,0.00,0.00,0.00,0.00,0.00,0.00,0.00,0.00,0.00,A-068-0103,STATE AND TRIBAL ASSISTANCE GRANTS,304,NS,NS
359,FY-2025,A-0103,L-5311,"DIRECT UNOBLIGATED BALANCE, START OF YEAR",01,45955000000.00,48737000000.00,0.00,0.00,0.00,0.00,0.00,0.00,0.00,0.00,0.00,0.00,A-068-0103,STATE AND TRIBAL ASSISTANCE GRANTS,304,NS,NS
360,FY-2025,A-0103,L-5312,"REIMBURSABLE UNOBLIGATED BALANCE, START OF YEAR",01,0.00,1000000.00,0.00,0.00,0.00,0.00,0.00,0.00,0.00,0.00,0.00,0.00,A-068-0103,STATE AND TRIBAL ASSISTANCE GRANTS,304,NS,NS
361,FY-2025,A-0103,L-5313,"DISCRETIONARY UNOBLIGATED BALANCE, START OF YEAR",01,45935000000.00,48736000000.00,0.00,0.00,0.00,0.00,0.00,0.00,0.00,0.00,0.00,0.00,A-068-0103,STATE AND TRIBAL ASSISTANCE GRANTS,304,NS,DISCRETIONARY
362,FY-2025,A-0103,L-5314,"MANDATORY UNOBLIGATED BALANCE, START OF YEAR",01,20000000.00,2000000.00,0.00,0.00,0.00,0.00,0.00,0.00,0.00,0.00,0.00,0.00,A-068-0103,STATE AND TRIBAL ASSISTANCE GRANTS,304,NS,MANDATORY
363,FY-2025,A-0103,L-5321,"DIRECT UNOBLIGATED BALANCE, END OF YEAR",01,48737000000.00,0.00,0.00,0.00,0.00,0.00,0.00,0.00,0.00,0.00,0.00,0.00,A-068-0103,STATE AND TRIBAL ASSISTANCE GRANTS,304,NS,NS
364,FY-2025,A-0103,L-5322,"REIMBURSABLE UNOBLIGATED BALANCE, END OF YEAR",01,1000000.00,0.00,0.00,0.00,0.00,0.00,0.00,0.00,0.00,0.00,0.00,0.00,A-068-0103,STATE AND TRIBAL ASSISTANCE GRANTS,304,NS,NS
365,FY-2025,A-0103,L-5323,"DISCRETIONARY UNOBLIGATED BALANCE, END OF YEAR",01,48736000000.00,0.00,0.00,0.00,0.00,0.00,0.00,0.00,0.00,0.00,0.00,0.00,A-068-0103,STATE AND TRIBAL ASSISTANCE GRANTS,304,NS,DISCRETIONARY
366,FY-2025,A-0103,L-5324,"MANDATORY UNOBLIGATED BALANCE, END OF YEAR",01,2000000.00,0.00,0.00,0.00,0.00,0.00,0.00,0.00,0.00,0.00,0.00,0.00,A-068-0103,STATE AND TRIBAL ASSISTANCE GRANTS,304,NS,MANDATORY
367,FY-2025,A-0103,L-5331,"DIRECT OBLIGATED BALANCE, START OF YEAR",01,10268000000.00,17321000000.00,0.00,0.00,0.00,0.00,0.00,0.00,0.00,0.00,0.00,0.00,A-068-0103,STATE AND TRIBAL ASSISTANCE GRANTS,304,NS,NS
368,FY-2025,A-0103,L-5332,"REIMBURSABLE OBLIGATED BALANCE, START OF YEAR",01,0.00,0.00,0.00,0.00,0.00,0.00,0.00,0.00,0.00,0.00,0.00,0.00,A-068-0103,STATE AND TRIBAL ASSISTANCE GRANTS,304,NS,NS
369,FY-2025,A-0103,L-5333,"DISCRETIONARY OBLIGATED BALANCE, START OF YEAR",01,10235000000.00,17286000000.00,0.00,0.00,0.00,0.00,0.00,0.00,0.00,0.00,0.00,0.00,A-068-0103,STATE AND TRIBAL ASSISTANCE GRANTS,304,NS,DISCRETIONARY
370,FY-2025,A-0103,L-5334,"MANDATORY OBLIGATED BALANCE, START OF YEAR",01,33000000.00,36000000.00,0.00,0.00,0.00,0.00,0.00,0.00,0.00,0.00,0.00,0.00,A-068-0103,STATE AND TRIBAL ASSISTANCE GRANTS,304,NS,MANDATORY
371,FY-2025,A-0103,L-5341,"DIRECT OBLIGATED BALANCE, END OF YEAR",01,17321000000.00,0.00,0.00,0.00,0.00,0.00,0.00,0.00,0.00,0.00,0.00,0.00,A-068-0103,STATE AND TRIBAL ASSISTANCE GRANTS,304,NS,NS
372,FY-2025,A-0103,L-5342,"REIMBURSABLE OBLIGATED BALANCE, END OF YEAR",01,0.00,0.00,0.00,0.00,0.00,0.00,0.00,0.00,0.00,0.00,0.00,0.00,A-068-0103,STATE AND TRIBAL ASSISTANCE GRANTS,304,NS,NS
373,FY-2025,A-0103,L-5343,"DISCRETIONARY OBLIGATED BALANCE, END OF YEAR",01,17286000000.00,0.00,0.00,0.00,0.00,0.00,0.00,0.00,0.00,0.00,0.00,0.00,A-068-0103,STATE AND TRIBAL ASSISTANCE GRANTS,304,NS,DISCRETIONARY
374,FY-2025,A-0103,L-5344,"MANDATORY OBLIGATED BALANCE, END OF YEAR",01,36000000.00,0.00,0.00,0.00,0.00,0.00,0.00,0.00,0.00,0.00,0.00,0.00,A-068-0103,STATE AND TRIBAL ASSISTANCE GRANTS,304,NS,MANDATORY
375,FY-2025,A-0103,L-1111,FULL-TIME PERMANENT,01,12000000.00,12000000.00,12000000.00,0.00,0.00,0.00,0.00,0.00,0.00,0.00,0.00,0.00,A-068-0103,STATE AND TRIBAL ASSISTANCE GRANTS,304,NS,NS
376,FY-2025,A-0103,L-1121,CIVILIAN PERSONNEL BENEFITS,01,65000000.00,65000000.00,82000000.00,0.00,0.00,0.00,0.00,0.00,0.00,0.00,0.00,0.00,A-068-0103,STATE AND TRIBAL ASSISTANCE GRANTS,304,NS,NS
377,FY-2025,A-0103,L-1251,ADVISORY AND ASSISTANCE SERVICES,01,59000000.00,59000000.00,29000000.00,0.00,0.00,0.00,0.00,0.00,0.00,0.00,0.00,0.00,A-068-0103,STATE AND TRIBAL ASSISTANCE GRANTS,304,NS,NS
378,FY-2025,A-0103,L-1252,OTHER SERVICES FROM NON-FEDERAL SOURCES,01,60000000.00,60000000.00,348000000.00,0.00,0.00,0.00,0.00,0.00,0.00,0.00,0.00,0.00,A-068-0103,STATE AND TRIBAL ASSISTANCE GRANTS,304,NS,NS
379,FY-2025,A-0103,L-1253,OTHER GOODS AND SERVICES FROM FEDERAL SOURCES,01,61000000.00,61000000.00,56000000.00,0.00,0.00,0.00,0.00,0.00,0.00,0.00,0.00,0.00,A-068-0103,STATE AND TRIBAL ASSISTANCE GRANTS,304,NS,NS
380,FY-2025,A-0103,L-1410,"GRANTS, SUBSIDIES, AND CONTRIBUTIONS",01,13929000000.00,15929000000.00,13659000000.00,0.00,0.00,0.00,0.00,0.00,0.00,0.00,0.00,0.00,A-068-0103,STATE AND TRIBAL ASSISTANCE GRANTS,304,NS,NS
381,FY-2025,A-0103,L-9999,"TOTAL NEW OBLIGATIONS, UNEXPIRED ACCOUNTS",01,14186000000.00,16186000000.00,14186000000.00,0.00,0.00,0.00,0.00,0.00,0.00,0.00,0.00,0.00,A-068-0103,STATE AND TRIBAL ASSISTANCE GRANTS,304,NS,NS
382,FY-2025,A-0103,L-1001,DIRECT CIVILIAN FULL-TIME EQUIVALENT EMPLOYMENT,01,414000000.00,414000000.00,127000000.00,0.00,0.00,0.00,0.00,0.00,0.00,0.00,0.00,0.00,A-068-0103,STATE AND TRIBAL ASSISTANCE GRANTS,304,NS,NS
383,FY-2025,A-0103,L-131301,BUDGET AUTHORITY,01,16918000000.00,15662000000.00,16098000000.00,0.00,0.00,0.00,0.00,0.00,0.00,0.00,0.00,0.00,A-068-0103,STATE AND TRIBAL ASSISTANCE GRANTS,304,"DISCRETIONARY, APPROPRIATIONS COMMITTEE",DISCRETIONARY
384,FY-2025,A-0103,L-131302,OUTLAYS,01,5740000000.00,5141000000.00,9313000000.00,11474000000.00,12857000000.00,7680000000.00,6936000000.00,6114000000.00,5382000000.00,4942000000.00,4934000000.00,5032000000.00,A-068-0103,STATE AND TRIBAL ASSISTANCE GRANTS,304,"DISCRETIONARY, APPROPRIATIONS COMMITTEE",DISCRETIONARY
385,FY-2025,A-0103,L-200101,BUDGET AUTHORITY,01,-2000000.00,0.00,0.00,0.00,0.00,0.00,0.00,0.00,0.00,0.00,0.00,0.00,A-068-0103,STATE AND TRIBAL ASSISTANCE GRANTS,304,"MANDATORY, AUTHORIZING COMMITTEE",MANDATORY
386,FY-2025,A-0103,L-200102,OUTLAYS,02,1329000000.00,28282000000.00,3259000000.00,2777000000.00,774000000.00,774000000.00,774000000.00,773000000.00,773000000.00,0.00,0.00,0.00,A-068-0103,STATE AND TRIBAL ASSISTANCE GRANTS,304,"MANDATORY, AUTHORIZING COMMITTEE",MANDATORY
387,FY-2025,A-0103,L-1000,BUDGET YEAR BUDGETARY RESOURCES [TREAS ACCT],01,0.00,0.00,4528039000000.00,0.00,0.00,0.00,0.00,0.00,0.00,0.00,0.00,0.00,A-068-0103,STATE AND TRIBAL ASSISTANCE GRANTS,304,NS,NS
388,FY-2025,A-0107,L-0001,TACKLE THE CLIMATE CRISIS,01,133000000.00,133000000.00,151000000.00,0.00,0.00,0.00,0.00,0.00,0.00,0.00,0.00,0.00,A-068-0107,SCIENCE AND TECHNOLOGY,304,NS,NS
389,FY-2025,A-0107,L-0003,ENFORCE ENVIRONMENTAL LAWS AND ENSURE COMPLIANCE,01,14000000.00,14000000.00,16000000.00,0.00,0.00,0.00,0.00,0.00,0.00,0.00,0.00,0.00,A-068-0107,SCIENCE AND TECHNOLOGY,304,NS,NS
390,FY-2025,A-0107,L-0004,ENSURE CLEAN AND HEALTHY AIR FOR ALL COMMUNITIES,01,21000000.00,21000000.00,24000000.00,0.00,0.00,0.00,0.00,0.00,0.00,0.00,0.00,0.00,A-068-0107,SCIENCE AND TECHNOLOGY,304,NS,NS
391,FY-2025,A-0107,L-0005,ENSURE CLEAN AND SAFE WATER FOR ALL COMMUNITIES,01,29000000.00,29000000.00,33000000.00,0.00,0.00,0.00,0.00,0.00,0.00,0.00,0.00,0.00,A-068-0107,SCIENCE AND TECHNOLOGY,304,NS,NS
392,FY-2025,A-0107,L-0006,SAFEGUARD AND REVITALIZE COMMUNITIES,01,41000000.00,41000000.00,47000000.00,0.00,0.00,0.00,0.00,0.00,0.00,0.00,0.00,0.00,A-068-0107,SCIENCE AND TECHNOLOGY,304,NS,NS
393,FY-2025,A-0107,L-0007,ENSURE SAFETY OF CHEMICALS FOR PEOPLE AND THE ENVIRONMENT,01,6000000.00,6000000.00,7000000.00,0.00,0.00,0.00,0.00,0.00,0.00,0.00,0.00,0.00,A-068-0107,SCIENCE AND TECHNOLOGY,304,NS,NS
394,FY-2025,A-0107,L-0010,CROSS-AGENCY MISSION AND SCIENCE SUPPORT,01,627000000.00,627000000.00,713000000.00,0.00,0.00,0.00,0.00,0.00,0.00,0.00,0.00,0.00,A-068-0107,SCIENCE AND TECHNOLOGY,304,NS,NS
395,FY-2025,A-0107,L-0011,CLEAN AIR AND GLOBAL CLIMATE CHANGE,01,0.00,0.00,0.00,0.00,0.00,0.00,0.00,0.00,0.00,0.00,0.00,0.00,A-068-0107,SCIENCE AND TECHNOLOGY,304,NS,NS
396,FY-2025,A-0107,L-0012,CLEAN AND SAFE WATER,01,0.00,0.00,0.00,0.00,0.00,0.00,0.00,0.00,0.00,0.00,0.00,0.00,A-068-0107,SCIENCE AND TECHNOLOGY,304,NS,NS
397,FY-2025,A-0107,L-0013,LAND PRESERVATION AND RESTORATION,01,0.00,0.00,0.00,0.00,0.00,0.00,0.00,0.00,0.00,0.00,0.00,0.00,A-068-0107,SCIENCE AND TECHNOLOGY,304,NS,NS
398,FY-2025,A-0107,L-0014,HEALTHY COMMUNITIES AND ECOSYSTEMS,01,0.00,0.00,0.00,0.00,0.00,0.00,0.00,0.00,0.00,0.00,0.00,0.00,A-068-0107,SCIENCE AND TECHNOLOGY,304,NS,NS
399,FY-2025,A-0107,L-0015,COMPLIANCE AND ENVIRONMENTAL STEWARDSHIP,01,0.00,0.00,0.00,0.00,0.00,0.00,0.00,0.00,0.00,0.00,0.00,0.00,A-068-0107,SCIENCE AND TECHNOLOGY,304,NS,NS
400,FY-2025,A-0107,L-0799,TOTAL DIRECT OBLIGATIONS,01,871000000.00,871000000.00,991000000.00,0.00,0.00,0.00,0.00,0.00,0.00,0.00,0.00,0.00,A-068-0107,SCIENCE AND TECHNOLOGY,304,NS,NS
401,FY-2025,A-0107,L-0801,REIMBURSEMENTS FROM SUPERFUND TRUST FUND,01,0.00,0.00,32000000.00,0.00,0.00,0.00,0.00,0.00,0.00,0.00,0.00,0.00,A-068-0107,SCIENCE AND TECHNOLOGY,304,NS,NS
402,FY-2025,A-0107,L-0802,OTHER REIMBURSEMENTS,01,6000000.00,6000000.00,4000000.00,0.00,0.00,0.00,0.00,0.00,0.00,0.00,0.00,0.00,A-068-0107,SCIENCE AND TECHNOLOGY,304,NS,NS
403,FY-2025,A-0107,L-0899,TOTAL REIMBURSABLE OBLIGATIONS,01,6000000.00,6000000.00,36000000.00,0.00,0.00,0.00,0.00,0.00,0.00,0.00,0.00,0.00,A-068-0107,SCIENCE AND TECHNOLOGY,304,NS,NS
404,FY-2025,A-0107,L-0900,"TOTAL NEW OBLIGATIONS, UNEXPIRED ACCOUNTS",01,877000000.00,877000000.00,1027000000.00,0.00,0.00,0.00,0.00,0.00,0.00,0.00,0.00,0.00,A-068-0107,SCIENCE AND TECHNOLOGY,304,NS,NS
405,FY-2025,A-0107,L-1000,"UNOBLIGATED BALANCE BROUGHT FORWARD, OCT 1",01,154000000.00,137000000.00,113000000.00,0.00,0.00,0.00,0.00,0.00,0.00,0.00,0.00,0.00,A-068-0107,SCIENCE AND TECHNOLOGY,304,NS,NS
406,FY-2025,A-0107,L-1001,"DISCRETIONARY UNOBLIGATED BALANCE BROUGHT FWD, OCT 1",01,154000000.00,0.00,0.00,0.00,0.00,0.00,0.00,0.00,0.00,0.00,0.00,0.00,A-068-0107,SCIENCE AND TECHNOLOGY,304,NS,DISCRETIONARY
407,FY-2025,A-0107,L-1010,UNOBLIGATED BALANCE TRANSFER TO OTHER ACCTS [TREAS ACCT],01,0.00,0.00,0.00,0.00,0.00,0.00,0.00,0.00,0.00,0.00,0.00,0.00,A-068-0107,SCIENCE AND TECHNOLOGY,304,NS,NS
408,FY-2025,A-0107,L-1011,UNOBLIGATED BALANCE TRANSFER FROM OTHER ACCT,01,0.00,0.00,0.00,0.00,0.00,0.00,0.00,0.00,0.00,0.00,0.00,0.00,A-068-0107,SCIENCE AND TECHNOLOGY,304,NS,NS
409,FY-2025,A-0107,L-1011,UNOBLIGATED BALANCE TRANSFER FROM OTHER ACCT,02,1000000.00,2000000.00,0.00,0.00,0.00,0.00,0.00,0.00,0.00,0.00,0.00,0.00,A-068-0107,SCIENCE AND TECHNOLOGY,304,NS,NS
410,FY-2025,A-0107,L-1020,"ADJUSTMENT OF UNOBLIGATED BAL BROUGHT FORWARD, OCT 1",01,0.00,0.00,0.00,0.00,0.00,0.00,0.00,0.00,0.00,0.00,0.00,0.00,A-068-0107,SCIENCE AND TECHNOLOGY,304,NS,NS
411,FY-2025,A-0107,L-1021,RECOVERIES OF PRIOR YEAR UNPAID OBLIGATIONS,01,21000000.00,30000000.00,30000000.00,0.00,0.00,0.00,0.00,0.00,0.00,0.00,0.00,0.00,A-068-0107,SCIENCE AND TECHNOLOGY,304,NS,NS
412,FY-2025,A-0107,L-1029,OTHER BALANCES WITHDRAWN TO TREASURY,01,0.00,0.00,0.00,0.00,0.00,0.00,0.00,0.00,0.00,0.00,0.00,0.00,A-068-0107,SCIENCE AND TECHNOLOGY,304,NS,NS
413,FY-2025,A-0107,L-1070,UNOBLIGATED BALANCE (TOTAL),01,176000000.00,169000000.00,143000000.00,0.00,0.00,0.00,0.00,0.00,0.00,0.00,0.00,0.00,A-068-0107,SCIENCE AND TECHNOLOGY,304,NS,NS
414,FY-2025,A-0107,L-1100,APPROPRIATION,01,802000000.00,802000000.00,1010000000.00,0.00,0.00,0.00,0.00,0.00,0.00,0.00,0.00,0.00,A-068-0107,SCIENCE AND TECHNOLOGY,304,NS,DISCRETIONARY
415,FY-2025,A-0107,L-1120,APPROPRIATIONS TRANSFERRED TO OTHER ACCT [TREAS ACCT],01,0.00,0.00,0.00,0.00,0.00,0.00,0.00,0.00,0.00,0.00,0.00,0.00,A-068-0107,SCIENCE AND TECHNOLOGY,304,NS,DISCRETIONARY
416,FY-2025,A-0107,L-1160,"APPROPRIATION, DISCRETIONARY (TOTAL)",01,802000000.00,802000000.00,1010000000.00,0.00,0.00,0.00,0.00,0.00,0.00,0.00,0.00,0.00,A-068-0107,SCIENCE AND TECHNOLOGY,304,NS,DISCRETIONARY
417,FY-2025,A-0107,L-116040,APPROPRIATION [PC&B],01,360000000.00,360000000.00,415000000.00,425000000.00,434000000.00,444000000.00,455000000.00,465000000.00,476000000.00,487000000.00,498000000.00,509000000.00,A-068-0107,SCIENCE AND TECHNOLOGY,304,"DISCRETIONARY, APPROPRIATIONS COMMITTEE",DISCRETIONARY
418,FY-2025,A-0107,L-116050,BASELINE PAY/NON-PAY,01,360000000.00,0.00,0.00,0.00,0.00,0.00,0.00,0.00,0.00,0.00,0.00,0.00,A-068-0107,SCIENCE AND TECHNOLOGY,304,"DISCRETIONARY, APPROPRIATIONS COMMITTEE",DISCRETIONARY
419,FY-2025,A-0107,L-116050,BASELINE PAY/NON-PAY,01,0.00,356000000.00,371000000.00,382000000.00,394000000.00,406000000.00,418000000.00,430000000.00,443000000.00,457000000.00,470000000.00,484000000.00,A-068-0107,SCIENCE AND TECHNOLOGY,304,"DISCRETIONARY, APPROPRIATIONS COMMITTEE",DISCRETIONARY
420,FY-2025,A-0107,L-116050,BASELINE PAY/NON-PAY,01,0.00,4000000.00,4000000.00,4000000.00,4000000.00,5000000.00,5000000.00,5000000.00,5000000.00,5000000.00,5000000.00,5000000.00,A-068-0107,SCIENCE AND TECHNOLOGY,304,"DISCRETIONARY, APPROPRIATIONS COMMITTEE",DISCRETIONARY
421,FY-2025,A-0107,L-116061,NEW AUTHORITY,01,236000000.00,253000000.00,292000000.00,299000000.00,306000000.00,313000000.00,320000000.00,327000000.00,335000000.00,343000000.00,351000000.00,358000000.00,A-068-0107,SCIENCE AND TECHNOLOGY,304,"DISCRETIONARY, APPROPRIATIONS COMMITTEE",DISCRETIONARY
422,FY-2025,A-0107,L-116062,BALANCES (EXCL OF EOY PY BAL),01,14000000.00,0.00,107000000.00,123000000.00,126000000.00,128000000.00,131000000.00,135000000.00,138000000.00,141000000.00,144000000.00,147000000.00,A-068-0107,SCIENCE AND TECHNOLOGY,304,"DISCRETIONARY, APPROPRIATIONS COMMITTEE",DISCRETIONARY
423,FY-2025,A-0107,L-116063,END OF PY BALANCES,01,0.00,111000000.00,0.00,0.00,0.00,0.00,0.00,0.00,0.00,0.00,0.00,0.00,A-068-0107,SCIENCE AND TECHNOLOGY,304,"DISCRETIONARY, APPROPRIATIONS COMMITTEE",DISCRETIONARY
424,FY-2025,A-0107,L-116081,NEW AUTHORITY,01,236000000.00,253000000.00,264000000.00,272000000.00,280000000.00,289000000.00,298000000.00,306000000.00,315000000.00,325000000.00,334000000.00,344000000.00,A-068-0107,SCIENCE AND TECHNOLOGY,304,"DISCRETIONARY, APPROPRIATIONS COMMITTEE",DISCRETIONARY
425,FY-2025,A-0107,L-116082,BALANCES (EXCL OF EOY PY BAL),01,14000000.00,0.00,107000000.00,111000000.00,114000000.00,118000000.00,122000000.00,125000000.00,129000000.00,133000000.00,137000000.00,141000000.00,A-068-0107,SCIENCE AND TECHNOLOGY,304,"DISCRETIONARY, APPROPRIATIONS COMMITTEE",DISCRETIONARY
426,FY-2025,A-0107,L-116083,END OF PY BALANCES,01,0.00,111000000.00,0.00,0.00,0.00,0.00,0.00,0.00,0.00,0.00,0.00,0.00,A-068-0107,SCIENCE AND TECHNOLOGY,304,"DISCRETIONARY, APPROPRIATIONS COMMITTEE",DISCRETIONARY
427,FY-2025,A-0107,L-116040,APPROPRIATION [CONTRACT AND EXPENSES],02,390000000.00,390000000.00,519000000.00,531000000.00,543000000.00,556000000.00,568000000.00,581000000.00,595000000.00,609000000.00,623000000.00,637000000.00,A-068-0107,SCIENCE AND TECHNOLOGY,304,"DISCRETIONARY, APPROPRIATIONS COMMITTEE",DISCRETIONARY
428,FY-2025,A-0107,L-116050,BASELINE PAY/NON-PAY,02,390000000.00,0.00,0.00,0.00,0.00,0.00,0.00,0.00,0.00,0.00,0.00,0.00,A-068-0107,SCIENCE AND TECHNOLOGY,304,"DISCRETIONARY, APPROPRIATIONS COMMITTEE",DISCRETIONARY
429,FY-2025,A-0107,L-116050,BASELINE PAY/NON-PAY,02,0.00,390000000.00,399000000.00,407000000.00,415000000.00,424000000.00,433000000.00,442000000.00,452000000.00,461000000.00,471000000.00,481000000.00,A-068-0107,SCIENCE AND TECHNOLOGY,304,"DISCRETIONARY, APPROPRIATIONS COMMITTEE",DISCRETIONARY
430,FY-2025,A-0107,L-116061,NEW AUTHORITY,02,248000000.00,193000000.00,257000000.00,263000000.00,269000000.00,276000000.00,282000000.00,288000000.00,295000000.00,302000000.00,309000000.00,316000000.00,A-068-0107,SCIENCE AND TECHNOLOGY,304,"DISCRETIONARY, APPROPRIATIONS COMMITTEE",DISCRETIONARY
431,FY-2025,A-0107,L-116062,BALANCES (EXCL OF EOY PY BAL),02,218000000.00,0.00,197000000.00,262000000.00,268000000.00,274000000.00,280000000.00,286000000.00,293000000.00,300000000.00,307000000.00,314000000.00,A-068-0107,SCIENCE AND TECHNOLOGY,304,"DISCRETIONARY, APPROPRIATIONS COMMITTEE",DISCRETIONARY
432,FY-2025,A-0107,L-116063,END OF PY BALANCES,02,0.00,191000000.00,0.00,0.00,0.00,0.00,0.00,0.00,0.00,0.00,0.00,0.00,A-068-0107,SCIENCE AND TECHNOLOGY,304,"DISCRETIONARY, APPROPRIATIONS COMMITTEE",DISCRETIONARY
433,FY-2025,A-0107,L-116081,NEW AUTHORITY,02,248000000.00,193000000.00,198000000.00,202000000.00,206000000.00,210000000.00,215000000.00,219000000.00,224000000.00,229000000.00,234000000.00,239000000.00,A-068-0107,SCIENCE AND TECHNOLOGY,304,"DISCRETIONARY, APPROPRIATIONS COMMITTEE",DISCRETIONARY
434,FY-2025,A-0107,L-116082,BALANCES (EXCL OF EOY PY BAL),02,218000000.00,0.00,197000000.00,201000000.00,205000000.00,209000000.00,214000000.00,218000000.00,223000000.00,228000000.00,232000000.00,237000000.00,A-068-0107,SCIENCE AND TECHNOLOGY,304,"DISCRETIONARY, APPROPRIATIONS COMMITTEE",DISCRETIONARY
435,FY-2025,A-0107,L-116083,END OF PY BALANCES,02,0.00,191000000.00,0.00,0.00,0.00,0.00,0.00,0.00,0.00,0.00,0.00,0.00,A-068-0107,SCIENCE AND TECHNOLOGY,304,"DISCRETIONARY, APPROPRIATIONS COMMITTEE",DISCRETIONARY
436,FY-2025,A-0107,L-116040,APPROPRIATION [HOMELAND SECURITY PB&C],03,16000000.00,16000000.00,24000000.00,25000000.00,25000000.00,26000000.00,26000000.00,27000000.00,28000000.00,28000000.00,29000000.00,29000000.00,A-068-0107,SCIENCE AND TECHNOLOGY,304,"DISCRETIONARY, APPROPRIATIONS COMMITTEE",DISCRETIONARY
437,FY-2025,A-0107,L-116050,BASELINE PAY/NON-PAY,03,16000000.00,0.00,0.00,0.00,0.00,0.00,0.00,0.00,0.00,0.00,0.00,0.00,A-068-0107,SCIENCE AND TECHNOLOGY,304,"DISCRETIONARY, APPROPRIATIONS COMMITTEE",DISCRETIONARY
438,FY-2025,A-0107,L-116050,BASELINE PAY/NON-PAY,03,0.00,16000000.00,17000000.00,17000000.00,18000000.00,18000000.00,19000000.00,19000000.00,20000000.00,21000000.00,21000000.00,22000000.00,A-068-0107,SCIENCE AND TECHNOLOGY,304,"DISCRETIONARY, APPROPRIATIONS COMMITTEE",DISCRETIONARY
439,FY-2025,A-0107,L-116061,NEW AUTHORITY,03,15000000.00,11000000.00,17000000.00,18000000.00,18000000.00,19000000.00,19000000.00,19000000.00,20000000.00,20000000.00,21000000.00,21000000.00,A-068-0107,SCIENCE AND TECHNOLOGY,304,"DISCRETIONARY, APPROPRIATIONS COMMITTEE",DISCRETIONARY
440,FY-2025,A-0107,L-116062,BALANCES (EXCL OF EOY PY BAL),03,1000000.00,0.00,5000000.00,7000000.00,7000000.00,7000000.00,7000000.00,7000000.00,8000000.00,8000000.00,8000000.00,8000000.00,A-068-0107,SCIENCE AND TECHNOLOGY,304,"DISCRETIONARY, APPROPRIATIONS COMMITTEE",DISCRETIONARY
441,FY-2025,A-0107,L-116063,END OF PY BALANCES,03,0.00,5000000.00,0.00,0.00,0.00,0.00,0.00,0.00,0.00,0.00,0.00,0.00,A-068-0107,SCIENCE AND TECHNOLOGY,304,"DISCRETIONARY, APPROPRIATIONS COMMITTEE",DISCRETIONARY
442,FY-2025,A-0107,L-116081,NEW AUTHORITY,03,15000000.00,11000000.00,12000000.00,12000000.00,13000000.00,13000000.00,14000000.00,14000000.00,14000000.00,15000000.00,15000000.00,16000000.00,A-068-0107,SCIENCE AND TECHNOLOGY,304,"DISCRETIONARY, APPROPRIATIONS COMMITTEE",DISCRETIONARY
443,FY-2025,A-0107,L-116082,BALANCES (EXCL OF EOY PY BAL),03,1000000.00,0.00,5000000.00,5000000.00,5000000.00,5000000.00,5000000.00,5000000.00,5000000.00,6000000.00,6000000.00,6000000.00,A-068-0107,SCIENCE AND TECHNOLOGY,304,"DISCRETIONARY, APPROPRIATIONS COMMITTEE",DISCRETIONARY
444,FY-2025,A-0107,L-116083,END OF PY BALANCES,03,0.00,5000000.00,0.00,0.00,0.00,0.00,0.00,0.00,0.00,0.00,0.00,0.00,A-068-0107,SCIENCE AND TECHNOLOGY,304,"DISCRETIONARY, APPROPRIATIONS COMMITTEE",DISCRETIONARY
445,FY-2025,A-0107,L-116040,APPROPRIATION [HOMELAND SECURITY],04,23000000.00,23000000.00,52000000.00,53000000.00,54000000.00,56000000.00,57000000.00,58000000.00,60000000.00,61000000.00,62000000.00,64000000.00,A-068-0107,SCIENCE AND TECHNOLOGY,304,"DISCRETIONARY, APPROPRIATIONS COMMITTEE",DISCRETIONARY
446,FY-2025,A-0107,L-116050,BASELINE PAY/NON-PAY,04,23000000.00,0.00,0.00,0.00,0.00,0.00,0.00,0.00,0.00,0.00,0.00,0.00,A-068-0107,SCIENCE AND TECHNOLOGY,304,"DISCRETIONARY, APPROPRIATIONS COMMITTEE",DISCRETIONARY
447,FY-2025,A-0107,L-116050,BASELINE PAY/NON-PAY,04,0.00,23000000.00,24000000.00,24000000.00,25000000.00,25000000.00,26000000.00,26000000.00,27000000.00,27000000.00,28000000.00,28000000.00,A-068-0107,SCIENCE AND TECHNOLOGY,304,"DISCRETIONARY, APPROPRIATIONS COMMITTEE",DISCRETIONARY
448,FY-2025,A-0107,L-116061,NEW AUTHORITY,04,8000000.00,6000000.00,13000000.00,13000000.00,13000000.00,14000000.00,14000000.00,14000000.00,15000000.00,15000000.00,15000000.00,16000000.00,A-068-0107,SCIENCE AND TECHNOLOGY,304,"DISCRETIONARY, APPROPRIATIONS COMMITTEE",DISCRETIONARY
449,FY-2025,A-0107,L-116062,BALANCES (EXCL OF EOY PY BAL),04,15000000.00,0.00,17000000.00,39000000.00,40000000.00,41000000.00,42000000.00,43000000.00,44000000.00,45000000.00,46000000.00,47000000.00,A-068-0107,SCIENCE AND TECHNOLOGY,304,"DISCRETIONARY, APPROPRIATIONS COMMITTEE",DISCRETIONARY
450,FY-2025,A-0107,L-116063,END OF PY BALANCES,04,0.00,15000000.00,0.00,0.00,0.00,0.00,0.00,0.00,0.00,0.00,0.00,0.00,A-068-0107,SCIENCE AND TECHNOLOGY,304,"DISCRETIONARY, APPROPRIATIONS COMMITTEE",DISCRETIONARY
451,FY-2025,A-0107,L-116081,NEW AUTHORITY,04,8000000.00,6000000.00,6000000.00,6000000.00,6000000.00,6000000.00,6000000.00,6000000.00,7000000.00,7000000.00,7000000.00,7000000.00,A-068-0107,SCIENCE AND TECHNOLOGY,304,"DISCRETIONARY, APPROPRIATIONS COMMITTEE",DISCRETIONARY
452,FY-2025,A-0107,L-116082,BALANCES (EXCL OF EOY PY BAL),04,15000000.00,0.00,17000000.00,18000000.00,18000000.00,19000000.00,19000000.00,20000000.00,20000000.00,20000000.00,20000000.00,21000000.00,A-068-0107,SCIENCE AND TECHNOLOGY,304,"DISCRETIONARY, APPROPRIATIONS COMMITTEE",DISCRETIONARY
453,FY-2025,A-0107,L-116083,END OF PY BALANCES,04,0.00,15000000.00,0.00,0.00,0.00,0.00,0.00,0.00,0.00,0.00,0.00,0.00,A-068-0107,SCIENCE AND TECHNOLOGY,304,"DISCRETIONARY, APPROPRIATIONS COMMITTEE",DISCRETIONARY
454,FY-2025,A-0107,L-116040,APPROPRIATION [EARMARKS],05,13000000.00,13000000.00,0.00,0.00,0.00,0.00,0.00,0.00,0.00,0.00,0.00,0.00,A-068-0107,SCIENCE AND TECHNOLOGY,304,"DISCRETIONARY, APPROPRIATIONS COMMITTEE",DISCRETIONARY
455,FY-2025,A-0107,L-116050,BASELINE PAY/NON-PAY,05,13000000.00,0.00,0.00,0.00,0.00,0.00,0.00,0.00,0.00,0.00,0.00,0.00,A-068-0107,SCIENCE AND TECHNOLOGY,304,"DISCRETIONARY, APPROPRIATIONS COMMITTEE",DISCRETIONARY
456,FY-2025,A-0107,L-116050,BASELINE PAY/NON-PAY,05,0.00,0.00,0.00,0.00,0.00,0.00,0.00,0.00,0.00,0.00,0.00,0.00,A-068-0107,SCIENCE AND TECHNOLOGY,304,"DISCRETIONARY, APPROPRIATIONS COMMITTEE",DISCRETIONARY
457,FY-2025,A-0107,L-116050,BASELINE PAY/NON-PAY,05,0.00,13000000.00,13000000.00,14000000.00,14000000.00,14000000.00,14000000.00,15000000.00,15000000.00,15000000.00,16000000.00,16000000.00,A-068-0107,SCIENCE AND TECHNOLOGY,304,"DISCRETIONARY, APPROPRIATIONS COMMITTEE",DISCRETIONARY
458,FY-2025,A-0107,L-116061,NEW AUTHORITY,05,7000000.00,0.00,0.00,0.00,0.00,0.00,0.00,0.00,0.00,0.00,0.00,0.00,A-068-0107,SCIENCE AND TECHNOLOGY,304,"DISCRETIONARY, APPROPRIATIONS COMMITTEE",DISCRETIONARY
459,FY-2025,A-0107,L-116062,BALANCES (EXCL OF EOY PY BAL),05,23000000.00,0.00,1000000.00,5000000.00,5000000.00,3000000.00,0.00,0.00,0.00,0.00,0.00,0.00,A-068-0107,SCIENCE AND TECHNOLOGY,304,"DISCRETIONARY, APPROPRIATIONS COMMITTEE",DISCRETIONARY
460,FY-2025,A-0107,L-116063,END OF PY BALANCES,05,0.00,2000000.00,6000000.00,6000000.00,3000000.00,0.00,0.00,0.00,0.00,0.00,0.00,0.00,A-068-0107,SCIENCE AND TECHNOLOGY,304,"DISCRETIONARY, APPROPRIATIONS COMMITTEE",DISCRETIONARY
461,FY-2025,A-0107,L-116081,NEW AUTHORITY,05,7000000.00,0.00,0.00,0.00,0.00,0.00,0.00,0.00,0.00,0.00,0.00,0.00,A-068-0107,SCIENCE AND TECHNOLOGY,304,"DISCRETIONARY, APPROPRIATIONS COMMITTEE",DISCRETIONARY
462,FY-2025,A-0107,L-116082,BALANCES (EXCL OF EOY PY BAL),05,23000000.00,0.00,1000000.00,6000000.00,10000000.00,13000000.00,14000000.00,14000000.00,14000000.00,14000000.00,15000000.00,15000000.00,A-068-0107,SCIENCE AND TECHNOLOGY,304,"DISCRETIONARY, APPROPRIATIONS COMMITTEE",DISCRETIONARY
463,FY-2025,A-0107,L-116083,END OF PY BALANCES,05,0.00,2000000.00,6000000.00,6000000.00,3000000.00,0.00,0.00,0.00,0.00,0.00,0.00,0.00,A-068-0107,SCIENCE AND TECHNOLOGY,304,"DISCRETIONARY, APPROPRIATIONS COMMITTEE",DISCRETIONARY
464,FY-2025,A-0107,L-1200,APPROPRIATION,01,0.00,0.00,0.00,0.00,0.00,0.00,0.00,0.00,0.00,0.00,0.00,0.00,A-068-0107,SCIENCE AND TECHNOLOGY,304,NS,MANDATORY
465,FY-2025,A-0107,L-1260,"APPROPRIATIONS, MANDATORY (TOTAL)",01,0.00,0.00,0.00,0.00,0.00,0.00,0.00,0.00,0.00,0.00,0.00,0.00,A-068-0107,SCIENCE AND TECHNOLOGY,304,NS,MANDATORY
466,FY-2025,A-0107,L-126040,APPROPRIATION [IRA],01,0.00,0.00,0.00,0.00,0.00,0.00,0.00,0.00,0.00,0.00,0.00,0.00,A-068-0107,SCIENCE AND TECHNOLOGY,304,"MANDATORY, AUTHORIZING COMMITTEE",MANDATORY
467,FY-2025,A-0107,L-126050,BASELINE PAY/NON-PAY,01,0.00,0.00,0.00,0.00,0.00,0.00,0.00,0.00,0.00,0.00,0.00,0.00,A-068-0107,SCIENCE AND TECHNOLOGY,304,"MANDATORY, AUTHORIZING COMMITTEE",MANDATORY
468,FY-2025,A-0107,L-126050,BASELINE PAY/NON-PAY,01,0.00,0.00,0.00,0.00,0.00,0.00,0.00,0.00,0.00,0.00,0.00,0.00,A-068-0107,SCIENCE AND TECHNOLOGY,304,"MANDATORY, AUTHORIZING COMMITTEE",MANDATORY
469,FY-2025,A-0107,L-126050,BASELINE PAY/NON-PAY,01,0.00,0.00,0.00,0.00,0.00,0.00,0.00,0.00,0.00,0.00,0.00,0.00,A-068-0107,SCIENCE AND TECHNOLOGY,304,"MANDATORY, AUTHORIZING COMMITTEE",MANDATORY
470,FY-2025,A-0107,L-126061,NEW AUTHORITY,01,0.00,0.00,0.00,0.00,0.00,0.00,0.00,0.00,0.00,0.00,0.00,0.00,A-068-0107,SCIENCE AND TECHNOLOGY,304,"MANDATORY, AUTHORIZING COMMITTEE",MANDATORY
471,FY-2025,A-0107,L-126062,BALANCES (EXCL OF EOY PY BAL),01,0.00,0.00,0.00,0.00,0.00,0.00,0.00,0.00,0.00,0.00,0.00,0.00,A-068-0107,SCIENCE AND TECHNOLOGY,304,"MANDATORY, AUTHORIZING COMMITTEE",MANDATORY
472,FY-2025,A-0107,L-126063,END OF PY BALANCES,01,0.00,1000000.00,7000000.00,4000000.00,0.00,0.00,0.00,0.00,0.00,0.00,0.00,0.00,A-068-0107,SCIENCE AND TECHNOLOGY,304,"MANDATORY, AUTHORIZING COMMITTEE",MANDATORY
473,FY-2025,A-0107,L-126081,NEW AUTHORITY,01,0.00,0.00,0.00,0.00,0.00,0.00,0.00,0.00,0.00,0.00,0.00,0.00,A-068-0107,SCIENCE AND TECHNOLOGY,304,"MANDATORY, AUTHORIZING COMMITTEE",MANDATORY
474,FY-2025,A-0107,L-126082,BALANCES (EXCL OF EOY PY BAL),01,0.00,0.00,0.00,0.00,0.00,0.00,0.00,0.00,0.00,0.00,0.00,0.00,A-068-0107,SCIENCE AND TECHNOLOGY,304,"MANDATORY, AUTHORIZING COMMITTEE",MANDATORY
475,FY-2025,A-0107,L-126083,END OF PY BALANCES,01,0.00,1000000.00,7000000.00,4000000.00,0.00,0.00,0.00,0.00,0.00,0.00,0.00,0.00,A-068-0107,SCIENCE AND TECHNOLOGY,304,"MANDATORY, AUTHORIZING COMMITTEE",MANDATORY
476,FY-2025,A-0107,L-1340,"BORROWING AUTHORITY, DISCRETIONARY (TOTAL)",01,0.00,0.00,0.00,0.00,0.00,0.00,0.00,0.00,0.00,0.00,0.00,0.00,A-068-0107,SCIENCE AND TECHNOLOGY,304,NS,DISCRETIONARY
477,FY-2025,A-0107,L-1540,"CONTRACT AUTHORITY, DISCRETIONARY (TOTAL)",01,0.00,0.00,0.00,0.00,0.00,0.00,0.00,0.00,0.00,0.00,0.00,0.00,A-068-0107,SCIENCE AND TECHNOLOGY,304,NS,DISCRETIONARY
478,FY-2025,A-0107,L-1700,COLLECTED,01,31000000.00,19000000.00,19000000.00,0.00,0.00,0.00,0.00,0.00,0.00,0.00,0.00,0.00,A-068-0107,SCIENCE AND TECHNOLOGY,304,NS,DISCRETIONARY
479,FY-2025,A-0107,L-1701,"CHANGE IN UNCOLLECTED PAYMENTS, FEDERAL SOURCES",01,7000000.00,0.00,0.00,0.00,0.00,0.00,0.00,0.00,0.00,0.00,0.00,0.00,A-068-0107,SCIENCE AND TECHNOLOGY,304,NS,DISCRETIONARY
480,FY-2025,A-0107,L-1710,SPENDING AUTHORITY FROM OFFSETTING COLLECTIONS TRANSFERRED TO OTHER ACCOUNTS [TREAS ACCT],01,0.00,0.00,0.00,0.00,0.00,0.00,0.00,0.00,0.00,0.00,0.00,0.00,A-068-0107,SCIENCE AND TECHNOLOGY,304,NS,DISCRETIONARY
481,FY-2025,A-0107,L-1750,"SPENDING AUTH FROM OFFSETTING COLLECTIONS, DISC (TOTAL)",01,38000000.00,19000000.00,19000000.00,0.00,0.00,0.00,0.00,0.00,0.00,0.00,0.00,0.00,A-068-0107,SCIENCE AND TECHNOLOGY,304,NS,DISCRETIONARY
482,FY-2025,A-0107,L-175040,SPENDING AUTHORITY FROM OFFSETTING COLLECTIONS [S&T REIMBURSABLES],01,38000000.00,19000000.00,19000000.00,19000000.00,20000000.00,20000000.00,21000000.00,21000000.00,22000000.00,22000000.00,23000000.00,23000000.00,A-068-0107,SCIENCE AND TECHNOLOGY,304,"DISCRETIONARY, APPROPRIATIONS COMMITTEE",DISCRETIONARY
483,FY-2025,A-0107,L-175050,SPENDING AUTHORITY FROM OFFSETTING COLLECTIONS [S&T REIMBURSABLES],01,38000000.00,19000000.00,19000000.00,19000000.00,19000000.00,19000000.00,19000000.00,19000000.00,19000000.00,19000000.00,19000000.00,19000000.00,A-068-0107,SCIENCE AND TECHNOLOGY,304,"DISCRETIONARY, APPROPRIATIONS COMMITTEE",DISCRETIONARY
484,FY-2025,A-0107,L-175061,NEW AUTHORITY,01,0.00,17000000.00,17000000.00,17000000.00,18000000.00,18000000.00,19000000.00,19000000.00,20000000.00,20000000.00,21000000.00,21000000.00,A-068-0107,SCIENCE AND TECHNOLOGY,304,"DISCRETIONARY, APPROPRIATIONS COMMITTEE",DISCRETIONARY
485,FY-2025,A-0107,L-175062,BALANCES (EXCL OF EOY PY BAL),01,0.00,0.00,2000000.00,2000000.00,2000000.00,2000000.00,2000000.00,2000000.00,2000000.00,2000000.00,2000000.00,2000000.00,A-068-0107,SCIENCE AND TECHNOLOGY,304,"DISCRETIONARY, APPROPRIATIONS COMMITTEE",DISCRETIONARY
486,FY-2025,A-0107,L-175063,END OF PY BALANCES,01,0.00,1000000.00,0.00,0.00,0.00,0.00,0.00,0.00,0.00,0.00,0.00,0.00,A-068-0107,SCIENCE AND TECHNOLOGY,304,"DISCRETIONARY, APPROPRIATIONS COMMITTEE",DISCRETIONARY
487,FY-2025,A-0107,L-175081,NEW AUTHORITY,01,0.00,17000000.00,17000000.00,17000000.00,17000000.00,17000000.00,17000000.00,17000000.00,17000000.00,17000000.00,17000000.00,17000000.00,A-068-0107,SCIENCE AND TECHNOLOGY,304,"DISCRETIONARY, APPROPRIATIONS COMMITTEE",DISCRETIONARY
488,FY-2025,A-0107,L-175082,BALANCES (EXCL OF EOY PY BAL),01,0.00,0.00,2000000.00,2000000.00,2000000.00,2000000.00,2000000.00,2000000.00,2000000.00,2000000.00,2000000.00,2000000.00,A-068-0107,SCIENCE AND TECHNOLOGY,304,"DISCRETIONARY, APPROPRIATIONS COMMITTEE",DISCRETIONARY
489,FY-2025,A-0107,L-175083,END OF PY BALANCES,01,0.00,1000000.00,0.00,0.00,0.00,0.00,0.00,0.00,0.00,0.00,0.00,0.00,A-068-0107,SCIENCE AND TECHNOLOGY,304,"DISCRETIONARY, APPROPRIATIONS COMMITTEE",DISCRETIONARY
490,FY-2025,A-0107,L-1900,BUDGET AUTHORITY (TOTAL),01,840000000.00,821000000.00,1029000000.00,0.00,0.00,0.00,0.00,0.00,0.00,0.00,0.00,0.00,A-068-0107,SCIENCE AND TECHNOLOGY,304,NS,NS
491,FY-2025,A-0107,L-1930,TOTAL BUDGETARY RESOURCES AVAILABLE,01,1016000000.00,990000000.00,1172000000.00,0.00,0.00,0.00,0.00,0.00,0.00,0.00,0.00,0.00,A-068-0107,SCIENCE AND TECHNOLOGY,304,NS,NS
492,FY-2025,A-0107,L-1940,UNOBLIGATED BALANCE EXPIRING,01,-2000000.00,0.00,0.00,0.00,0.00,0.00,0.00,0.00,0.00,0.00,0.00,0.00,A-068-0107,SCIENCE AND TECHNOLOGY,304,NS,NS
493,FY-2025,A-0107,L-1941,"UNEXPIRED UNOBLIGATED BALANCE, END OF YEAR",01,137000000.00,113000000.00,145000000.00,0.00,0.00,0.00,0.00,0.00,0.00,0.00,0.00,0.00,A-068-0107,SCIENCE AND TECHNOLOGY,304,NS,NS
494,FY-2025,A-0107,L-3000,"UNPAID OBLIGATIONS, BROUGHT FORWARD, OCT 1",01,289000000.00,358000000.00,399000000.00,0.00,0.00,0.00,0.00,0.00,0.00,0.00,0.00,0.00,A-068-0107,SCIENCE AND TECHNOLOGY,304,NS,NS
495,FY-2025,A-0107,L-3010,"NEW OBLIGATIONS, UNEXPIRED ACCOUNTS",01,877000000.00,877000000.00,1027000000.00,0.00,0.00,0.00,0.00,0.00,0.00,0.00,0.00,0.00,A-068-0107,SCIENCE AND TECHNOLOGY,304,NS,NS
496,FY-2025,A-0107,L-3011,"OBLIGATIONS (""UPWARD ADJUSTMENTS""), EXPIRED ACCOUNTS",01,1000000.00,0.00,0.00,0.00,0.00,0.00,0.00,0.00,0.00,0.00,0.00,0.00,A-068-0107,SCIENCE AND TECHNOLOGY,304,NS,NS
497,FY-2025,A-0107,L-3020,OUTLAYS (GROSS),01,-785000000.00,-806000000.00,-938000000.00,0.00,0.00,0.00,0.00,0.00,0.00,0.00,0.00,0.00,A-068-0107,SCIENCE AND TECHNOLOGY,304,NS,NS
498,FY-2025,A-0107,L-3040,"RECOVERIES OF PRIOR YEAR UNPAID OBLIGATIONS, UNEXPIRED",01,-21000000.00,-30000000.00,-30000000.00,0.00,0.00,0.00,0.00,0.00,0.00,0.00,0.00,0.00,A-068-0107,SCIENCE AND TECHNOLOGY,304,NS,NS
499,FY-2025,A-0107,L-3041,"RECOVERIES OF PRIOR YEAR UNPAID OBLIGATIONS, EXPIRED",01,-3000000.00,0.00,0.00,0.00,0.00,0.00,0.00,0.00,0.00,0.00,0.00,0.00,A-068-0107,SCIENCE AND TECHNOLOGY,304,NS,NS
500,FY-2025,A-0107,L-3050,"UNPAID OBLIGATIONS, END OF YEAR",01,358000000.00,399000000.00,458000000.00,0.00,0.00,0.00,0.00,0.00,0.00,0.00,0.00,0.00,A-068-0107,SCIENCE AND TECHNOLOGY,304,NS,NS
501,FY-2025,A-0107,L-3060,"UNCOLLECTED PYMTS, FED SOURCES, BROUGHT FORWARD, OCT 1",01,-36000000.00,-36000000.00,-36000000.00,0.00,0.00,0.00,0.00,0.00,0.00,0.00,0.00,0.00,A-068-0107,SCIENCE AND TECHNOLOGY,304,NS,NS
502,FY-2025,A-0107,L-3070,"CHANGE IN UNCOLLECTED PYMTS, FED SOURCES, UNEXPIRED",01,-7000000.00,0.00,0.00,0.00,0.00,0.00,0.00,0.00,0.00,0.00,0.00,0.00,A-068-0107,SCIENCE AND TECHNOLOGY,304,NS,NS
503,FY-2025,A-0107,L-3071,"CHANGE IN UNCOLLECTED PYMTS, FED SOURCES, EXPIRED",01,7000000.00,0.00,0.00,0.00,0.00,0.00,0.00,0.00,0.00,0.00,0.00,0.00,A-068-0107,SCIENCE AND TECHNOLOGY,304,NS,NS
504,FY-2025,A-0107,L-3090,"UNCOLLECTED PYMTS, FED SOURCES, END OF YEAR",01,-36000000.00,-36000000.00,-36000000.00,0.00,0.00,0.00,0.00,0.00,0.00,0.00,0.00,0.00,A-068-0107,SCIENCE AND TECHNOLOGY,304,NS,NS
505,FY-2025,A-0107,L-3100,"OBLIGATED BALANCE, START OF YEAR",01,253000000.00,322000000.00,363000000.00,0.00,0.00,0.00,0.00,0.00,0.00,0.00,0.00,0.00,A-068-0107,SCIENCE AND TECHNOLOGY,304,NS,NS
506,FY-2025,A-0107,L-3200,"OBLIGATED BALANCE, END OF YEAR",01,322000000.00,363000000.00,422000000.00,0.00,0.00,0.00,0.00,0.00,0.00,0.00,0.00,0.00,A-068-0107,SCIENCE AND TECHNOLOGY,304,NS,NS
507,FY-2025,A-0107,L-4000,"BUDGET AUTHORITY, GROSS",01,840000000.00,821000000.00,1029000000.00,0.00,0.00,0.00,0.00,0.00,0.00,0.00,0.00,0.00,A-068-0107,SCIENCE AND TECHNOLOGY,304,NS,DISCRETIONARY
508,FY-2025,A-0107,L-4010,OUTLAYS FROM NEW DISCRETIONARY AUTHORITY,01,514000000.00,480000000.00,596000000.00,0.00,0.00,0.00,0.00,0.00,0.00,0.00,0.00,0.00,A-068-0107,SCIENCE AND TECHNOLOGY,304,NS,DISCRETIONARY
509,FY-2025,A-0107,L-4011,OUTLAYS FROM DISCRETIONARY BALANCES,01,271000000.00,325000000.00,335000000.00,0.00,0.00,0.00,0.00,0.00,0.00,0.00,0.00,0.00,A-068-0107,SCIENCE AND TECHNOLOGY,304,NS,DISCRETIONARY
510,FY-2025,A-0107,L-4020,"OUTLAYS, GROSS (TOTAL)",01,785000000.00,805000000.00,931000000.00,0.00,0.00,0.00,0.00,0.00,0.00,0.00,0.00,0.00,A-068-0107,SCIENCE AND TECHNOLOGY,304,NS,DISCRETIONARY
511,FY-2025,A-0107,L-4030,FEDERAL SOURCES,01,-36000000.00,-19000000.00,-19000000.00,0.00,0.00,0.00,0.00,0.00,0.00,0.00,0.00,0.00,A-068-0107,SCIENCE AND TECHNOLOGY,304,NS,DISCRETIONARY
512,FY-2025,A-0107,L-403041,POLICY PROGRAM [TEXT],01,-36000000.00,-19000000.00,-19000000.00,-19000000.00,-20000000.00,-20000000.00,-21000000.00,-21000000.00,-22000000.00,-22000000.00,-23000000.00,-23000000.00,A-068-0107,SCIENCE AND TECHNOLOGY,304,"DISCRETIONARY, APPROPRIATIONS COMMITTEE",DISCRETIONARY
513,FY-2025,A-0107,L-403071,BASELINE PROGRAM [TEXT],01,-36000000.00,-19000000.00,-19000000.00,-19000000.00,-19000000.00,-19000000.00,-19000000.00,-19000000.00,-19000000.00,-19000000.00,-19000000.00,-19000000.00,A-068-0107,SCIENCE AND TECHNOLOGY,304,"DISCRETIONARY, APPROPRIATIONS COMMITTEE",DISCRETIONARY
514,FY-2025,A-0107,L-4033,NON-FEDERAL SOURCES,01,-1000000.00,0.00,0.00,0.00,0.00,0.00,0.00,0.00,0.00,0.00,0.00,0.00,A-068-0107,SCIENCE AND TECHNOLOGY,304,NS,DISCRETIONARY
515,FY-2025,A-0107,L-403341,POLICY PROGRAM [TEXT],01,-1000000.00,0.00,0.00,0.00,0.00,0.00,0.00,0.00,0.00,0.00,0.00,0.00,A-068-0107,SCIENCE AND TECHNOLOGY,304,"DISCRETIONARY, APPROPRIATIONS COMMITTEE",DISCRETIONARY
516,FY-2025,A-0107,L-403371,BASELINE PROGRAM [TEXT],01,-1000000.00,0.00,0.00,0.00,0.00,0.00,0.00,0.00,0.00,0.00,0.00,0.00,A-068-0107,SCIENCE AND TECHNOLOGY,304,"DISCRETIONARY, APPROPRIATIONS COMMITTEE",DISCRETIONARY
517,FY-2025,A-0107,L-4040,OFFSETS AGAINST GROSS BUDGET AUTHORITY  AND OUTLAYS (TOTAL),01,-37000000.00,-19000000.00,-19000000.00,0.00,0.00,0.00,0.00,0.00,0.00,0.00,0.00,0.00,A-068-0107,SCIENCE AND TECHNOLOGY,304,NS,DISCRETIONARY
518,FY-2025,A-0107,L-4050,"CHANGE IN UNCOLLECTED PYMTS, FED SOURCES, UNEXPIRED",01,-7000000.00,0.00,0.00,0.00,0.00,0.00,0.00,0.00,0.00,0.00,0.00,0.00,A-068-0107,SCIENCE AND TECHNOLOGY,304,NS,DISCRETIONARY
519,FY-2025,A-0107,L-405041,POLICY PROGRAM [TEXT],01,-7000000.00,0.00,0.00,0.00,0.00,0.00,0.00,0.00,0.00,0.00,0.00,0.00,A-068-0107,SCIENCE AND TECHNOLOGY,304,"DISCRETIONARY, APPROPRIATIONS COMMITTEE",DISCRETIONARY
520,FY-2025,A-0107,L-405071,BASELINE PROGRAM [TEXT],01,-7000000.00,0.00,0.00,0.00,0.00,0.00,0.00,0.00,0.00,0.00,0.00,0.00,A-068-0107,SCIENCE AND TECHNOLOGY,304,"DISCRETIONARY, APPROPRIATIONS COMMITTEE",DISCRETIONARY
521,FY-2025,A-0107,L-4052,OFFSETTING COLLECTIONS CREDITED TO EXPIRED ACCOUNTS,01,6000000.00,0.00,0.00,0.00,0.00,0.00,0.00,0.00,0.00,0.00,0.00,0.00,A-068-0107,SCIENCE AND TECHNOLOGY,304,NS,DISCRETIONARY
522,FY-2025,A-0107,L-405241,POLICY PROGRAM [TEXT],01,6000000.00,0.00,0.00,0.00,0.00,0.00,0.00,0.00,0.00,0.00,0.00,0.00,A-068-0107,SCIENCE AND TECHNOLOGY,304,"DISCRETIONARY, APPROPRIATIONS COMMITTEE",DISCRETIONARY
523,FY-2025,A-0107,L-405271,BASELINE PROGRAM [TEXT],01,6000000.00,0.00,0.00,0.00,0.00,0.00,0.00,0.00,0.00,0.00,0.00,0.00,A-068-0107,SCIENCE AND TECHNOLOGY,304,"DISCRETIONARY, APPROPRIATIONS COMMITTEE",DISCRETIONARY
524,FY-2025,A-0107,L-4060,ADDITIONAL OFFSETS AGAINST BUDGET AUTHORITY ONLY (TOTAL),01,-1000000.00,0.00,0.00,0.00,0.00,0.00,0.00,0.00,0.00,0.00,0.00,0.00,A-068-0107,SCIENCE AND TECHNOLOGY,304,NS,DISCRETIONARY
525,FY-2025,A-0107,L-4070,"BUDGET AUTHORITY, NET (DISCRETIONARY)",01,802000000.00,802000000.00,1010000000.00,0.00,0.00,0.00,0.00,0.00,0.00,0.00,0.00,0.00,A-068-0107,SCIENCE AND TECHNOLOGY,304,NS,DISCRETIONARY
526,FY-2025,A-0107,L-4080,"OUTLAYS, NET (DISCRETIONARY)",01,748000000.00,786000000.00,912000000.00,0.00,0.00,0.00,0.00,0.00,0.00,0.00,0.00,0.00,A-068-0107,SCIENCE AND TECHNOLOGY,304,NS,DISCRETIONARY
527,FY-2025,A-0107,L-4101,OUTLAYS FROM MANDATORY BALANCES,01,0.00,1000000.00,7000000.00,0.00,0.00,0.00,0.00,0.00,0.00,0.00,0.00,0.00,A-068-0107,SCIENCE AND TECHNOLOGY,304,NS,MANDATORY
528,FY-2025,A-0107,L-4160,"BUDGET AUTHORITY, NET (MANDATORY)",01,0.00,0.00,0.00,0.00,0.00,0.00,0.00,0.00,0.00,0.00,0.00,0.00,A-068-0107,SCIENCE AND TECHNOLOGY,304,NS,MANDATORY
529,FY-2025,A-0107,L-4170,"OUTLAYS, NET (MANDATORY)",01,0.00,1000000.00,7000000.00,0.00,0.00,0.00,0.00,0.00,0.00,0.00,0.00,0.00,A-068-0107,SCIENCE AND TECHNOLOGY,304,NS,MANDATORY
530,FY-2025,A-0107,L-4180,"BUDGET AUTHORITY, NET (TOTAL)",01,802000000.00,802000000.00,1010000000.00,0.00,0.00,0.00,0.00,0.00,0.00,0.00,0.00,0.00,A-068-0107,SCIENCE AND TECHNOLOGY,304,NS,NS
531,FY-2025,A-0107,L-4190,"OUTLAYS, NET (TOTAL)",01,748000000.00,787000000.00,919000000.00,0.00,0.00,0.00,0.00,0.00,0.00,0.00,0.00,0.00,A-068-0107,SCIENCE AND TECHNOLOGY,304,NS,NS
532,FY-2025,A-0107,L-5311,"DIRECT UNOBLIGATED BALANCE, START OF YEAR",01,149000000.00,0.00,0.00,0.00,0.00,0.00,0.00,0.00,0.00,0.00,0.00,0.00,A-068-0107,SCIENCE AND TECHNOLOGY,304,NS,NS
533,FY-2025,A-0107,L-5312,"REIMBURSABLE UNOBLIGATED BALANCE, START OF YEAR",01,6000000.00,0.00,0.00,0.00,0.00,0.00,0.00,0.00,0.00,0.00,0.00,0.00,A-068-0107,SCIENCE AND TECHNOLOGY,304,NS,NS
534,FY-2025,A-0107,L-5313,"DISCRETIONARY UNOBLIGATED BALANCE, START OF YEAR",01,154000000.00,0.00,0.00,0.00,0.00,0.00,0.00,0.00,0.00,0.00,0.00,0.00,A-068-0107,SCIENCE AND TECHNOLOGY,304,NS,DISCRETIONARY
535,FY-2025,A-0107,L-5314,"MANDATORY UNOBLIGATED BALANCE, START OF YEAR",01,0.00,0.00,0.00,0.00,0.00,0.00,0.00,0.00,0.00,0.00,0.00,0.00,A-068-0107,SCIENCE AND TECHNOLOGY,304,NS,MANDATORY
536,FY-2025,A-0107,L-5321,"DIRECT UNOBLIGATED BALANCE, END OF YEAR",01,135000000.00,0.00,0.00,0.00,0.00,0.00,0.00,0.00,0.00,0.00,0.00,0.00,A-068-0107,SCIENCE AND TECHNOLOGY,304,NS,NS
537,FY-2025,A-0107,L-5322,"REIMBURSABLE UNOBLIGATED BALANCE, END OF YEAR",01,5000000.00,0.00,0.00,0.00,0.00,0.00,0.00,0.00,0.00,0.00,0.00,0.00,A-068-0107,SCIENCE AND TECHNOLOGY,304,NS,NS
538,FY-2025,A-0107,L-5323,"DISCRETIONARY UNOBLIGATED BALANCE, END OF YEAR",01,139000000.00,0.00,0.00,0.00,0.00,0.00,0.00,0.00,0.00,0.00,0.00,0.00,A-068-0107,SCIENCE AND TECHNOLOGY,304,NS,DISCRETIONARY
539,FY-2025,A-0107,L-5324,"MANDATORY UNOBLIGATED BALANCE, END OF YEAR",01,0.00,0.00,0.00,0.00,0.00,0.00,0.00,0.00,0.00,0.00,0.00,0.00,A-068-0107,SCIENCE AND TECHNOLOGY,304,NS,MANDATORY
540,FY-2025,A-0107,L-5331,"DIRECT OBLIGATED BALANCE, START OF YEAR",01,258000000.00,327000000.00,0.00,0.00,0.00,0.00,0.00,0.00,0.00,0.00,0.00,0.00,A-068-0107,SCIENCE AND TECHNOLOGY,304,NS,NS
541,FY-2025,A-0107,L-5332,"REIMBURSABLE OBLIGATED BALANCE, START OF YEAR",01,-5000000.00,-4000000.00,0.00,0.00,0.00,0.00,0.00,0.00,0.00,0.00,0.00,0.00,A-068-0107,SCIENCE AND TECHNOLOGY,304,NS,NS
542,FY-2025,A-0107,L-5333,"DISCRETIONARY OBLIGATED BALANCE, START OF YEAR",01,253000000.00,323000000.00,0.00,0.00,0.00,0.00,0.00,0.00,0.00,0.00,0.00,0.00,A-068-0107,SCIENCE AND TECHNOLOGY,304,NS,DISCRETIONARY
543,FY-2025,A-0107,L-5341,"DIRECT OBLIGATED BALANCE, END OF YEAR",01,327000000.00,0.00,0.00,0.00,0.00,0.00,0.00,0.00,0.00,0.00,0.00,0.00,A-068-0107,SCIENCE AND TECHNOLOGY,304,NS,NS
544,FY-2025,A-0107,L-5342,"REIMBURSABLE OBLIGATED BALANCE, END OF YEAR",01,-4000000.00,0.00,0.00,0.00,0.00,0.00,0.00,0.00,0.00,0.00,0.00,0.00,A-068-0107,SCIENCE AND TECHNOLOGY,304,NS,NS
545,FY-2025,A-0107,L-5343,"DISCRETIONARY OBLIGATED BALANCE, END OF YEAR",01,323000000.00,0.00,0.00,0.00,0.00,0.00,0.00,0.00,0.00,0.00,0.00,0.00,A-068-0107,SCIENCE AND TECHNOLOGY,304,NS,DISCRETIONARY
546,FY-2025,A-0107,L-1111,FULL-TIME PERMANENT,01,256000000.00,256000000.00,291000000.00,0.00,0.00,0.00,0.00,0.00,0.00,0.00,0.00,0.00,A-068-0107,SCIENCE AND TECHNOLOGY,304,NS,NS
547,FY-2025,A-0107,L-1113,OTHER THAN FULL-TIME PERMANENT,01,14000000.00,14000000.00,16000000.00,0.00,0.00,0.00,0.00,0.00,0.00,0.00,0.00,0.00,A-068-0107,SCIENCE AND TECHNOLOGY,304,NS,NS
548,FY-2025,A-0107,L-1115,OTHER PERSONNEL COMPENSATION,01,7000000.00,7000000.00,8000000.00,0.00,0.00,0.00,0.00,0.00,0.00,0.00,0.00,0.00,A-068-0107,SCIENCE AND TECHNOLOGY,304,NS,NS
549,FY-2025,A-0107,L-1117,MILITARY PERSONNEL,01,1000000.00,1000000.00,1000000.00,0.00,0.00,0.00,0.00,0.00,0.00,0.00,0.00,0.00,A-068-0107,SCIENCE AND TECHNOLOGY,304,NS,NS
550,FY-2025,A-0107,L-1119,TOTAL PERSONNEL COMPENSATION,01,278000000.00,278000000.00,316000000.00,0.00,0.00,0.00,0.00,0.00,0.00,0.00,0.00,0.00,A-068-0107,SCIENCE AND TECHNOLOGY,304,NS,NS
551,FY-2025,A-0107,L-1121,CIVILIAN PERSONNEL BENEFITS,01,102000000.00,102000000.00,116000000.00,0.00,0.00,0.00,0.00,0.00,0.00,0.00,0.00,0.00,A-068-0107,SCIENCE AND TECHNOLOGY,304,NS,NS
552,FY-2025,A-0107,L-1130,BENEFITS FOR FORMER PERSONNEL,01,0.00,0.00,0.00,0.00,0.00,0.00,0.00,0.00,0.00,0.00,0.00,0.00,A-068-0107,SCIENCE AND TECHNOLOGY,304,NS,NS
553,FY-2025,A-0107,L-1210,TRAVEL AND TRANSPORTATION OF PERSONS,01,4000000.00,4000000.00,5000000.00,0.00,0.00,0.00,0.00,0.00,0.00,0.00,0.00,0.00,A-068-0107,SCIENCE AND TECHNOLOGY,304,NS,NS
554,FY-2025,A-0107,L-1220,TRANSPORTATION OF THINGS,01,1000000.00,1000000.00,1000000.00,0.00,0.00,0.00,0.00,0.00,0.00,0.00,0.00,0.00,A-068-0107,SCIENCE AND TECHNOLOGY,304,NS,NS
555,FY-2025,A-0107,L-1231,RENTAL PAYMENTS TO GSA,01,28000000.00,28000000.00,32000000.00,0.00,0.00,0.00,0.00,0.00,0.00,0.00,0.00,0.00,A-068-0107,SCIENCE AND TECHNOLOGY,304,NS,NS
556,FY-2025,A-0107,L-1232,RENTAL PAYMENTS TO OTHERS,01,1000000.00,1000000.00,1000000.00,0.00,0.00,0.00,0.00,0.00,0.00,0.00,0.00,0.00,A-068-0107,SCIENCE AND TECHNOLOGY,304,NS,NS
557,FY-2025,A-0107,L-1233,"COMMUNICATIONS, UTILITIES, AND MISCELLANEOUS CHARGES",01,13000000.00,13000000.00,15000000.00,0.00,0.00,0.00,0.00,0.00,0.00,0.00,0.00,0.00,A-068-0107,SCIENCE AND TECHNOLOGY,304,NS,NS
558,FY-2025,A-0107,L-1240,PRINTING AND REPRODUCTION,01,2000000.00,2000000.00,2000000.00,0.00,0.00,0.00,0.00,0.00,0.00,0.00,0.00,0.00,A-068-0107,SCIENCE AND TECHNOLOGY,304,NS,NS
559,FY-2025,A-0107,L-1251,ADVISORY AND ASSISTANCE SERVICES,01,84000000.00,84000000.00,96000000.00,0.00,0.00,0.00,0.00,0.00,0.00,0.00,0.00,0.00,A-068-0107,SCIENCE AND TECHNOLOGY,304,NS,NS
560,FY-2025,A-0107,L-1252,OTHER SERVICES FROM NON-FEDERAL SOURCES,01,77000000.00,77000000.00,88000000.00,0.00,0.00,0.00,0.00,0.00,0.00,0.00,0.00,0.00,A-068-0107,SCIENCE AND TECHNOLOGY,304,NS,NS
561,FY-2025,A-0107,L-1253,OTHER GOODS AND SERVICES FROM FEDERAL SOURCES,01,41000000.00,41000000.00,47000000.00,0.00,0.00,0.00,0.00,0.00,0.00,0.00,0.00,0.00,A-068-0107,SCIENCE AND TECHNOLOGY,304,NS,NS
562,FY-2025,A-0107,L-1254,OPERATION AND MAINTENANCE OF FACILITIES,01,57000000.00,57000000.00,65000000.00,0.00,0.00,0.00,0.00,0.00,0.00,0.00,0.00,0.00,A-068-0107,SCIENCE AND TECHNOLOGY,304,NS,NS
563,FY-2025,A-0107,L-1255,RESEARCH AND DEVELOPMENT CONTRACTS,01,69000000.00,69000000.00,80000000.00,0.00,0.00,0.00,0.00,0.00,0.00,0.00,0.00,0.00,A-068-0107,SCIENCE AND TECHNOLOGY,304,NS,NS
564,FY-2025,A-0107,L-1257,OPERATION AND MAINTENANCE OF EQUIPMENT,01,8000000.00,8000000.00,9000000.00,0.00,0.00,0.00,0.00,0.00,0.00,0.00,0.00,0.00,A-068-0107,SCIENCE AND TECHNOLOGY,304,NS,NS
565,FY-2025,A-0107,L-1260,SUPPLIES AND MATERIALS,01,10000000.00,10000000.00,11000000.00,0.00,0.00,0.00,0.00,0.00,0.00,0.00,0.00,0.00,A-068-0107,SCIENCE AND TECHNOLOGY,304,NS,NS
566,FY-2025,A-0107,L-1310,EQUIPMENT,01,15000000.00,15000000.00,17000000.00,0.00,0.00,0.00,0.00,0.00,0.00,0.00,0.00,0.00,A-068-0107,SCIENCE AND TECHNOLOGY,304,NS,NS
567,FY-2025,A-0107,L-1320,LAND AND STRUCTURES,01,0.00,0.00,0.00,0.00,0.00,0.00,0.00,0.00,0.00,0.00,0.00,0.00,A-068-0107,SCIENCE AND TECHNOLOGY,304,NS,NS
568,FY-2025,A-0107,L-1410,"GRANTS, SUBSIDIES, AND CONTRIBUTIONS",01,80000000.00,80000000.00,91000000.00,0.00,0.00,0.00,0.00,0.00,0.00,0.00,0.00,0.00,A-068-0107,SCIENCE AND TECHNOLOGY,304,NS,NS
569,FY-2025,A-0107,L-1420,INSURANCE CLAIMS AND INDEMNITIES,01,0.00,0.00,0.00,0.00,0.00,0.00,0.00,0.00,0.00,0.00,0.00,0.00,A-068-0107,SCIENCE AND TECHNOLOGY,304,NS,NS
570,FY-2025,A-0107,L-1990,"SUBTOTAL, OBLIGATIONS",01,870000000.00,870000000.00,992000000.00,0.00,0.00,0.00,0.00,0.00,0.00,0.00,0.00,0.00,A-068-0107,SCIENCE AND TECHNOLOGY,304,NS,NS
571,FY-2025,A-0107,L-2111,FULL-TIME PERMANENT,01,0.00,0.00,8000000.00,0.00,0.00,0.00,0.00,0.00,0.00,0.00,0.00,0.00,A-068-0107,SCIENCE AND TECHNOLOGY,304,NS,NS
572,FY-2025,A-0107,L-2113,OTHER THAN FULL-TIME PERMANENT,01,0.00,0.00,1000000.00,0.00,0.00,0.00,0.00,0.00,0.00,0.00,0.00,0.00,A-068-0107,SCIENCE AND TECHNOLOGY,304,NS,NS
573,FY-2025,A-0107,L-2119,TOTAL PERSONNEL COMPENSATION,01,0.00,0.00,9000000.00,0.00,0.00,0.00,0.00,0.00,0.00,0.00,0.00,0.00,A-068-0107,SCIENCE AND TECHNOLOGY,304,NS,NS
574,FY-2025,A-0107,L-2121,CIVILIAN PERSONNEL BENEFITS,01,0.00,0.00,3000000.00,0.00,0.00,0.00,0.00,0.00,0.00,0.00,0.00,0.00,A-068-0107,SCIENCE AND TECHNOLOGY,304,NS,NS
575,FY-2025,A-0107,L-2210,TRAVEL AND TRANSPORTATION OF PERSONS,01,0.00,0.00,0.00,0.00,0.00,0.00,0.00,0.00,0.00,0.00,0.00,0.00,A-068-0107,SCIENCE AND TECHNOLOGY,304,NS,NS
576,FY-2025,A-0107,L-2233,"COMMUNICATIONS, UTILITIES, AND MISCELLANEOUS CHARGES",01,0.00,0.00,0.00,0.00,0.00,0.00,0.00,0.00,0.00,0.00,0.00,0.00,A-068-0107,SCIENCE AND TECHNOLOGY,304,NS,NS
577,FY-2025,A-0107,L-2251,ADVISORY AND ASSISTANCE SERVICES,01,0.00,0.00,0.00,0.00,0.00,0.00,0.00,0.00,0.00,0.00,0.00,0.00,A-068-0107,SCIENCE AND TECHNOLOGY,304,NS,NS
578,FY-2025,A-0107,L-2252,OTHER SERVICES FROM NON-FEDERAL SOURCES,01,1000000.00,1000000.00,2000000.00,0.00,0.00,0.00,0.00,0.00,0.00,0.00,0.00,0.00,A-068-0107,SCIENCE AND TECHNOLOGY,304,NS,NS
579,FY-2025,A-0107,L-2253,OTHER GOODS AND SERVICES FROM FEDERAL SOURCES,01,1000000.00,1000000.00,2000000.00,0.00,0.00,0.00,0.00,0.00,0.00,0.00,0.00,0.00,A-068-0107,SCIENCE AND TECHNOLOGY,304,NS,NS
580,FY-2025,A-0107,L-2254,OPERATION AND MAINTENANCE OF FACILITIES,01,0.00,0.00,1000000.00,0.00,0.00,0.00,0.00,0.00,0.00,0.00,0.00,0.00,A-068-0107,SCIENCE AND TECHNOLOGY,304,NS,NS
581,FY-2025,A-0107,L-2255,RESEARCH AND DEVELOPMENT CONTRACTS,01,5000000.00,5000000.00,15000000.00,0.00,0.00,0.00,0.00,0.00,0.00,0.00,0.00,0.00,A-068-0107,SCIENCE AND TECHNOLOGY,304,NS,NS
582,FY-2025,A-0107,L-2257,OPERATION AND MAINTENANCE OF EQUIPMENT,01,0.00,0.00,1000000.00,0.00,0.00,0.00,0.00,0.00,0.00,0.00,0.00,0.00,A-068-0107,SCIENCE AND TECHNOLOGY,304,NS,NS
583,FY-2025,A-0107,L-2260,SUPPLIES AND MATERIALS,01,0.00,0.00,1000000.00,0.00,0.00,0.00,0.00,0.00,0.00,0.00,0.00,0.00,A-068-0107,SCIENCE AND TECHNOLOGY,304,NS,NS
584,FY-2025,A-0107,L-2310,EQUIPMENT,01,0.00,0.00,1000000.00,0.00,0.00,0.00,0.00,0.00,0.00,0.00,0.00,0.00,A-068-0107,SCIENCE AND TECHNOLOGY,304,NS,NS
585,FY-2025,A-0107,L-2410,"GRANTS, SUBSIDIES, AND CONTRIBUTIONS",01,0.00,0.00,0.00,0.00,0.00,0.00,0.00,0.00,0.00,0.00,0.00,0.00,A-068-0107,SCIENCE AND TECHNOLOGY,304,NS,NS
586,FY-2025,A-0107,L-2990,"SUBTOTAL, OBLIGATIONS",01,7000000.00,7000000.00,35000000.00,0.00,0.00,0.00,0.00,0.00,0.00,0.00,0.00,0.00,A-068-0107,SCIENCE AND TECHNOLOGY,304,NS,NS
587,FY-2025,A-0107,L-9999,"TOTAL NEW OBLIGATIONS, UNEXPIRED ACCOUNTS",01,877000000.00,877000000.00,1027000000.00,0.00,0.00,0.00,0.00,0.00,0.00,0.00,0.00,0.00,A-068-0107,SCIENCE AND TECHNOLOGY,304,NS,NS
588,FY-2025,A-0107,L-1001,DIRECT CIVILIAN FULL-TIME EQUIVALENT EMPLOYMENT,01,2055000000.00,2055000000.00,2284000000.00,0.00,0.00,0.00,0.00,0.00,0.00,0.00,0.00,0.00,A-068-0107,SCIENCE AND TECHNOLOGY,304,NS,NS
589,FY-2025,A-0107,L-1101,DIRECT MILITARY AVERAGE STRENGTH EMPLOYMENT,01,9000000.00,9000000.00,9000000.00,0.00,0.00,0.00,0.00,0.00,0.00,0.00,0.00,0.00,A-068-0107,SCIENCE AND TECHNOLOGY,304,NS,NS
590,FY-2025,A-0107,L-2001,REIMBURSABLE CIVILIAN FULL-TIME EQUIVALENT EMPLOYMENT,01,1000000.00,1000000.00,1000000.00,0.00,0.00,0.00,0.00,0.00,0.00,0.00,0.00,0.00,A-068-0107,SCIENCE AND TECHNOLOGY,304,NS,NS
591,FY-2025,A-0107,L-2101,REIMBURSABLE MILITARY AVERAGE STRENGTH EMPLOYMENT,01,0.00,0.00,0.00,0.00,0.00,0.00,0.00,0.00,0.00,0.00,0.00,0.00,A-068-0107,SCIENCE AND TECHNOLOGY,304,NS,NS
592,FY-2025,A-0107,L-131201,BUDGET AUTHORITY,01,0.00,0.00,0.00,0.00,0.00,0.00,0.00,0.00,0.00,0.00,0.00,0.00,A-068-0107,SCIENCE AND TECHNOLOGY,304,NS,NS
593,FY-2025,A-0107,L-131202,OUTLAYS,01,1000000.00,1000000.00,1000000.00,0.00,0.00,0.00,0.00,0.00,0.00,0.00,0.00,0.00,A-068-0107,SCIENCE AND TECHNOLOGY,304,NS,NS
594,FY-2025,A-0107,L-141201,BUDGET AUTHORITY,01,0.00,0.00,0.00,0.00,0.00,0.00,0.00,0.00,0.00,0.00,0.00,0.00,A-068-0107,SCIENCE AND TECHNOLOGY,304,NS,NS
595,FY-2025,A-0107,L-141202,OUTLAYS,01,0.00,0.00,0.00,0.00,0.00,0.00,0.00,0.00,0.00,0.00,0.00,0.00,A-068-0107,SCIENCE AND TECHNOLOGY,304,NS,NS
596,FY-2025,A-0107,L-142201,BUDGET AUTHORITY,01,419000000.00,419000000.00,455000000.00,0.00,0.00,0.00,0.00,0.00,0.00,0.00,0.00,0.00,A-068-0107,SCIENCE AND TECHNOLOGY,304,NS,NS
597,FY-2025,A-0107,L-142202,OUTLAYS,01,391000000.00,445000000.00,445000000.00,0.00,0.00,0.00,0.00,0.00,0.00,0.00,0.00,0.00,A-068-0107,SCIENCE AND TECHNOLOGY,304,NS,NS
598,FY-2025,A-0107,L-143201,BUDGET AUTHORITY,01,118000000.00,118000000.00,128000000.00,0.00,0.00,0.00,0.00,0.00,0.00,0.00,0.00,0.00,A-068-0107,SCIENCE AND TECHNOLOGY,304,NS,NS
599,FY-2025,A-0107,L-143202,OUTLAYS,01,110000000.00,77000000.00,77000000.00,0.00,0.00,0.00,0.00,0.00,0.00,0.00,0.00,0.00,A-068-0107,SCIENCE AND TECHNOLOGY,304,NS,NS
600,FY-2025,A-0107,L-200401,BUDGET AUTHORITY,01,265000000.00,265000000.00,427000000.00,0.00,0.00,0.00,0.00,0.00,0.00,0.00,0.00,0.00,A-068-0107,SCIENCE AND TECHNOLOGY,304,NS,NS
601,FY-2025,A-0107,L-200402,OUTLAYS,01,247000000.00,264000000.00,396000000.00,0.00,0.00,0.00,0.00,0.00,0.00,0.00,0.00,0.00,A-068-0107,SCIENCE AND TECHNOLOGY,304,NS,NS
602,FY-2025,A-0107,L-1000,BUDGET YEAR BUDGETARY RESOURCES [TREAS ACCT],01,0.00,0.00,1009960000000.00,0.00,0.00,0.00,0.00,0.00,0.00,0.00,0.00,0.00,A-068-0107,SCIENCE AND TECHNOLOGY,304,NS,NS
603,FY-2025,A-0108,L-0100,"BALANCE, START OF YEAR",01,0.00,0.00,0.00,0.00,0.00,0.00,0.00,0.00,0.00,0.00,0.00,0.00,A-068-0108,ENVIRONMENTAL PROGRAMS AND MANAGEMENT,304,NS,NS
604,FY-2025,A-0108,L-2000,TOTAL: BALANCES AND RECEIPTS,01,0.00,0.00,0.00,0.00,0.00,0.00,0.00,0.00,0.00,0.00,0.00,0.00,A-068-0108,ENVIRONMENTAL PROGRAMS AND MANAGEMENT,304,NS,NS
605,FY-2025,A-0108,L-5099,"BALANCE, END OF YEAR",01,0.00,0.00,0.00,0.00,0.00,0.00,0.00,0.00,0.00,0.00,0.00,0.00,A-068-0108,ENVIRONMENTAL PROGRAMS AND MANAGEMENT,304,NS,NS
606,FY-2025,A-0108,L-0001,TACKLE THE CLIMATE CRISIS,01,129000000.00,129000000.00,169000000.00,0.00,0.00,0.00,0.00,0.00,0.00,0.00,0.00,0.00,A-068-0108,ENVIRONMENTAL PROGRAMS AND MANAGEMENT,304,NS,NS
607,FY-2025,A-0108,L-0002,TAKE DECISIVE ACTION TO ADVANCE ENVIRONMENTAL JUSTICE AND CIVIL RIGHTS,01,154000000.00,154000000.00,96000000.00,0.00,0.00,0.00,0.00,0.00,0.00,0.00,0.00,0.00,A-068-0108,ENVIRONMENTAL PROGRAMS AND MANAGEMENT,304,NS,NS
608,FY-2025,A-0108,L-0003,ENFORCE ENVIRONMENTAL LAWS AND ENSURE COMPLIANCE,01,371000000.00,371000000.00,480000000.00,0.00,0.00,0.00,0.00,0.00,0.00,0.00,0.00,0.00,A-068-0108,ENVIRONMENTAL PROGRAMS AND MANAGEMENT,304,NS,NS
609,FY-2025,A-0108,L-0004,ENSURE CLEAN AND HEALTHY AIR FOR ALL COMMUNITIES,01,232000000.00,232000000.00,311000000.00,0.00,0.00,0.00,0.00,0.00,0.00,0.00,0.00,0.00,A-068-0108,ENVIRONMENTAL PROGRAMS AND MANAGEMENT,304,NS,NS
610,FY-2025,A-0108,L-0005,ENSURE CLEAN AND SAFE WATER FOR ALL COMMUNITIES,01,1314000000.00,1314000000.00,1573000000.00,0.00,0.00,0.00,0.00,0.00,0.00,0.00,0.00,0.00,A-068-0108,ENVIRONMENTAL PROGRAMS AND MANAGEMENT,304,NS,NS
611,FY-2025,A-0108,L-0006,SAFEGUARD AND REVITALIZE COMMUNITIES,01,178000000.00,178000000.00,254000000.00,0.00,0.00,0.00,0.00,0.00,0.00,0.00,0.00,0.00,A-068-0108,ENVIRONMENTAL PROGRAMS AND MANAGEMENT,304,NS,NS
612,FY-2025,A-0108,L-0007,ENSURE SAFETY OF CHEMICALS FOR PEOPLE AND THE ENVIRONMENT,01,250000000.00,250000000.00,316000000.00,0.00,0.00,0.00,0.00,0.00,0.00,0.00,0.00,0.00,A-068-0108,ENVIRONMENTAL PROGRAMS AND MANAGEMENT,304,NS,NS
613,FY-2025,A-0108,L-0008,CROSS-AGENCY MISSION AND SCIENCE SUPPORT,01,766000000.00,766000000.00,1021000000.00,0.00,0.00,0.00,0.00,0.00,0.00,0.00,0.00,0.00,A-068-0108,ENVIRONMENTAL PROGRAMS AND MANAGEMENT,304,NS,NS
614,FY-2025,A-0108,L-0799,TOTAL DIRECT OBLIGATIONS,01,3394000000.00,3394000000.00,4220000000.00,0.00,0.00,0.00,0.00,0.00,0.00,0.00,0.00,0.00,A-068-0108,ENVIRONMENTAL PROGRAMS AND MANAGEMENT,304,NS,NS
615,FY-2025,A-0108,L-0801,ENVIRONMENTAL PROGRAMS AND MANAGEMENT (REIMBURSABLE),01,82000000.00,50000000.00,50000000.00,0.00,0.00,0.00,0.00,0.00,0.00,0.00,0.00,0.00,A-068-0108,ENVIRONMENTAL PROGRAMS AND MANAGEMENT,304,NS,NS
616,FY-2025,A-0108,L-0900,"TOTAL NEW OBLIGATIONS, UNEXPIRED ACCOUNTS",01,3476000000.00,3444000000.00,4270000000.00,0.00,0.00,0.00,0.00,0.00,0.00,0.00,0.00,0.00,A-068-0108,ENVIRONMENTAL PROGRAMS AND MANAGEMENT,304,NS,NS
617,FY-2025,A-0108,L-1000,"UNOBLIGATED BALANCE BROUGHT FORWARD, OCT 1",01,4057000000.00,4404000000.00,4902000000.00,0.00,0.00,0.00,0.00,0.00,0.00,0.00,0.00,0.00,A-068-0108,ENVIRONMENTAL PROGRAMS AND MANAGEMENT,304,NS,NS
618,FY-2025,A-0108,L-1001,"DISCRETIONARY UNOBLIGATED BALANCE BROUGHT FWD, OCT 1",01,4044000000.00,0.00,0.00,0.00,0.00,0.00,0.00,0.00,0.00,0.00,0.00,0.00,A-068-0108,ENVIRONMENTAL PROGRAMS AND MANAGEMENT,304,NS,DISCRETIONARY
619,FY-2025,A-0108,L-1020,"ADJUSTMENT OF UNOBLIGATED BAL BROUGHT FORWARD, OCT 1",01,13000000.00,0.00,0.00,0.00,0.00,0.00,0.00,0.00,0.00,0.00,0.00,0.00,A-068-0108,ENVIRONMENTAL PROGRAMS AND MANAGEMENT,304,NS,NS
620,FY-2025,A-0108,L-1021,RECOVERIES OF PRIOR YEAR UNPAID OBLIGATIONS,01,60000000.00,70000000.00,70000000.00,0.00,0.00,0.00,0.00,0.00,0.00,0.00,0.00,0.00,A-068-0108,ENVIRONMENTAL PROGRAMS AND MANAGEMENT,304,NS,NS
621,FY-2025,A-0108,L-1070,UNOBLIGATED BALANCE (TOTAL),01,4130000000.00,4474000000.00,4972000000.00,0.00,0.00,0.00,0.00,0.00,0.00,0.00,0.00,0.00,A-068-0108,ENVIRONMENTAL PROGRAMS AND MANAGEMENT,304,NS,NS
622,FY-2025,A-0108,L-1100,APPROPRIATION,01,3292000000.00,3286000000.00,4407000000.00,0.00,0.00,0.00,0.00,0.00,0.00,0.00,0.00,0.00,A-068-0108,ENVIRONMENTAL PROGRAMS AND MANAGEMENT,304,NS,DISCRETIONARY
623,FY-2025,A-0108,L-1100,APPROPRIATION,02,0.00,0.00,0.00,0.00,0.00,0.00,0.00,0.00,0.00,0.00,0.00,0.00,A-068-0108,ENVIRONMENTAL PROGRAMS AND MANAGEMENT,304,NS,DISCRETIONARY
624,FY-2025,A-0108,L-1120,APPROPRIATIONS TRANSFERRED TO OTHER ACCT [TREAS ACCT],01,0.00,0.00,0.00,0.00,0.00,0.00,0.00,0.00,0.00,0.00,0.00,0.00,A-068-0108,ENVIRONMENTAL PROGRAMS AND MANAGEMENT,304,NS,DISCRETIONARY
625,FY-2025,A-0108,L-1121,APPROPRIATIONS TRANSFERRED FROM OTHER ACCT [TREAS ACCT],01,4000000.00,36000000.00,0.00,0.00,0.00,0.00,0.00,0.00,0.00,0.00,0.00,0.00,A-068-0108,ENVIRONMENTAL PROGRAMS AND MANAGEMENT,304,NS,DISCRETIONARY
626,FY-2025,A-0108,L-1160,"APPROPRIATION, DISCRETIONARY (TOTAL)",01,3296000000.00,3322000000.00,4407000000.00,0.00,0.00,0.00,0.00,0.00,0.00,0.00,0.00,0.00,A-068-0108,ENVIRONMENTAL PROGRAMS AND MANAGEMENT,304,NS,DISCRETIONARY
627,FY-2025,A-0108,L-116040,APPROPRIATION [PC&B],01,1868000000.00,1876000000.00,2104000000.00,2152000000.00,2202000000.00,2253000000.00,2304000000.00,2357000000.00,2412000000.00,2467000000.00,2524000000.00,2582000000.00,A-068-0108,ENVIRONMENTAL PROGRAMS AND MANAGEMENT,304,"DISCRETIONARY, APPROPRIATIONS COMMITTEE",DISCRETIONARY
628,FY-2025,A-0108,L-116050,BASELINE PAY/NON-PAY,01,1868000000.00,0.00,0.00,0.00,0.00,0.00,0.00,0.00,0.00,0.00,0.00,0.00,A-068-0108,ENVIRONMENTAL PROGRAMS AND MANAGEMENT,304,"DISCRETIONARY, APPROPRIATIONS COMMITTEE",DISCRETIONARY
629,FY-2025,A-0108,L-116050,BASELINE PAY/NON-PAY,01,0.00,1872000000.00,1952000000.00,2011000000.00,2071000000.00,2134000000.00,2198000000.00,2263000000.00,2331000000.00,2401000000.00,2473000000.00,2548000000.00,A-068-0108,ENVIRONMENTAL PROGRAMS AND MANAGEMENT,304,"DISCRETIONARY, APPROPRIATIONS COMMITTEE",DISCRETIONARY
630,FY-2025,A-0108,L-116050,BASELINE PAY/NON-PAY,01,0.00,4000000.00,4000000.00,4000000.00,4000000.00,5000000.00,5000000.00,5000000.00,5000000.00,5000000.00,5000000.00,5000000.00,A-068-0108,ENVIRONMENTAL PROGRAMS AND MANAGEMENT,304,"DISCRETIONARY, APPROPRIATIONS COMMITTEE",DISCRETIONARY
631,FY-2025,A-0108,L-116061,NEW AUTHORITY,01,1124000000.00,938000000.00,1052000000.00,1076000000.00,1101000000.00,1126000000.00,1152000000.00,1178000000.00,1206000000.00,1234000000.00,1262000000.00,1291000000.00,A-068-0108,ENVIRONMENTAL PROGRAMS AND MANAGEMENT,304,"DISCRETIONARY, APPROPRIATIONS COMMITTEE",DISCRETIONARY
632,FY-2025,A-0108,L-116062,BALANCES (EXCL OF EOY PY BAL),01,66000000.00,0.00,375000000.00,608000000.00,828000000.00,1054000000.00,1096000000.00,1122000000.00,1147000000.00,1174000000.00,1201000000.00,1228000000.00,A-068-0108,ENVIRONMENTAL PROGRAMS AND MANAGEMENT,304,"DISCRETIONARY, APPROPRIATIONS COMMITTEE",DISCRETIONARY
633,FY-2025,A-0108,L-116063,END OF PY BALANCES,01,0.00,373000000.00,187000000.00,187000000.00,187000000.00,0.00,0.00,0.00,0.00,0.00,0.00,0.00,A-068-0108,ENVIRONMENTAL PROGRAMS AND MANAGEMENT,304,"DISCRETIONARY, APPROPRIATIONS COMMITTEE",DISCRETIONARY
634,FY-2025,A-0108,L-116081,NEW AUTHORITY,01,1124000000.00,938000000.00,978000000.00,1008000000.00,1038000000.00,1070000000.00,1102000000.00,1134000000.00,1168000000.00,1203000000.00,1239000000.00,1276000000.00,A-068-0108,ENVIRONMENTAL PROGRAMS AND MANAGEMENT,304,"DISCRETIONARY, APPROPRIATIONS COMMITTEE",DISCRETIONARY
635,FY-2025,A-0108,L-116082,BALANCES (EXCL OF EOY PY BAL),01,66000000.00,0.00,375000000.00,579000000.00,786000000.00,1000000000.00,1032000000.00,1064000000.00,1095000000.00,1128000000.00,1162000000.00,1197000000.00,A-068-0108,ENVIRONMENTAL PROGRAMS AND MANAGEMENT,304,"DISCRETIONARY, APPROPRIATIONS COMMITTEE",DISCRETIONARY
636,FY-2025,A-0108,L-116083,END OF PY BALANCES,01,0.00,373000000.00,187000000.00,187000000.00,187000000.00,0.00,0.00,0.00,0.00,0.00,0.00,0.00,A-068-0108,ENVIRONMENTAL PROGRAMS AND MANAGEMENT,304,"DISCRETIONARY, APPROPRIATIONS COMMITTEE",DISCRETIONARY
637,FY-2025,A-0108,L-116040,APPROPRIATION [CONTRACTS & EXPENSES],02,1054000000.00,1054000000.00,1923000000.00,1967000000.00,2012000000.00,2059000000.00,2106000000.00,2155000000.00,2204000000.00,2255000000.00,2307000000.00,2360000000.00,A-068-0108,ENVIRONMENTAL PROGRAMS AND MANAGEMENT,304,"DISCRETIONARY, APPROPRIATIONS COMMITTEE",DISCRETIONARY
638,FY-2025,A-0108,L-116050,BASELINE PAY/NON-PAY,02,1054000000.00,0.00,0.00,0.00,0.00,0.00,0.00,0.00,0.00,0.00,0.00,0.00,A-068-0108,ENVIRONMENTAL PROGRAMS AND MANAGEMENT,304,"DISCRETIONARY, APPROPRIATIONS COMMITTEE",DISCRETIONARY
639,FY-2025,A-0108,L-116050,BASELINE PAY/NON-PAY,02,0.00,1054000000.00,1077000000.00,1100000000.00,1123000000.00,1146000000.00,1171000000.00,1195000000.00,1220000000.00,1246000000.00,1272000000.00,1299000000.00,A-068-0108,ENVIRONMENTAL PROGRAMS AND MANAGEMENT,304,"DISCRETIONARY, APPROPRIATIONS COMMITTEE",DISCRETIONARY
640,FY-2025,A-0108,L-116061,NEW AUTHORITY,02,834000000.00,738000000.00,1346000000.00,1377000000.00,1408000000.00,1441000000.00,1474000000.00,1508000000.00,1543000000.00,1578000000.00,1615000000.00,1652000000.00,A-068-0108,ENVIRONMENTAL PROGRAMS AND MANAGEMENT,304,"DISCRETIONARY, APPROPRIATIONS COMMITTEE",DISCRETIONARY
641,FY-2025,A-0108,L-116062,BALANCES (EXCL OF EOY PY BAL),02,554000000.00,0.00,211000000.00,490000000.00,586000000.00,599000000.00,613000000.00,627000000.00,642000000.00,656000000.00,671000000.00,687000000.00,A-068-0108,ENVIRONMENTAL PROGRAMS AND MANAGEMENT,304,"DISCRETIONARY, APPROPRIATIONS COMMITTEE",DISCRETIONARY
642,FY-2025,A-0108,L-116063,END OF PY BALANCES,02,0.00,314000000.00,105000000.00,0.00,0.00,0.00,0.00,0.00,0.00,0.00,0.00,0.00,A-068-0108,ENVIRONMENTAL PROGRAMS AND MANAGEMENT,304,"DISCRETIONARY, APPROPRIATIONS COMMITTEE",DISCRETIONARY
643,FY-2025,A-0108,L-116081,NEW AUTHORITY,02,834000000.00,738000000.00,754000000.00,770000000.00,786000000.00,802000000.00,820000000.00,836000000.00,854000000.00,872000000.00,890000000.00,909000000.00,A-068-0108,ENVIRONMENTAL PROGRAMS AND MANAGEMENT,304,"DISCRETIONARY, APPROPRIATIONS COMMITTEE",DISCRETIONARY
644,FY-2025,A-0108,L-116082,BALANCES (EXCL OF EOY PY BAL),02,554000000.00,0.00,211000000.00,321000000.00,328000000.00,335000000.00,342000000.00,349000000.00,356000000.00,364000000.00,371000000.00,379000000.00,A-068-0108,ENVIRONMENTAL PROGRAMS AND MANAGEMENT,304,"DISCRETIONARY, APPROPRIATIONS COMMITTEE",DISCRETIONARY
645,FY-2025,A-0108,L-116083,END OF PY BALANCES,02,0.00,314000000.00,105000000.00,0.00,0.00,0.00,0.00,0.00,0.00,0.00,0.00,0.00,A-068-0108,ENVIRONMENTAL PROGRAMS AND MANAGEMENT,304,"DISCRETIONARY, APPROPRIATIONS COMMITTEE",DISCRETIONARY
646,FY-2025,A-0108,L-116040,APPROPRIATION [GREAT LAKES RESTORATION INITIATIVE],03,355000000.00,355000000.00,368000000.00,376000000.00,385000000.00,394000000.00,403000000.00,412000000.00,422000000.00,431000000.00,441000000.00,452000000.00,A-068-0108,ENVIRONMENTAL PROGRAMS AND MANAGEMENT,304,"DISCRETIONARY, APPROPRIATIONS COMMITTEE",DISCRETIONARY
647,FY-2025,A-0108,L-116050,BASELINE PAY/NON-PAY,03,355000000.00,0.00,0.00,0.00,0.00,0.00,0.00,0.00,0.00,0.00,0.00,0.00,A-068-0108,ENVIRONMENTAL PROGRAMS AND MANAGEMENT,304,"DISCRETIONARY, APPROPRIATIONS COMMITTEE",DISCRETIONARY
648,FY-2025,A-0108,L-116050,BASELINE PAY/NON-PAY,03,0.00,11000000.00,11000000.00,12000000.00,12000000.00,13000000.00,13000000.00,13000000.00,14000000.00,14000000.00,15000000.00,15000000.00,A-068-0108,ENVIRONMENTAL PROGRAMS AND MANAGEMENT,304,"DISCRETIONARY, APPROPRIATIONS COMMITTEE",DISCRETIONARY
649,FY-2025,A-0108,L-116050,BASELINE PAY/NON-PAY,03,0.00,344000000.00,352000000.00,359000000.00,366000000.00,374000000.00,382000000.00,390000000.00,398000000.00,407000000.00,415000000.00,424000000.00,A-068-0108,ENVIRONMENTAL PROGRAMS AND MANAGEMENT,304,"DISCRETIONARY, APPROPRIATIONS COMMITTEE",DISCRETIONARY
650,FY-2025,A-0108,L-116061,NEW AUTHORITY,03,33000000.00,25000000.00,26000000.00,26000000.00,27000000.00,28000000.00,28000000.00,29000000.00,30000000.00,30000000.00,31000000.00,32000000.00,A-068-0108,ENVIRONMENTAL PROGRAMS AND MANAGEMENT,304,"DISCRETIONARY, APPROPRIATIONS COMMITTEE",DISCRETIONARY
651,FY-2025,A-0108,L-116062,BALANCES (EXCL OF EOY PY BAL),03,271000000.00,0.00,101000000.00,229000000.00,325000000.00,349000000.00,358000000.00,366000000.00,374000000.00,383000000.00,392000000.00,401000000.00,A-068-0108,ENVIRONMENTAL PROGRAMS AND MANAGEMENT,304,"DISCRETIONARY, APPROPRIATIONS COMMITTEE",DISCRETIONARY
652,FY-2025,A-0108,L-116063,END OF PY BALANCES,03,0.00,320000000.00,226000000.00,105000000.00,16000000.00,0.00,0.00,0.00,0.00,0.00,0.00,0.00,A-068-0108,ENVIRONMENTAL PROGRAMS AND MANAGEMENT,304,"DISCRETIONARY, APPROPRIATIONS COMMITTEE",DISCRETIONARY
653,FY-2025,A-0108,L-116081,NEW AUTHORITY,03,33000000.00,25000000.00,25000000.00,26000000.00,26000000.00,27000000.00,28000000.00,28000000.00,29000000.00,29000000.00,30000000.00,31000000.00,A-068-0108,ENVIRONMENTAL PROGRAMS AND MANAGEMENT,304,"DISCRETIONARY, APPROPRIATIONS COMMITTEE",DISCRETIONARY
654,FY-2025,A-0108,L-116082,BALANCES (EXCL OF EOY PY BAL),03,271000000.00,0.00,101000000.00,228000000.00,322000000.00,344000000.00,352000000.00,359000000.00,367000000.00,375000000.00,383000000.00,391000000.00,A-068-0108,ENVIRONMENTAL PROGRAMS AND MANAGEMENT,304,"DISCRETIONARY, APPROPRIATIONS COMMITTEE",DISCRETIONARY
655,FY-2025,A-0108,L-116083,END OF PY BALANCES,03,0.00,320000000.00,226000000.00,105000000.00,16000000.00,0.00,0.00,0.00,0.00,0.00,0.00,0.00,A-068-0108,ENVIRONMENTAL PROGRAMS AND MANAGEMENT,304,"DISCRETIONARY, APPROPRIATIONS COMMITTEE",DISCRETIONARY
656,FY-2025,A-0108,L-116040,APPROPRIATION [HOMELAND SECURITY],04,3000000.00,3000000.00,3000000.00,3000000.00,3000000.00,3000000.00,3000000.00,3000000.00,3000000.00,4000000.00,4000000.00,4000000.00,A-068-0108,ENVIRONMENTAL PROGRAMS AND MANAGEMENT,304,"DISCRETIONARY, APPROPRIATIONS COMMITTEE",DISCRETIONARY
657,FY-2025,A-0108,L-116050,BASELINE PAY/NON-PAY,04,3000000.00,0.00,0.00,0.00,0.00,0.00,0.00,0.00,0.00,0.00,0.00,0.00,A-068-0108,ENVIRONMENTAL PROGRAMS AND MANAGEMENT,304,"DISCRETIONARY, APPROPRIATIONS COMMITTEE",DISCRETIONARY
658,FY-2025,A-0108,L-116050,BASELINE PAY/NON-PAY,04,0.00,3000000.00,3000000.00,3000000.00,3000000.00,3000000.00,4000000.00,4000000.00,4000000.00,4000000.00,4000000.00,4000000.00,A-068-0108,ENVIRONMENTAL PROGRAMS AND MANAGEMENT,304,"DISCRETIONARY, APPROPRIATIONS COMMITTEE",DISCRETIONARY
659,FY-2025,A-0108,L-116061,NEW AUTHORITY,04,2000000.00,3000000.00,3000000.00,3000000.00,3000000.00,3000000.00,3000000.00,3000000.00,3000000.00,3000000.00,3000000.00,3000000.00,A-068-0108,ENVIRONMENTAL PROGRAMS AND MANAGEMENT,304,"DISCRETIONARY, APPROPRIATIONS COMMITTEE",DISCRETIONARY
660,FY-2025,A-0108,L-116062,BALANCES (EXCL OF EOY PY BAL),04,0.00,0.00,0.00,0.00,0.00,0.00,0.00,0.00,0.00,0.00,1000000.00,1000000.00,A-068-0108,ENVIRONMENTAL PROGRAMS AND MANAGEMENT,304,"DISCRETIONARY, APPROPRIATIONS COMMITTEE",DISCRETIONARY
661,FY-2025,A-0108,L-116063,END OF PY BALANCES,04,0.00,0.00,0.00,0.00,0.00,0.00,0.00,0.00,0.00,0.00,0.00,0.00,A-068-0108,ENVIRONMENTAL PROGRAMS AND MANAGEMENT,304,"DISCRETIONARY, APPROPRIATIONS COMMITTEE",DISCRETIONARY
662,FY-2025,A-0108,L-116081,NEW AUTHORITY,04,2000000.00,3000000.00,3000000.00,3000000.00,3000000.00,3000000.00,3000000.00,3000000.00,3000000.00,3000000.00,3000000.00,3000000.00,A-068-0108,ENVIRONMENTAL PROGRAMS AND MANAGEMENT,304,"DISCRETIONARY, APPROPRIATIONS COMMITTEE",DISCRETIONARY
663,FY-2025,A-0108,L-116082,BALANCES (EXCL OF EOY PY BAL),04,0.00,0.00,0.00,0.00,0.00,0.00,0.00,1000000.00,1000000.00,1000000.00,1000000.00,1000000.00,A-068-0108,ENVIRONMENTAL PROGRAMS AND MANAGEMENT,304,"DISCRETIONARY, APPROPRIATIONS COMMITTEE",DISCRETIONARY
664,FY-2025,A-0108,L-116083,END OF PY BALANCES,04,0.00,0.00,0.00,0.00,0.00,0.00,0.00,0.00,0.00,0.00,0.00,0.00,A-068-0108,ENVIRONMENTAL PROGRAMS AND MANAGEMENT,304,"DISCRETIONARY, APPROPRIATIONS COMMITTEE",DISCRETIONARY
665,FY-2025,A-0108,L-116040,APPROPRIATION [HOMELAND SECURITY],05,7000000.00,7000000.00,9000000.00,9000000.00,9000000.00,10000000.00,10000000.00,10000000.00,10000000.00,11000000.00,11000000.00,11000000.00,A-068-0108,ENVIRONMENTAL PROGRAMS AND MANAGEMENT,304,"DISCRETIONARY, APPROPRIATIONS COMMITTEE",DISCRETIONARY
666,FY-2025,A-0108,L-116050,BASELINE PAY/NON-PAY,05,7000000.00,0.00,0.00,0.00,0.00,0.00,0.00,0.00,0.00,0.00,0.00,0.00,A-068-0108,ENVIRONMENTAL PROGRAMS AND MANAGEMENT,304,"DISCRETIONARY, APPROPRIATIONS COMMITTEE",DISCRETIONARY
667,FY-2025,A-0108,L-116050,BASELINE PAY/NON-PAY,05,0.00,7000000.00,7000000.00,7000000.00,7000000.00,8000000.00,8000000.00,8000000.00,8000000.00,8000000.00,8000000.00,9000000.00,A-068-0108,ENVIRONMENTAL PROGRAMS AND MANAGEMENT,304,"DISCRETIONARY, APPROPRIATIONS COMMITTEE",DISCRETIONARY
668,FY-2025,A-0108,L-116061,NEW AUTHORITY,05,6000000.00,3000000.00,3000000.00,3000000.00,3000000.00,4000000.00,4000000.00,4000000.00,4000000.00,4000000.00,4000000.00,4000000.00,A-068-0108,ENVIRONMENTAL PROGRAMS AND MANAGEMENT,304,"DISCRETIONARY, APPROPRIATIONS COMMITTEE",DISCRETIONARY
669,FY-2025,A-0108,L-116062,BALANCES (EXCL OF EOY PY BAL),05,3000000.00,0.00,3000000.00,5000000.00,6000000.00,6000000.00,6000000.00,6000000.00,6000000.00,6000000.00,7000000.00,7000000.00,A-068-0108,ENVIRONMENTAL PROGRAMS AND MANAGEMENT,304,"DISCRETIONARY, APPROPRIATIONS COMMITTEE",DISCRETIONARY
670,FY-2025,A-0108,L-116063,END OF PY BALANCES,05,0.00,4000000.00,1000000.00,0.00,0.00,0.00,0.00,0.00,0.00,0.00,0.00,0.00,A-068-0108,ENVIRONMENTAL PROGRAMS AND MANAGEMENT,304,"DISCRETIONARY, APPROPRIATIONS COMMITTEE",DISCRETIONARY
671,FY-2025,A-0108,L-116081,NEW AUTHORITY,05,6000000.00,3000000.00,3000000.00,3000000.00,3000000.00,3000000.00,3000000.00,3000000.00,3000000.00,3000000.00,3000000.00,3000000.00,A-068-0108,ENVIRONMENTAL PROGRAMS AND MANAGEMENT,304,"DISCRETIONARY, APPROPRIATIONS COMMITTEE",DISCRETIONARY
672,FY-2025,A-0108,L-116082,BALANCES (EXCL OF EOY PY BAL),05,3000000.00,0.00,3000000.00,4000000.00,4000000.00,4000000.00,5000000.00,5000000.00,5000000.00,5000000.00,5000000.00,5000000.00,A-068-0108,ENVIRONMENTAL PROGRAMS AND MANAGEMENT,304,"DISCRETIONARY, APPROPRIATIONS COMMITTEE",DISCRETIONARY
673,FY-2025,A-0108,L-116083,END OF PY BALANCES,05,0.00,4000000.00,1000000.00,0.00,0.00,0.00,0.00,0.00,0.00,0.00,0.00,0.00,A-068-0108,ENVIRONMENTAL PROGRAMS AND MANAGEMENT,304,"DISCRETIONARY, APPROPRIATIONS COMMITTEE",DISCRETIONARY
674,FY-2025,A-0108,L-116040,APPROPRIATION [TSCA],06,9000000.00,27000000.00,0.00,0.00,0.00,0.00,0.00,0.00,0.00,0.00,0.00,0.00,A-068-0108,ENVIRONMENTAL PROGRAMS AND MANAGEMENT,304,"DISCRETIONARY, APPROPRIATIONS COMMITTEE",DISCRETIONARY
675,FY-2025,A-0108,L-116050,BASELINE PAY/NON-PAY,06,9000000.00,0.00,0.00,0.00,0.00,0.00,0.00,0.00,0.00,0.00,0.00,0.00,A-068-0108,ENVIRONMENTAL PROGRAMS AND MANAGEMENT,304,"DISCRETIONARY, APPROPRIATIONS COMMITTEE",DISCRETIONARY
676,FY-2025,A-0108,L-116050,BASELINE PAY/NON-PAY,06,0.00,0.00,0.00,0.00,0.00,0.00,0.00,0.00,0.00,0.00,0.00,0.00,A-068-0108,ENVIRONMENTAL PROGRAMS AND MANAGEMENT,304,"DISCRETIONARY, APPROPRIATIONS COMMITTEE",DISCRETIONARY
677,FY-2025,A-0108,L-116050,BASELINE PAY/NON-PAY,06,0.00,27000000.00,28000000.00,28000000.00,29000000.00,29000000.00,30000000.00,31000000.00,31000000.00,32000000.00,33000000.00,33000000.00,A-068-0108,ENVIRONMENTAL PROGRAMS AND MANAGEMENT,304,"DISCRETIONARY, APPROPRIATIONS COMMITTEE",DISCRETIONARY
678,FY-2025,A-0108,L-116061,NEW AUTHORITY,06,6000000.00,14000000.00,0.00,0.00,0.00,0.00,0.00,0.00,0.00,0.00,0.00,0.00,A-068-0108,ENVIRONMENTAL PROGRAMS AND MANAGEMENT,304,"DISCRETIONARY, APPROPRIATIONS COMMITTEE",DISCRETIONARY
679,FY-2025,A-0108,L-116062,BALANCES (EXCL OF EOY PY BAL),06,4000000.00,0.00,7000000.00,7000000.00,0.00,0.00,0.00,0.00,0.00,0.00,0.00,0.00,A-068-0108,ENVIRONMENTAL PROGRAMS AND MANAGEMENT,304,"DISCRETIONARY, APPROPRIATIONS COMMITTEE",DISCRETIONARY
680,FY-2025,A-0108,L-116063,END OF PY BALANCES,06,0.00,2000000.00,2000000.00,0.00,0.00,0.00,0.00,0.00,0.00,0.00,0.00,0.00,A-068-0108,ENVIRONMENTAL PROGRAMS AND MANAGEMENT,304,"DISCRETIONARY, APPROPRIATIONS COMMITTEE",DISCRETIONARY
681,FY-2025,A-0108,L-116081,NEW AUTHORITY,06,6000000.00,14000000.00,14000000.00,14000000.00,14000000.00,14000000.00,15000000.00,16000000.00,16000000.00,16000000.00,16000000.00,16000000.00,A-068-0108,ENVIRONMENTAL PROGRAMS AND MANAGEMENT,304,"DISCRETIONARY, APPROPRIATIONS COMMITTEE",DISCRETIONARY
682,FY-2025,A-0108,L-116082,BALANCES (EXCL OF EOY PY BAL),06,4000000.00,0.00,7000000.00,14000000.00,14000000.00,14000000.00,14000000.00,15000000.00,15000000.00,16000000.00,16000000.00,16000000.00,A-068-0108,ENVIRONMENTAL PROGRAMS AND MANAGEMENT,304,"DISCRETIONARY, APPROPRIATIONS COMMITTEE",DISCRETIONARY
683,FY-2025,A-0108,L-116083,END OF PY BALANCES,06,0.00,2000000.00,2000000.00,0.00,0.00,0.00,0.00,0.00,0.00,0.00,0.00,0.00,A-068-0108,ENVIRONMENTAL PROGRAMS AND MANAGEMENT,304,"DISCRETIONARY, APPROPRIATIONS COMMITTEE",DISCRETIONARY
684,FY-2025,A-0108,L-116040,APPROPRIATION [USMCA APPROPRIATION],07,0.00,0.00,0.00,0.00,0.00,0.00,0.00,0.00,0.00,0.00,0.00,0.00,A-068-0108,ENVIRONMENTAL PROGRAMS AND MANAGEMENT,304,"DISCRETIONARY, APPROPRIATIONS COMMITTEE",DISCRETIONARY
685,FY-2025,A-0108,L-116050,BASELINE PAY/NON-PAY,07,0.00,0.00,0.00,0.00,0.00,0.00,0.00,0.00,0.00,0.00,0.00,0.00,A-068-0108,ENVIRONMENTAL PROGRAMS AND MANAGEMENT,304,"DISCRETIONARY, APPROPRIATIONS COMMITTEE",DISCRETIONARY
686,FY-2025,A-0108,L-116050,BASELINE PAY/NON-PAY,07,0.00,0.00,0.00,0.00,0.00,0.00,0.00,0.00,0.00,0.00,0.00,0.00,A-068-0108,ENVIRONMENTAL PROGRAMS AND MANAGEMENT,304,"DISCRETIONARY, APPROPRIATIONS COMMITTEE",DISCRETIONARY
687,FY-2025,A-0108,L-116050,BASELINE PAY/NON-PAY,07,0.00,0.00,0.00,0.00,0.00,0.00,0.00,0.00,0.00,0.00,0.00,0.00,A-068-0108,ENVIRONMENTAL PROGRAMS AND MANAGEMENT,304,"DISCRETIONARY, APPROPRIATIONS COMMITTEE",DISCRETIONARY
688,FY-2025,A-0108,L-116061,NEW AUTHORITY,07,0.00,0.00,0.00,0.00,0.00,0.00,0.00,0.00,0.00,0.00,0.00,0.00,A-068-0108,ENVIRONMENTAL PROGRAMS AND MANAGEMENT,304,"DISCRETIONARY, APPROPRIATIONS COMMITTEE",DISCRETIONARY
689,FY-2025,A-0108,L-116062,BALANCES (EXCL OF EOY PY BAL),07,1000000.00,0.00,0.00,0.00,0.00,0.00,0.00,0.00,0.00,0.00,0.00,0.00,A-068-0108,ENVIRONMENTAL PROGRAMS AND MANAGEMENT,304,"DISCRETIONARY, APPROPRIATIONS COMMITTEE",DISCRETIONARY
690,FY-2025,A-0108,L-116063,END OF PY BALANCES,07,0.00,0.00,0.00,0.00,0.00,0.00,0.00,0.00,0.00,0.00,0.00,0.00,A-068-0108,ENVIRONMENTAL PROGRAMS AND MANAGEMENT,304,"DISCRETIONARY, APPROPRIATIONS COMMITTEE",DISCRETIONARY
691,FY-2025,A-0108,L-116081,NEW AUTHORITY,07,0.00,0.00,0.00,0.00,0.00,0.00,0.00,0.00,0.00,0.00,0.00,0.00,A-068-0108,ENVIRONMENTAL PROGRAMS AND MANAGEMENT,304,"DISCRETIONARY, APPROPRIATIONS COMMITTEE",DISCRETIONARY
692,FY-2025,A-0108,L-116082,BALANCES (EXCL OF EOY PY BAL),07,1000000.00,0.00,0.00,0.00,0.00,0.00,0.00,0.00,0.00,0.00,0.00,0.00,A-068-0108,ENVIRONMENTAL PROGRAMS AND MANAGEMENT,304,"DISCRETIONARY, APPROPRIATIONS COMMITTEE",DISCRETIONARY
693,FY-2025,A-0108,L-116083,END OF PY BALANCES,07,0.00,0.00,0.00,0.00,0.00,0.00,0.00,0.00,0.00,0.00,0.00,0.00,A-068-0108,ENVIRONMENTAL PROGRAMS AND MANAGEMENT,304,"DISCRETIONARY, APPROPRIATIONS COMMITTEE",DISCRETIONARY
694,FY-2025,A-0108,L-116040,APPROPRIATION [INFRASTRUCTURE INVESTMENT AND JOBS ACT OF 2021],08,0.00,0.00,0.00,0.00,0.00,0.00,0.00,0.00,0.00,0.00,0.00,0.00,A-068-0108,ENVIRONMENTAL PROGRAMS AND MANAGEMENT,304,"DISCRETIONARY, APPROPRIATIONS COMMITTEE",DISCRETIONARY
695,FY-2025,A-0108,L-116050,BASELINE PAY/NON-PAY,08,0.00,0.00,0.00,0.00,0.00,0.00,0.00,0.00,0.00,0.00,0.00,0.00,A-068-0108,ENVIRONMENTAL PROGRAMS AND MANAGEMENT,304,"DISCRETIONARY, APPROPRIATIONS COMMITTEE",DISCRETIONARY
696,FY-2025,A-0108,L-116050,BASELINE PAY/NON-PAY,08,0.00,0.00,0.00,0.00,0.00,0.00,0.00,0.00,0.00,0.00,0.00,0.00,A-068-0108,ENVIRONMENTAL PROGRAMS AND MANAGEMENT,304,"DISCRETIONARY, APPROPRIATIONS COMMITTEE",DISCRETIONARY
697,FY-2025,A-0108,L-116061,NEW AUTHORITY,08,0.00,0.00,0.00,0.00,0.00,0.00,0.00,0.00,0.00,0.00,0.00,0.00,A-068-0108,ENVIRONMENTAL PROGRAMS AND MANAGEMENT,304,"DISCRETIONARY, APPROPRIATIONS COMMITTEE",DISCRETIONARY
698,FY-2025,A-0108,L-116062,BALANCES (EXCL OF EOY PY BAL),08,0.00,0.00,0.00,0.00,0.00,0.00,0.00,0.00,0.00,0.00,0.00,0.00,A-068-0108,ENVIRONMENTAL PROGRAMS AND MANAGEMENT,304,"DISCRETIONARY, APPROPRIATIONS COMMITTEE",DISCRETIONARY
699,FY-2025,A-0108,L-116063,END OF PY BALANCES,08,0.00,0.00,0.00,0.00,0.00,0.00,0.00,0.00,0.00,0.00,0.00,0.00,A-068-0108,ENVIRONMENTAL PROGRAMS AND MANAGEMENT,304,"DISCRETIONARY, APPROPRIATIONS COMMITTEE",DISCRETIONARY
700,FY-2025,A-0108,L-116081,NEW AUTHORITY,08,0.00,0.00,0.00,0.00,0.00,0.00,0.00,0.00,0.00,0.00,0.00,0.00,A-068-0108,ENVIRONMENTAL PROGRAMS AND MANAGEMENT,304,"DISCRETIONARY, APPROPRIATIONS COMMITTEE",DISCRETIONARY
701,FY-2025,A-0108,L-116082,BALANCES (EXCL OF EOY PY BAL),08,0.00,0.00,0.00,0.00,0.00,0.00,0.00,0.00,0.00,0.00,0.00,0.00,A-068-0108,ENVIRONMENTAL PROGRAMS AND MANAGEMENT,304,"DISCRETIONARY, APPROPRIATIONS COMMITTEE",DISCRETIONARY
702,FY-2025,A-0108,L-116083,END OF PY BALANCES,08,0.00,0.00,0.00,0.00,0.00,0.00,0.00,0.00,0.00,0.00,0.00,0.00,A-068-0108,ENVIRONMENTAL PROGRAMS AND MANAGEMENT,304,"DISCRETIONARY, APPROPRIATIONS COMMITTEE",DISCRETIONARY
703,FY-2025,A-0108,L-1170,ADVANCE APPROPRIATION,01,387000000.00,387000000.00,387000000.00,0.00,0.00,0.00,0.00,0.00,0.00,0.00,0.00,0.00,A-068-0108,ENVIRONMENTAL PROGRAMS AND MANAGEMENT,304,NS,DISCRETIONARY
704,FY-2025,A-0108,L-1172,ADVANCE APPROPRIATIONS TRANSFERRED TO OTHER ACCOUNTS [TREAS ACCT],01,-2000000.00,-2000000.00,-2000000.00,0.00,0.00,0.00,0.00,0.00,0.00,0.00,0.00,0.00,A-068-0108,ENVIRONMENTAL PROGRAMS AND MANAGEMENT,304,NS,DISCRETIONARY
705,FY-2025,A-0108,L-1180,"ADVANCED APPROPRIATION, DISCRETIONARY  (TOTAL)",01,385000000.00,385000000.00,385000000.00,0.00,0.00,0.00,0.00,0.00,0.00,0.00,0.00,0.00,A-068-0108,ENVIRONMENTAL PROGRAMS AND MANAGEMENT,304,NS,DISCRETIONARY
706,FY-2025,A-0108,L-118040,ADVANCE APPROPRIATION [IIJA],01,385000000.00,0.00,0.00,0.00,0.00,0.00,0.00,0.00,0.00,0.00,0.00,0.00,A-068-0108,ENVIRONMENTAL PROGRAMS AND MANAGEMENT,304,"DISCRETIONARY, APPROPRIATIONS COMMITTEE",DISCRETIONARY
707,FY-2025,A-0108,L-118050,BASELINE PAY/NON-PAY,01,385000000.00,0.00,0.00,0.00,0.00,0.00,0.00,0.00,0.00,0.00,0.00,0.00,A-068-0108,ENVIRONMENTAL PROGRAMS AND MANAGEMENT,304,"DISCRETIONARY, APPROPRIATIONS COMMITTEE",DISCRETIONARY
708,FY-2025,A-0108,L-118050,BASELINE PAY/NON-PAY,01,0.00,0.00,0.00,0.00,0.00,0.00,0.00,0.00,0.00,0.00,0.00,0.00,A-068-0108,ENVIRONMENTAL PROGRAMS AND MANAGEMENT,304,"DISCRETIONARY, APPROPRIATIONS COMMITTEE",DISCRETIONARY
709,FY-2025,A-0108,L-118050,BASELINE PAY/NON-PAY,01,0.00,0.00,0.00,0.00,0.00,0.00,0.00,0.00,0.00,0.00,0.00,0.00,A-068-0108,ENVIRONMENTAL PROGRAMS AND MANAGEMENT,304,"DISCRETIONARY, APPROPRIATIONS COMMITTEE",DISCRETIONARY
710,FY-2025,A-0108,L-118061,NEW AUTHORITY,01,7000000.00,0.00,0.00,0.00,0.00,0.00,0.00,0.00,0.00,0.00,0.00,0.00,A-068-0108,ENVIRONMENTAL PROGRAMS AND MANAGEMENT,304,"DISCRETIONARY, APPROPRIATIONS COMMITTEE",DISCRETIONARY
711,FY-2025,A-0108,L-118062,BALANCES (EXCL OF EOY PY BAL),01,78000000.00,0.00,0.00,0.00,0.00,0.00,0.00,0.00,0.00,0.00,0.00,0.00,A-068-0108,ENVIRONMENTAL PROGRAMS AND MANAGEMENT,304,"DISCRETIONARY, APPROPRIATIONS COMMITTEE",DISCRETIONARY
712,FY-2025,A-0108,L-118063,END OF PY BALANCES,01,0.00,0.00,0.00,0.00,0.00,0.00,0.00,0.00,0.00,0.00,0.00,0.00,A-068-0108,ENVIRONMENTAL PROGRAMS AND MANAGEMENT,304,"DISCRETIONARY, APPROPRIATIONS COMMITTEE",DISCRETIONARY
713,FY-2025,A-0108,L-118081,NEW AUTHORITY,01,7000000.00,0.00,0.00,0.00,0.00,0.00,0.00,0.00,0.00,0.00,0.00,0.00,A-068-0108,ENVIRONMENTAL PROGRAMS AND MANAGEMENT,304,"DISCRETIONARY, APPROPRIATIONS COMMITTEE",DISCRETIONARY
714,FY-2025,A-0108,L-118082,BALANCES (EXCL OF EOY PY BAL),01,78000000.00,0.00,0.00,0.00,0.00,0.00,0.00,0.00,0.00,0.00,0.00,0.00,A-068-0108,ENVIRONMENTAL PROGRAMS AND MANAGEMENT,304,"DISCRETIONARY, APPROPRIATIONS COMMITTEE",DISCRETIONARY
715,FY-2025,A-0108,L-118083,END OF PY BALANCES,01,0.00,0.00,0.00,0.00,0.00,0.00,0.00,0.00,0.00,0.00,0.00,0.00,A-068-0108,ENVIRONMENTAL PROGRAMS AND MANAGEMENT,304,"DISCRETIONARY, APPROPRIATIONS COMMITTEE",DISCRETIONARY
716,FY-2025,A-0108,L-118040,ADVANCE APPROPRIATION [IIJA#2],01,0.00,385000000.00,385000000.00,385000000.00,0.00,0.00,0.00,0.00,0.00,0.00,0.00,0.00,A-068-0108,ENVIRONMENTAL PROGRAMS AND MANAGEMENT,304,"DISCRETIONARY, INFRASTRUCTURE INVESTMENT AND JOBS ACT OF 2021, APPROPRIATIONS COMMITTEE",DISCRETIONARY
717,FY-2025,A-0108,L-118050,BASELINE PAY/NON-PAY,01,0.00,0.00,0.00,0.00,0.00,0.00,0.00,0.00,0.00,0.00,0.00,0.00,A-068-0108,ENVIRONMENTAL PROGRAMS AND MANAGEMENT,304,"DISCRETIONARY, INFRASTRUCTURE INVESTMENT AND JOBS ACT OF 2021, APPROPRIATIONS COMMITTEE",DISCRETIONARY
718,FY-2025,A-0108,L-118050,BASELINE PAY/NON-PAY,01,0.00,0.00,0.00,0.00,0.00,0.00,0.00,0.00,0.00,0.00,0.00,0.00,A-068-0108,ENVIRONMENTAL PROGRAMS AND MANAGEMENT,304,"DISCRETIONARY, INFRASTRUCTURE INVESTMENT AND JOBS ACT OF 2021, APPROPRIATIONS COMMITTEE",DISCRETIONARY
719,FY-2025,A-0108,L-118050,BASELINE PAY/NON-PAY,01,0.00,385000000.00,385000000.00,385000000.00,393000000.00,401000000.00,409000000.00,417000000.00,425000000.00,434000000.00,442000000.00,451000000.00,A-068-0108,ENVIRONMENTAL PROGRAMS AND MANAGEMENT,304,"DISCRETIONARY, INFRASTRUCTURE INVESTMENT AND JOBS ACT OF 2021, APPROPRIATIONS COMMITTEE",DISCRETIONARY
720,FY-2025,A-0108,L-118061,NEW AUTHORITY,01,0.00,38000000.00,38000000.00,38000000.00,0.00,0.00,0.00,0.00,0.00,0.00,0.00,0.00,A-068-0108,ENVIRONMENTAL PROGRAMS AND MANAGEMENT,304,"DISCRETIONARY, INFRASTRUCTURE INVESTMENT AND JOBS ACT OF 2021, APPROPRIATIONS COMMITTEE",DISCRETIONARY
721,FY-2025,A-0108,L-118062,BALANCES (EXCL OF EOY PY BAL),01,0.00,0.00,38000000.00,77000000.00,116000000.00,116000000.00,116000000.00,116000000.00,116000000.00,116000000.00,116000000.00,77000000.00,A-068-0108,ENVIRONMENTAL PROGRAMS AND MANAGEMENT,304,"DISCRETIONARY, INFRASTRUCTURE INVESTMENT AND JOBS ACT OF 2021, APPROPRIATIONS COMMITTEE",DISCRETIONARY
722,FY-2025,A-0108,L-118063,END OF PY BALANCES,01,0.00,0.00,0.00,0.00,0.00,0.00,0.00,0.00,0.00,0.00,0.00,0.00,A-068-0108,ENVIRONMENTAL PROGRAMS AND MANAGEMENT,304,"DISCRETIONARY, INFRASTRUCTURE INVESTMENT AND JOBS ACT OF 2021, APPROPRIATIONS COMMITTEE",DISCRETIONARY
723,FY-2025,A-0108,L-118081,NEW AUTHORITY,01,0.00,38000000.00,38000000.00,38000000.00,39000000.00,40000000.00,41000000.00,42000000.00,42000000.00,43000000.00,44000000.00,45000000.00,A-068-0108,ENVIRONMENTAL PROGRAMS AND MANAGEMENT,304,"DISCRETIONARY, INFRASTRUCTURE INVESTMENT AND JOBS ACT OF 2021, APPROPRIATIONS COMMITTEE",DISCRETIONARY
724,FY-2025,A-0108,L-118082,BALANCES (EXCL OF EOY PY BAL),01,0.00,0.00,38000000.00,77000000.00,116000000.00,155000000.00,195000000.00,236000000.00,278000000.00,320000000.00,363000000.00,369000000.00,A-068-0108,ENVIRONMENTAL PROGRAMS AND MANAGEMENT,304,"DISCRETIONARY, INFRASTRUCTURE INVESTMENT AND JOBS ACT OF 2021, APPROPRIATIONS COMMITTEE",DISCRETIONARY
725,FY-2025,A-0108,L-118083,END OF PY BALANCES,01,0.00,0.00,0.00,0.00,0.00,0.00,0.00,0.00,0.00,0.00,0.00,0.00,A-068-0108,ENVIRONMENTAL PROGRAMS AND MANAGEMENT,304,"DISCRETIONARY, INFRASTRUCTURE INVESTMENT AND JOBS ACT OF 2021, APPROPRIATIONS COMMITTEE",DISCRETIONARY
726,FY-2025,A-0108,L-1200,APPROPRIATION,01,0.00,0.00,0.00,0.00,0.00,0.00,0.00,0.00,0.00,0.00,0.00,0.00,A-068-0108,ENVIRONMENTAL PROGRAMS AND MANAGEMENT,304,NS,MANDATORY
727,FY-2025,A-0108,L-1260,"APPROPRIATIONS, MANDATORY (TOTAL)",01,0.00,0.00,0.00,0.00,0.00,0.00,0.00,0.00,0.00,0.00,0.00,0.00,A-068-0108,ENVIRONMENTAL PROGRAMS AND MANAGEMENT,304,NS,MANDATORY
728,FY-2025,A-0108,L-126040,APPROPRIATION [ARP],01,0.00,0.00,0.00,0.00,0.00,0.00,0.00,0.00,0.00,0.00,0.00,0.00,A-068-0108,ENVIRONMENTAL PROGRAMS AND MANAGEMENT,304,"MANDATORY, AUTHORIZING COMMITTEE",MANDATORY
729,FY-2025,A-0108,L-126050,BASELINE PAY/NON-PAY,01,0.00,0.00,0.00,0.00,0.00,0.00,0.00,0.00,0.00,0.00,0.00,0.00,A-068-0108,ENVIRONMENTAL PROGRAMS AND MANAGEMENT,304,"MANDATORY, AUTHORIZING COMMITTEE",MANDATORY
730,FY-2025,A-0108,L-126050,BASELINE PAY/NON-PAY,01,0.00,0.00,0.00,0.00,0.00,0.00,0.00,0.00,0.00,0.00,0.00,0.00,A-068-0108,ENVIRONMENTAL PROGRAMS AND MANAGEMENT,304,"MANDATORY, AUTHORIZING COMMITTEE",MANDATORY
731,FY-2025,A-0108,L-126050,BASELINE PAY/NON-PAY,01,0.00,0.00,0.00,0.00,0.00,0.00,0.00,0.00,0.00,0.00,0.00,0.00,A-068-0108,ENVIRONMENTAL PROGRAMS AND MANAGEMENT,304,"MANDATORY, AUTHORIZING COMMITTEE",MANDATORY
732,FY-2025,A-0108,L-126061,NEW AUTHORITY,01,0.00,0.00,0.00,0.00,0.00,0.00,0.00,0.00,0.00,0.00,0.00,0.00,A-068-0108,ENVIRONMENTAL PROGRAMS AND MANAGEMENT,304,"MANDATORY, AUTHORIZING COMMITTEE",MANDATORY
733,FY-2025,A-0108,L-126062,BALANCES (EXCL OF EOY PY BAL),01,14000000.00,0.00,0.00,0.00,0.00,0.00,0.00,0.00,0.00,0.00,0.00,0.00,A-068-0108,ENVIRONMENTAL PROGRAMS AND MANAGEMENT,304,"MANDATORY, AUTHORIZING COMMITTEE",MANDATORY
734,FY-2025,A-0108,L-126063,END OF PY BALANCES,01,0.00,1000000.00,0.00,0.00,0.00,0.00,0.00,0.00,0.00,0.00,0.00,0.00,A-068-0108,ENVIRONMENTAL PROGRAMS AND MANAGEMENT,304,"MANDATORY, AUTHORIZING COMMITTEE",MANDATORY
735,FY-2025,A-0108,L-126081,NEW AUTHORITY,01,0.00,0.00,0.00,0.00,0.00,0.00,0.00,0.00,0.00,0.00,0.00,0.00,A-068-0108,ENVIRONMENTAL PROGRAMS AND MANAGEMENT,304,"MANDATORY, AUTHORIZING COMMITTEE",MANDATORY
736,FY-2025,A-0108,L-126082,BALANCES (EXCL OF EOY PY BAL),01,14000000.00,0.00,0.00,0.00,0.00,0.00,0.00,0.00,0.00,0.00,0.00,0.00,A-068-0108,ENVIRONMENTAL PROGRAMS AND MANAGEMENT,304,"MANDATORY, AUTHORIZING COMMITTEE",MANDATORY
737,FY-2025,A-0108,L-126083,END OF PY BALANCES,01,0.00,1000000.00,0.00,0.00,0.00,0.00,0.00,0.00,0.00,0.00,0.00,0.00,A-068-0108,ENVIRONMENTAL PROGRAMS AND MANAGEMENT,304,"MANDATORY, AUTHORIZING COMMITTEE",MANDATORY
738,FY-2025,A-0108,L-126040,APPROPRIATION [IRA],02,0.00,0.00,0.00,0.00,0.00,0.00,0.00,0.00,0.00,0.00,0.00,0.00,A-068-0108,ENVIRONMENTAL PROGRAMS AND MANAGEMENT,304,"MANDATORY, AUTHORIZING COMMITTEE",MANDATORY
739,FY-2025,A-0108,L-126050,BASELINE PAY/NON-PAY,02,0.00,0.00,0.00,0.00,0.00,0.00,0.00,0.00,0.00,0.00,0.00,0.00,A-068-0108,ENVIRONMENTAL PROGRAMS AND MANAGEMENT,304,"MANDATORY, AUTHORIZING COMMITTEE",MANDATORY
740,FY-2025,A-0108,L-126050,BASELINE PAY/NON-PAY,02,0.00,0.00,0.00,0.00,0.00,0.00,0.00,0.00,0.00,0.00,0.00,0.00,A-068-0108,ENVIRONMENTAL PROGRAMS AND MANAGEMENT,304,"MANDATORY, AUTHORIZING COMMITTEE",MANDATORY
741,FY-2025,A-0108,L-126050,BASELINE PAY/NON-PAY,02,0.00,0.00,0.00,0.00,0.00,0.00,0.00,0.00,0.00,0.00,0.00,0.00,A-068-0108,ENVIRONMENTAL PROGRAMS AND MANAGEMENT,304,"MANDATORY, AUTHORIZING COMMITTEE",MANDATORY
742,FY-2025,A-0108,L-126061,NEW AUTHORITY,02,0.00,0.00,0.00,0.00,0.00,0.00,0.00,0.00,0.00,0.00,0.00,0.00,A-068-0108,ENVIRONMENTAL PROGRAMS AND MANAGEMENT,304,"MANDATORY, AUTHORIZING COMMITTEE",MANDATORY
743,FY-2025,A-0108,L-126062,BALANCES (EXCL OF EOY PY BAL),02,0.00,0.00,0.00,0.00,0.00,0.00,0.00,0.00,0.00,0.00,0.00,0.00,A-068-0108,ENVIRONMENTAL PROGRAMS AND MANAGEMENT,304,"MANDATORY, AUTHORIZING COMMITTEE",MANDATORY
744,FY-2025,A-0108,L-126063,END OF PY BALANCES,02,0.00,1079000000.00,886000000.00,876000000.00,177000000.00,172000000.00,165000000.00,137000000.00,133000000.00,0.00,0.00,0.00,A-068-0108,ENVIRONMENTAL PROGRAMS AND MANAGEMENT,304,"MANDATORY, AUTHORIZING COMMITTEE",MANDATORY
745,FY-2025,A-0108,L-126081,NEW AUTHORITY,02,0.00,0.00,0.00,0.00,0.00,0.00,0.00,0.00,0.00,0.00,0.00,0.00,A-068-0108,ENVIRONMENTAL PROGRAMS AND MANAGEMENT,304,"MANDATORY, AUTHORIZING COMMITTEE",MANDATORY
746,FY-2025,A-0108,L-126082,BALANCES (EXCL OF EOY PY BAL),02,0.00,0.00,0.00,0.00,0.00,0.00,0.00,0.00,0.00,0.00,0.00,0.00,A-068-0108,ENVIRONMENTAL PROGRAMS AND MANAGEMENT,304,"MANDATORY, AUTHORIZING COMMITTEE",MANDATORY
747,FY-2025,A-0108,L-126083,END OF PY BALANCES,02,0.00,1079000000.00,886000000.00,876000000.00,177000000.00,172000000.00,165000000.00,137000000.00,133000000.00,0.00,0.00,0.00,A-068-0108,ENVIRONMENTAL PROGRAMS AND MANAGEMENT,304,"MANDATORY, AUTHORIZING COMMITTEE",MANDATORY
748,FY-2025,A-0108,L-1700,COLLECTED,01,33000000.00,165000000.00,165000000.00,0.00,0.00,0.00,0.00,0.00,0.00,0.00,0.00,0.00,A-068-0108,ENVIRONMENTAL PROGRAMS AND MANAGEMENT,304,NS,DISCRETIONARY
749,FY-2025,A-0108,L-1701,"CHANGE IN UNCOLLECTED PAYMENTS, FEDERAL SOURCES",01,73000000.00,0.00,0.00,0.00,0.00,0.00,0.00,0.00,0.00,0.00,0.00,0.00,A-068-0108,ENVIRONMENTAL PROGRAMS AND MANAGEMENT,304,NS,DISCRETIONARY
750,FY-2025,A-0108,L-1750,"SPENDING AUTH FROM OFFSETTING COLLECTIONS, DISC (TOTAL)",01,106000000.00,165000000.00,165000000.00,0.00,0.00,0.00,0.00,0.00,0.00,0.00,0.00,0.00,A-068-0108,ENVIRONMENTAL PROGRAMS AND MANAGEMENT,304,NS,DISCRETIONARY
751,FY-2025,A-0108,L-175040,SPENDING AUTHORITY FROM OFFSETTING COLLECTIONS [TEXT],01,106000000.00,165000000.00,165000000.00,168000000.00,173000000.00,176000000.00,181000000.00,185000000.00,189000000.00,193000000.00,198000000.00,203000000.00,A-068-0108,ENVIRONMENTAL PROGRAMS AND MANAGEMENT,304,"DISCRETIONARY, APPROPRIATIONS COMMITTEE",DISCRETIONARY
752,FY-2025,A-0108,L-175050,BASELINE PROGRAM [TEXT],01,106000000.00,165000000.00,115000000.00,115000000.00,115000000.00,115000000.00,115000000.00,115000000.00,115000000.00,115000000.00,115000000.00,115000000.00,A-068-0108,ENVIRONMENTAL PROGRAMS AND MANAGEMENT,304,"DISCRETIONARY, APPROPRIATIONS COMMITTEE",DISCRETIONARY
753,FY-2025,A-0108,L-175061,NEW AUTHORITY,01,0.00,45000000.00,45000000.00,45000000.00,47000000.00,48000000.00,49000000.00,50000000.00,51000000.00,52000000.00,53000000.00,55000000.00,A-068-0108,ENVIRONMENTAL PROGRAMS AND MANAGEMENT,304,"DISCRETIONARY, APPROPRIATIONS COMMITTEE",DISCRETIONARY
754,FY-2025,A-0108,L-175062,BALANCES (EXCL OF EOY PY BAL),01,0.00,0.00,120000000.00,120000000.00,123000000.00,126000000.00,128000000.00,132000000.00,135000000.00,138000000.00,141000000.00,145000000.00,A-068-0108,ENVIRONMENTAL PROGRAMS AND MANAGEMENT,304,"DISCRETIONARY, APPROPRIATIONS COMMITTEE",DISCRETIONARY
755,FY-2025,A-0108,L-175063,END OF PY BALANCES,01,0.00,120000000.00,0.00,0.00,0.00,0.00,0.00,0.00,0.00,0.00,0.00,0.00,A-068-0108,ENVIRONMENTAL PROGRAMS AND MANAGEMENT,304,"DISCRETIONARY, APPROPRIATIONS COMMITTEE",DISCRETIONARY
756,FY-2025,A-0108,L-175081,NEW AUTHORITY,01,0.00,45000000.00,31000000.00,31000000.00,31000000.00,31000000.00,31000000.00,31000000.00,31000000.00,31000000.00,31000000.00,31000000.00,A-068-0108,ENVIRONMENTAL PROGRAMS AND MANAGEMENT,304,"DISCRETIONARY, APPROPRIATIONS COMMITTEE",DISCRETIONARY
757,FY-2025,A-0108,L-175082,BALANCES (EXCL OF EOY PY BAL),01,0.00,0.00,120000000.00,84000000.00,84000000.00,84000000.00,84000000.00,84000000.00,84000000.00,84000000.00,84000000.00,84000000.00,A-068-0108,ENVIRONMENTAL PROGRAMS AND MANAGEMENT,304,"DISCRETIONARY, APPROPRIATIONS COMMITTEE",DISCRETIONARY
758,FY-2025,A-0108,L-175083,END OF PY BALANCES,01,0.00,120000000.00,0.00,0.00,0.00,0.00,0.00,0.00,0.00,0.00,0.00,0.00,A-068-0108,ENVIRONMENTAL PROGRAMS AND MANAGEMENT,304,"DISCRETIONARY, APPROPRIATIONS COMMITTEE",DISCRETIONARY
759,FY-2025,A-0108,L-1900,BUDGET AUTHORITY (TOTAL),01,3787000000.00,3872000000.00,4957000000.00,0.00,0.00,0.00,0.00,0.00,0.00,0.00,0.00,0.00,A-068-0108,ENVIRONMENTAL PROGRAMS AND MANAGEMENT,304,NS,NS
760,FY-2025,A-0108,L-1930,TOTAL BUDGETARY RESOURCES AVAILABLE,01,7917000000.00,8346000000.00,9929000000.00,0.00,0.00,0.00,0.00,0.00,0.00,0.00,0.00,0.00,A-068-0108,ENVIRONMENTAL PROGRAMS AND MANAGEMENT,304,NS,NS
761,FY-2025,A-0108,L-1940,UNOBLIGATED BALANCE EXPIRING,01,-37000000.00,0.00,0.00,0.00,0.00,0.00,0.00,0.00,0.00,0.00,0.00,0.00,A-068-0108,ENVIRONMENTAL PROGRAMS AND MANAGEMENT,304,NS,NS
762,FY-2025,A-0108,L-1941,"UNEXPIRED UNOBLIGATED BALANCE, END OF YEAR",01,4404000000.00,4902000000.00,5659000000.00,0.00,0.00,0.00,0.00,0.00,0.00,0.00,0.00,0.00,A-068-0108,ENVIRONMENTAL PROGRAMS AND MANAGEMENT,304,NS,NS
763,FY-2025,A-0108,L-3000,"UNPAID OBLIGATIONS, BROUGHT FORWARD, OCT 1",01,1893000000.00,2299000000.00,1656000000.00,0.00,0.00,0.00,0.00,0.00,0.00,0.00,0.00,0.00,A-068-0108,ENVIRONMENTAL PROGRAMS AND MANAGEMENT,304,NS,NS
764,FY-2025,A-0108,L-3010,"NEW OBLIGATIONS, UNEXPIRED ACCOUNTS",01,3476000000.00,3444000000.00,4270000000.00,0.00,0.00,0.00,0.00,0.00,0.00,0.00,0.00,0.00,A-068-0108,ENVIRONMENTAL PROGRAMS AND MANAGEMENT,304,NS,NS
765,FY-2025,A-0108,L-3011,"OBLIGATIONS (""UPWARD ADJUSTMENTS""), EXPIRED ACCOUNTS",01,12000000.00,0.00,0.00,0.00,0.00,0.00,0.00,0.00,0.00,0.00,0.00,0.00,A-068-0108,ENVIRONMENTAL PROGRAMS AND MANAGEMENT,304,NS,NS
766,FY-2025,A-0108,L-3020,OUTLAYS (GROSS),01,-3003000000.00,-4017000000.00,-4775000000.00,0.00,0.00,0.00,0.00,0.00,0.00,0.00,0.00,0.00,A-068-0108,ENVIRONMENTAL PROGRAMS AND MANAGEMENT,304,NS,NS
767,FY-2025,A-0108,L-3040,"RECOVERIES OF PRIOR YEAR UNPAID OBLIGATIONS, UNEXPIRED",01,-60000000.00,-70000000.00,-70000000.00,0.00,0.00,0.00,0.00,0.00,0.00,0.00,0.00,0.00,A-068-0108,ENVIRONMENTAL PROGRAMS AND MANAGEMENT,304,NS,NS
768,FY-2025,A-0108,L-3041,"RECOVERIES OF PRIOR YEAR UNPAID OBLIGATIONS, EXPIRED",01,-19000000.00,0.00,0.00,0.00,0.00,0.00,0.00,0.00,0.00,0.00,0.00,0.00,A-068-0108,ENVIRONMENTAL PROGRAMS AND MANAGEMENT,304,NS,NS
769,FY-2025,A-0108,L-3050,"UNPAID OBLIGATIONS, END OF YEAR",01,2299000000.00,1656000000.00,1081000000.00,0.00,0.00,0.00,0.00,0.00,0.00,0.00,0.00,0.00,A-068-0108,ENVIRONMENTAL PROGRAMS AND MANAGEMENT,304,NS,NS
770,FY-2025,A-0108,L-3060,"UNCOLLECTED PYMTS, FED SOURCES, BROUGHT FORWARD, OCT 1",01,-128000000.00,-165000000.00,-165000000.00,0.00,0.00,0.00,0.00,0.00,0.00,0.00,0.00,0.00,A-068-0108,ENVIRONMENTAL PROGRAMS AND MANAGEMENT,304,NS,NS
771,FY-2025,A-0108,L-3070,"CHANGE IN UNCOLLECTED PYMTS, FED SOURCES, UNEXPIRED",01,-73000000.00,0.00,0.00,0.00,0.00,0.00,0.00,0.00,0.00,0.00,0.00,0.00,A-068-0108,ENVIRONMENTAL PROGRAMS AND MANAGEMENT,304,NS,NS
772,FY-2025,A-0108,L-3071,"CHANGE IN UNCOLLECTED PYMTS, FED SOURCES, EXPIRED",01,36000000.00,0.00,0.00,0.00,0.00,0.00,0.00,0.00,0.00,0.00,0.00,0.00,A-068-0108,ENVIRONMENTAL PROGRAMS AND MANAGEMENT,304,NS,NS
773,FY-2025,A-0108,L-3090,"UNCOLLECTED PYMTS, FED SOURCES, END OF YEAR",01,-165000000.00,-165000000.00,-165000000.00,0.00,0.00,0.00,0.00,0.00,0.00,0.00,0.00,0.00,A-068-0108,ENVIRONMENTAL PROGRAMS AND MANAGEMENT,304,NS,NS
774,FY-2025,A-0108,L-3100,"OBLIGATED BALANCE, START OF YEAR",01,1765000000.00,2134000000.00,1491000000.00,0.00,0.00,0.00,0.00,0.00,0.00,0.00,0.00,0.00,A-068-0108,ENVIRONMENTAL PROGRAMS AND MANAGEMENT,304,NS,NS
775,FY-2025,A-0108,L-3200,"OBLIGATED BALANCE, END OF YEAR",01,2134000000.00,1491000000.00,916000000.00,0.00,0.00,0.00,0.00,0.00,0.00,0.00,0.00,0.00,A-068-0108,ENVIRONMENTAL PROGRAMS AND MANAGEMENT,304,NS,NS
776,FY-2025,A-0108,L-4000,"BUDGET AUTHORITY, GROSS",01,3787000000.00,3872000000.00,4957000000.00,0.00,0.00,0.00,0.00,0.00,0.00,0.00,0.00,0.00,A-068-0108,ENVIRONMENTAL PROGRAMS AND MANAGEMENT,304,NS,DISCRETIONARY
777,FY-2025,A-0108,L-4010,OUTLAYS FROM NEW DISCRETIONARY AUTHORITY,01,2012000000.00,1804000000.00,2513000000.00,0.00,0.00,0.00,0.00,0.00,0.00,0.00,0.00,0.00,A-068-0108,ENVIRONMENTAL PROGRAMS AND MANAGEMENT,304,NS,DISCRETIONARY
778,FY-2025,A-0108,L-4011,OUTLAYS FROM DISCRETIONARY BALANCES,01,977000000.00,1133000000.00,1376000000.00,0.00,0.00,0.00,0.00,0.00,0.00,0.00,0.00,0.00,A-068-0108,ENVIRONMENTAL PROGRAMS AND MANAGEMENT,304,NS,DISCRETIONARY
779,FY-2025,A-0108,L-4020,"OUTLAYS, GROSS (TOTAL)",01,2989000000.00,2937000000.00,3889000000.00,0.00,0.00,0.00,0.00,0.00,0.00,0.00,0.00,0.00,A-068-0108,ENVIRONMENTAL PROGRAMS AND MANAGEMENT,304,NS,DISCRETIONARY
780,FY-2025,A-0108,L-4030,FEDERAL SOURCES,01,-50000000.00,-60000000.00,-60000000.00,0.00,0.00,0.00,0.00,0.00,0.00,0.00,0.00,0.00,A-068-0108,ENVIRONMENTAL PROGRAMS AND MANAGEMENT,304,NS,DISCRETIONARY
781,FY-2025,A-0108,L-403041,POLICY PROGRAM [TEXT],01,-50000000.00,-60000000.00,-60000000.00,-61000000.00,-63000000.00,-64000000.00,-66000000.00,-67000000.00,-69000000.00,-70000000.00,-72000000.00,-74000000.00,A-068-0108,ENVIRONMENTAL PROGRAMS AND MANAGEMENT,304,"DISCRETIONARY, APPROPRIATIONS COMMITTEE",DISCRETIONARY
782,FY-2025,A-0108,L-403071,BASELINE PROGRAM [TEXT],01,-50000000.00,-60000000.00,-60000000.00,-60000000.00,-60000000.00,-60000000.00,-60000000.00,-60000000.00,-60000000.00,-60000000.00,-60000000.00,-60000000.00,A-068-0108,ENVIRONMENTAL PROGRAMS AND MANAGEMENT,304,"DISCRETIONARY, APPROPRIATIONS COMMITTEE",DISCRETIONARY
783,FY-2025,A-0108,L-4033,NON-FEDERAL SOURCES,01,-5000000.00,-105000000.00,-105000000.00,0.00,0.00,0.00,0.00,0.00,0.00,0.00,0.00,0.00,A-068-0108,ENVIRONMENTAL PROGRAMS AND MANAGEMENT,304,NS,DISCRETIONARY
784,FY-2025,A-0108,L-403341,POLICY PROGRAM [TEXT],01,-5000000.00,-105000000.00,-105000000.00,-107000000.00,-110000000.00,-112000000.00,-115000000.00,-118000000.00,-120000000.00,-123000000.00,-126000000.00,-129000000.00,A-068-0108,ENVIRONMENTAL PROGRAMS AND MANAGEMENT,304,"DISCRETIONARY, APPROPRIATIONS COMMITTEE",DISCRETIONARY
785,FY-2025,A-0108,L-403371,BASELINE PROGRAM [TEXT],01,-5000000.00,-105000000.00,-55000000.00,-55000000.00,-55000000.00,-55000000.00,-55000000.00,-55000000.00,-55000000.00,-55000000.00,-55000000.00,-55000000.00,A-068-0108,ENVIRONMENTAL PROGRAMS AND MANAGEMENT,304,"DISCRETIONARY, APPROPRIATIONS COMMITTEE",DISCRETIONARY
786,FY-2025,A-0108,L-4040,OFFSETS AGAINST GROSS BUDGET AUTHORITY  AND OUTLAYS (TOTAL),01,-55000000.00,-165000000.00,-165000000.00,0.00,0.00,0.00,0.00,0.00,0.00,0.00,0.00,0.00,A-068-0108,ENVIRONMENTAL PROGRAMS AND MANAGEMENT,304,NS,DISCRETIONARY
787,FY-2025,A-0108,L-4050,"CHANGE IN UNCOLLECTED PYMTS, FED SOURCES, UNEXPIRED",01,-73000000.00,0.00,0.00,0.00,0.00,0.00,0.00,0.00,0.00,0.00,0.00,0.00,A-068-0108,ENVIRONMENTAL PROGRAMS AND MANAGEMENT,304,NS,DISCRETIONARY
788,FY-2025,A-0108,L-405041,POLICY PROGRAM [TEXT],01,-73000000.00,0.00,0.00,0.00,0.00,0.00,0.00,0.00,0.00,0.00,0.00,0.00,A-068-0108,ENVIRONMENTAL PROGRAMS AND MANAGEMENT,304,"DISCRETIONARY, APPROPRIATIONS COMMITTEE",DISCRETIONARY
789,FY-2025,A-0108,L-405071,BASELINE PROGRAM [TEXT],01,-73000000.00,0.00,0.00,0.00,0.00,0.00,0.00,0.00,0.00,0.00,0.00,0.00,A-068-0108,ENVIRONMENTAL PROGRAMS AND MANAGEMENT,304,"DISCRETIONARY, APPROPRIATIONS COMMITTEE",DISCRETIONARY
790,FY-2025,A-0108,L-4052,OFFSETTING COLLECTIONS CREDITED TO EXPIRED ACCOUNTS,01,22000000.00,0.00,0.00,0.00,0.00,0.00,0.00,0.00,0.00,0.00,0.00,0.00,A-068-0108,ENVIRONMENTAL PROGRAMS AND MANAGEMENT,304,NS,DISCRETIONARY
791,FY-2025,A-0108,L-405241,POLICY PROGRAM [TEXT],01,22000000.00,0.00,0.00,0.00,0.00,0.00,0.00,0.00,0.00,0.00,0.00,0.00,A-068-0108,ENVIRONMENTAL PROGRAMS AND MANAGEMENT,304,"DISCRETIONARY, APPROPRIATIONS COMMITTEE",DISCRETIONARY
792,FY-2025,A-0108,L-405271,BASELINE PROGRAM [TEXT],01,22000000.00,0.00,0.00,0.00,0.00,0.00,0.00,0.00,0.00,0.00,0.00,0.00,A-068-0108,ENVIRONMENTAL PROGRAMS AND MANAGEMENT,304,"DISCRETIONARY, APPROPRIATIONS COMMITTEE",DISCRETIONARY
793,FY-2025,A-0108,L-4060,ADDITIONAL OFFSETS AGAINST BUDGET AUTHORITY ONLY (TOTAL),01,-51000000.00,0.00,0.00,0.00,0.00,0.00,0.00,0.00,0.00,0.00,0.00,0.00,A-068-0108,ENVIRONMENTAL PROGRAMS AND MANAGEMENT,304,NS,DISCRETIONARY
794,FY-2025,A-0108,L-4070,"BUDGET AUTHORITY, NET (DISCRETIONARY)",01,3681000000.00,3707000000.00,4792000000.00,0.00,0.00,0.00,0.00,0.00,0.00,0.00,0.00,0.00,A-068-0108,ENVIRONMENTAL PROGRAMS AND MANAGEMENT,304,NS,DISCRETIONARY
795,FY-2025,A-0108,L-4080,"OUTLAYS, NET (DISCRETIONARY)",01,2934000000.00,2772000000.00,3724000000.00,0.00,0.00,0.00,0.00,0.00,0.00,0.00,0.00,0.00,A-068-0108,ENVIRONMENTAL PROGRAMS AND MANAGEMENT,304,NS,DISCRETIONARY
796,FY-2025,A-0108,L-4101,OUTLAYS FROM MANDATORY BALANCES,01,14000000.00,1080000000.00,886000000.00,0.00,0.00,0.00,0.00,0.00,0.00,0.00,0.00,0.00,A-068-0108,ENVIRONMENTAL PROGRAMS AND MANAGEMENT,304,NS,MANDATORY
797,FY-2025,A-0108,L-4160,"BUDGET AUTHORITY, NET (MANDATORY)",01,0.00,0.00,0.00,0.00,0.00,0.00,0.00,0.00,0.00,0.00,0.00,0.00,A-068-0108,ENVIRONMENTAL PROGRAMS AND MANAGEMENT,304,NS,MANDATORY
798,FY-2025,A-0108,L-4170,"OUTLAYS, NET (MANDATORY)",01,14000000.00,1080000000.00,886000000.00,0.00,0.00,0.00,0.00,0.00,0.00,0.00,0.00,0.00,A-068-0108,ENVIRONMENTAL PROGRAMS AND MANAGEMENT,304,NS,MANDATORY
799,FY-2025,A-0108,L-4180,"BUDGET AUTHORITY, NET (TOTAL)",01,3681000000.00,3707000000.00,4792000000.00,0.00,0.00,0.00,0.00,0.00,0.00,0.00,0.00,0.00,A-068-0108,ENVIRONMENTAL PROGRAMS AND MANAGEMENT,304,NS,NS
800,FY-2025,A-0108,L-4190,"OUTLAYS, NET (TOTAL)",01,2948000000.00,3852000000.00,4610000000.00,0.00,0.00,0.00,0.00,0.00,0.00,0.00,0.00,0.00,A-068-0108,ENVIRONMENTAL PROGRAMS AND MANAGEMENT,304,NS,NS
801,FY-2025,A-0108,L-5311,"DIRECT UNOBLIGATED BALANCE, START OF YEAR",01,4015000000.00,0.00,0.00,0.00,0.00,0.00,0.00,0.00,0.00,0.00,0.00,0.00,A-068-0108,ENVIRONMENTAL PROGRAMS AND MANAGEMENT,304,NS,NS
802,FY-2025,A-0108,L-5312,"REIMBURSABLE UNOBLIGATED BALANCE, START OF YEAR",01,42000000.00,0.00,0.00,0.00,0.00,0.00,0.00,0.00,0.00,0.00,0.00,0.00,A-068-0108,ENVIRONMENTAL PROGRAMS AND MANAGEMENT,304,NS,NS
803,FY-2025,A-0108,L-5313,"DISCRETIONARY UNOBLIGATED BALANCE, START OF YEAR",01,4044000000.00,0.00,0.00,0.00,0.00,0.00,0.00,0.00,0.00,0.00,0.00,0.00,A-068-0108,ENVIRONMENTAL PROGRAMS AND MANAGEMENT,304,NS,DISCRETIONARY
804,FY-2025,A-0108,L-5314,"MANDATORY UNOBLIGATED BALANCE, START OF YEAR",01,13000000.00,0.00,0.00,0.00,0.00,0.00,0.00,0.00,0.00,0.00,0.00,0.00,A-068-0108,ENVIRONMENTAL PROGRAMS AND MANAGEMENT,304,NS,MANDATORY
805,FY-2025,A-0108,L-5321,"DIRECT UNOBLIGATED BALANCE, END OF YEAR",01,4373000000.00,0.00,0.00,0.00,0.00,0.00,0.00,0.00,0.00,0.00,0.00,0.00,A-068-0108,ENVIRONMENTAL PROGRAMS AND MANAGEMENT,304,NS,NS
806,FY-2025,A-0108,L-5322,"REIMBURSABLE UNOBLIGATED BALANCE, END OF YEAR",01,67000000.00,0.00,0.00,0.00,0.00,0.00,0.00,0.00,0.00,0.00,0.00,0.00,A-068-0108,ENVIRONMENTAL PROGRAMS AND MANAGEMENT,304,NS,NS
807,FY-2025,A-0108,L-5323,"DISCRETIONARY UNOBLIGATED BALANCE, END OF YEAR",01,4435000000.00,0.00,0.00,0.00,0.00,0.00,0.00,0.00,0.00,0.00,0.00,0.00,A-068-0108,ENVIRONMENTAL PROGRAMS AND MANAGEMENT,304,NS,DISCRETIONARY
808,FY-2025,A-0108,L-5324,"MANDATORY UNOBLIGATED BALANCE, END OF YEAR",01,5000000.00,0.00,0.00,0.00,0.00,0.00,0.00,0.00,0.00,0.00,0.00,0.00,A-068-0108,ENVIRONMENTAL PROGRAMS AND MANAGEMENT,304,NS,MANDATORY
809,FY-2025,A-0108,L-5331,"DIRECT OBLIGATED BALANCE, START OF YEAR",01,1826000000.00,2216000000.00,0.00,0.00,0.00,0.00,0.00,0.00,0.00,0.00,0.00,0.00,A-068-0108,ENVIRONMENTAL PROGRAMS AND MANAGEMENT,304,NS,NS
810,FY-2025,A-0108,L-5332,"REIMBURSABLE OBLIGATED BALANCE, START OF YEAR",01,-61000000.00,-82000000.00,0.00,0.00,0.00,0.00,0.00,0.00,0.00,0.00,0.00,0.00,A-068-0108,ENVIRONMENTAL PROGRAMS AND MANAGEMENT,304,NS,NS
811,FY-2025,A-0108,L-5333,"DISCRETIONARY OBLIGATED BALANCE, START OF YEAR",01,1742000000.00,2117000000.00,0.00,0.00,0.00,0.00,0.00,0.00,0.00,0.00,0.00,0.00,A-068-0108,ENVIRONMENTAL PROGRAMS AND MANAGEMENT,304,NS,DISCRETIONARY
812,FY-2025,A-0108,L-5334,"MANDATORY OBLIGATED BALANCE, START OF YEAR",01,23000000.00,18000000.00,0.00,0.00,0.00,0.00,0.00,0.00,0.00,0.00,0.00,0.00,A-068-0108,ENVIRONMENTAL PROGRAMS AND MANAGEMENT,304,NS,MANDATORY
813,FY-2025,A-0108,L-5341,"DIRECT OBLIGATED BALANCE, END OF YEAR",01,2216000000.00,0.00,0.00,0.00,0.00,0.00,0.00,0.00,0.00,0.00,0.00,0.00,A-068-0108,ENVIRONMENTAL PROGRAMS AND MANAGEMENT,304,NS,NS
814,FY-2025,A-0108,L-5342,"REIMBURSABLE OBLIGATED BALANCE, END OF YEAR",01,-82000000.00,0.00,0.00,0.00,0.00,0.00,0.00,0.00,0.00,0.00,0.00,0.00,A-068-0108,ENVIRONMENTAL PROGRAMS AND MANAGEMENT,304,NS,NS
815,FY-2025,A-0108,L-5343,"DISCRETIONARY OBLIGATED BALANCE, END OF YEAR",01,2117000000.00,0.00,0.00,0.00,0.00,0.00,0.00,0.00,0.00,0.00,0.00,0.00,A-068-0108,ENVIRONMENTAL PROGRAMS AND MANAGEMENT,304,NS,DISCRETIONARY
816,FY-2025,A-0108,L-5344,"MANDATORY OBLIGATED BALANCE, END OF YEAR",01,18000000.00,0.00,0.00,0.00,0.00,0.00,0.00,0.00,0.00,0.00,0.00,0.00,A-068-0108,ENVIRONMENTAL PROGRAMS AND MANAGEMENT,304,NS,MANDATORY
817,FY-2025,A-0108,L-1111,FULL-TIME PERMANENT,01,1096000000.00,1094000000.00,1380000000.00,0.00,0.00,0.00,0.00,0.00,0.00,0.00,0.00,0.00,A-068-0108,ENVIRONMENTAL PROGRAMS AND MANAGEMENT,304,NS,NS
818,FY-2025,A-0108,L-1113,OTHER THAN FULL-TIME PERMANENT,01,36000000.00,36000000.00,43000000.00,0.00,0.00,0.00,0.00,0.00,0.00,0.00,0.00,0.00,A-068-0108,ENVIRONMENTAL PROGRAMS AND MANAGEMENT,304,NS,NS
819,FY-2025,A-0108,L-1115,OTHER PERSONNEL COMPENSATION,01,35000000.00,35000000.00,42000000.00,0.00,0.00,0.00,0.00,0.00,0.00,0.00,0.00,0.00,A-068-0108,ENVIRONMENTAL PROGRAMS AND MANAGEMENT,304,NS,NS
820,FY-2025,A-0108,L-1117,MILITARY PERSONNEL,01,3000000.00,3000000.00,5000000.00,0.00,0.00,0.00,0.00,0.00,0.00,0.00,0.00,0.00,A-068-0108,ENVIRONMENTAL PROGRAMS AND MANAGEMENT,304,NS,NS
821,FY-2025,A-0108,L-1118,SPECIAL PERSONAL SERVICES PAYMENTS,01,1000000.00,1000000.00,1000000.00,0.00,0.00,0.00,0.00,0.00,0.00,0.00,0.00,0.00,A-068-0108,ENVIRONMENTAL PROGRAMS AND MANAGEMENT,304,NS,NS
822,FY-2025,A-0108,L-1119,TOTAL PERSONNEL COMPENSATION,01,1171000000.00,1169000000.00,1471000000.00,0.00,0.00,0.00,0.00,0.00,0.00,0.00,0.00,0.00,A-068-0108,ENVIRONMENTAL PROGRAMS AND MANAGEMENT,304,NS,NS
823,FY-2025,A-0108,L-1121,CIVILIAN PERSONNEL BENEFITS,01,426000000.00,426000000.00,534000000.00,0.00,0.00,0.00,0.00,0.00,0.00,0.00,0.00,0.00,A-068-0108,ENVIRONMENTAL PROGRAMS AND MANAGEMENT,304,NS,NS
824,FY-2025,A-0108,L-1130,BENEFITS FOR FORMER PERSONNEL,01,4000000.00,4000000.00,5000000.00,0.00,0.00,0.00,0.00,0.00,0.00,0.00,0.00,0.00,A-068-0108,ENVIRONMENTAL PROGRAMS AND MANAGEMENT,304,NS,NS
825,FY-2025,A-0108,L-1210,TRAVEL AND TRANSPORTATION OF PERSONS,01,19000000.00,19000000.00,13000000.00,0.00,0.00,0.00,0.00,0.00,0.00,0.00,0.00,0.00,A-068-0108,ENVIRONMENTAL PROGRAMS AND MANAGEMENT,304,NS,NS
826,FY-2025,A-0108,L-1220,TRANSPORTATION OF THINGS,01,0.00,0.00,0.00,0.00,0.00,0.00,0.00,0.00,0.00,0.00,0.00,0.00,A-068-0108,ENVIRONMENTAL PROGRAMS AND MANAGEMENT,304,NS,NS
827,FY-2025,A-0108,L-1231,RENTAL PAYMENTS TO GSA,01,141000000.00,141000000.00,191000000.00,0.00,0.00,0.00,0.00,0.00,0.00,0.00,0.00,0.00,A-068-0108,ENVIRONMENTAL PROGRAMS AND MANAGEMENT,304,NS,NS
828,FY-2025,A-0108,L-1232,RENTAL PAYMENTS TO OTHERS,02,3000000.00,3000000.00,4000000.00,0.00,0.00,0.00,0.00,0.00,0.00,0.00,0.00,0.00,A-068-0108,ENVIRONMENTAL PROGRAMS AND MANAGEMENT,304,NS,NS
829,FY-2025,A-0108,L-1233,"COMMUNICATIONS, UTILITIES, AND MISCELLANEOUS CHARGES",01,6000000.00,6000000.00,8000000.00,0.00,0.00,0.00,0.00,0.00,0.00,0.00,0.00,0.00,A-068-0108,ENVIRONMENTAL PROGRAMS AND MANAGEMENT,304,NS,NS
830,FY-2025,A-0108,L-1240,PRINTING AND REPRODUCTION,01,5000000.00,5000000.00,7000000.00,0.00,0.00,0.00,0.00,0.00,0.00,0.00,0.00,0.00,A-068-0108,ENVIRONMENTAL PROGRAMS AND MANAGEMENT,304,NS,NS
831,FY-2025,A-0108,L-1251,ADVISORY AND ASSISTANCE SERVICES,01,295000000.00,295000000.00,296000000.00,0.00,0.00,0.00,0.00,0.00,0.00,0.00,0.00,0.00,A-068-0108,ENVIRONMENTAL PROGRAMS AND MANAGEMENT,304,NS,NS
832,FY-2025,A-0108,L-1252,OTHER SERVICES FROM NON-FEDERAL SOURCES,01,200000000.00,200000000.00,556000000.00,0.00,0.00,0.00,0.00,0.00,0.00,0.00,0.00,0.00,A-068-0108,ENVIRONMENTAL PROGRAMS AND MANAGEMENT,304,NS,NS
833,FY-2025,A-0108,L-1253,OTHER GOODS AND SERVICES FROM FEDERAL SOURCES,01,384000000.00,384000000.00,507000000.00,0.00,0.00,0.00,0.00,0.00,0.00,0.00,0.00,0.00,A-068-0108,ENVIRONMENTAL PROGRAMS AND MANAGEMENT,304,NS,NS
834,FY-2025,A-0108,L-1254,OPERATION AND MAINTENANCE OF FACILITIES,01,13000000.00,13000000.00,16000000.00,0.00,0.00,0.00,0.00,0.00,0.00,0.00,0.00,0.00,A-068-0108,ENVIRONMENTAL PROGRAMS AND MANAGEMENT,304,NS,NS
835,FY-2025,A-0108,L-1255,RESEARCH AND DEVELOPMENT CONTRACTS,01,1000000.00,1000000.00,0.00,0.00,0.00,0.00,0.00,0.00,0.00,0.00,0.00,0.00,A-068-0108,ENVIRONMENTAL PROGRAMS AND MANAGEMENT,304,NS,NS
836,FY-2025,A-0108,L-1257,OPERATION AND MAINTENANCE OF EQUIPMENT,01,2000000.00,2000000.00,3000000.00,0.00,0.00,0.00,0.00,0.00,0.00,0.00,0.00,0.00,A-068-0108,ENVIRONMENTAL PROGRAMS AND MANAGEMENT,304,NS,NS
837,FY-2025,A-0108,L-1260,SUPPLIES AND MATERIALS,01,5000000.00,5000000.00,5000000.00,0.00,0.00,0.00,0.00,0.00,0.00,0.00,0.00,0.00,A-068-0108,ENVIRONMENTAL PROGRAMS AND MANAGEMENT,304,NS,NS
838,FY-2025,A-0108,L-1310,EQUIPMENT,01,12000000.00,12000000.00,12000000.00,0.00,0.00,0.00,0.00,0.00,0.00,0.00,0.00,0.00,A-068-0108,ENVIRONMENTAL PROGRAMS AND MANAGEMENT,304,NS,NS
839,FY-2025,A-0108,L-1410,"GRANTS, SUBSIDIES, AND CONTRIBUTIONS",01,707000000.00,707000000.00,591000000.00,0.00,0.00,0.00,0.00,0.00,0.00,0.00,0.00,0.00,A-068-0108,ENVIRONMENTAL PROGRAMS AND MANAGEMENT,304,NS,NS
840,FY-2025,A-0108,L-1420,INSURANCE CLAIMS AND INDEMNITIES,01,2000000.00,2000000.00,1000000.00,0.00,0.00,0.00,0.00,0.00,0.00,0.00,0.00,0.00,A-068-0108,ENVIRONMENTAL PROGRAMS AND MANAGEMENT,304,NS,NS
841,FY-2025,A-0108,L-1990,"SUBTOTAL, OBLIGATIONS",01,3396000000.00,3394000000.00,4220000000.00,0.00,0.00,0.00,0.00,0.00,0.00,0.00,0.00,0.00,A-068-0108,ENVIRONMENTAL PROGRAMS AND MANAGEMENT,304,NS,NS
842,FY-2025,A-0108,L-2111,FULL-TIME PERMANENT,01,3000000.00,3000000.00,3000000.00,0.00,0.00,0.00,0.00,0.00,0.00,0.00,0.00,0.00,A-068-0108,ENVIRONMENTAL PROGRAMS AND MANAGEMENT,304,NS,NS
843,FY-2025,A-0108,L-2115,OTHER PERSONNEL COMPENSATION,01,1000000.00,1000000.00,1000000.00,0.00,0.00,0.00,0.00,0.00,0.00,0.00,0.00,0.00,A-068-0108,ENVIRONMENTAL PROGRAMS AND MANAGEMENT,304,NS,NS
844,FY-2025,A-0108,L-2119,TOTAL PERSONNEL COMPENSATION,01,4000000.00,4000000.00,4000000.00,0.00,0.00,0.00,0.00,0.00,0.00,0.00,0.00,0.00,A-068-0108,ENVIRONMENTAL PROGRAMS AND MANAGEMENT,304,NS,NS
845,FY-2025,A-0108,L-2121,CIVILIAN PERSONNEL BENEFITS,01,1000000.00,1000000.00,1000000.00,0.00,0.00,0.00,0.00,0.00,0.00,0.00,0.00,0.00,A-068-0108,ENVIRONMENTAL PROGRAMS AND MANAGEMENT,304,NS,NS
846,FY-2025,A-0108,L-2210,TRAVEL AND TRANSPORTATION OF PERSONS,01,4000000.00,4000000.00,4000000.00,0.00,0.00,0.00,0.00,0.00,0.00,0.00,0.00,0.00,A-068-0108,ENVIRONMENTAL PROGRAMS AND MANAGEMENT,304,NS,NS
847,FY-2025,A-0108,L-2251,ADVISORY AND ASSISTANCE SERVICES,01,2000000.00,2000000.00,2000000.00,0.00,0.00,0.00,0.00,0.00,0.00,0.00,0.00,0.00,A-068-0108,ENVIRONMENTAL PROGRAMS AND MANAGEMENT,304,NS,NS
848,FY-2025,A-0108,L-2252,OTHER SERVICES FROM NON-FEDERAL SOURCES,01,48000000.00,18000000.00,18000000.00,0.00,0.00,0.00,0.00,0.00,0.00,0.00,0.00,0.00,A-068-0108,ENVIRONMENTAL PROGRAMS AND MANAGEMENT,304,NS,NS
849,FY-2025,A-0108,L-2253,OTHER GOODS AND SERVICES FROM FEDERAL SOURCES,01,5000000.00,5000000.00,5000000.00,0.00,0.00,0.00,0.00,0.00,0.00,0.00,0.00,0.00,A-068-0108,ENVIRONMENTAL PROGRAMS AND MANAGEMENT,304,NS,NS
850,FY-2025,A-0108,L-2254,OPERATION AND MAINTENANCE OF FACILITIES,01,0.00,0.00,0.00,0.00,0.00,0.00,0.00,0.00,0.00,0.00,0.00,0.00,A-068-0108,ENVIRONMENTAL PROGRAMS AND MANAGEMENT,304,NS,NS
851,FY-2025,A-0108,L-2257,OPERATION AND MAINTENANCE OF EQUIPMENT,01,1000000.00,1000000.00,1000000.00,0.00,0.00,0.00,0.00,0.00,0.00,0.00,0.00,0.00,A-068-0108,ENVIRONMENTAL PROGRAMS AND MANAGEMENT,304,NS,NS
852,FY-2025,A-0108,L-2310,EQUIPMENT,01,0.00,0.00,0.00,0.00,0.00,0.00,0.00,0.00,0.00,0.00,0.00,0.00,A-068-0108,ENVIRONMENTAL PROGRAMS AND MANAGEMENT,304,NS,NS
853,FY-2025,A-0108,L-2410,"GRANTS, SUBSIDIES, AND CONTRIBUTIONS",01,15000000.00,15000000.00,15000000.00,0.00,0.00,0.00,0.00,0.00,0.00,0.00,0.00,0.00,A-068-0108,ENVIRONMENTAL PROGRAMS AND MANAGEMENT,304,NS,NS
854,FY-2025,A-0108,L-2990,"SUBTOTAL, OBLIGATIONS",01,80000000.00,50000000.00,50000000.00,0.00,0.00,0.00,0.00,0.00,0.00,0.00,0.00,0.00,A-068-0108,ENVIRONMENTAL PROGRAMS AND MANAGEMENT,304,NS,NS
855,FY-2025,A-0108,L-9999,"TOTAL NEW OBLIGATIONS, UNEXPIRED ACCOUNTS",01,3476000000.00,3444000000.00,4270000000.00,0.00,0.00,0.00,0.00,0.00,0.00,0.00,0.00,0.00,A-068-0108,ENVIRONMENTAL PROGRAMS AND MANAGEMENT,304,NS,NS
856,FY-2025,A-0108,L-1001,DIRECT CIVILIAN FULL-TIME EQUIVALENT EMPLOYMENT,01,8753000000.00,8753000000.00,9000000000.00,0.00,0.00,0.00,0.00,0.00,0.00,0.00,0.00,0.00,A-068-0108,ENVIRONMENTAL PROGRAMS AND MANAGEMENT,304,NS,NS
857,FY-2025,A-0108,L-1101,DIRECT MILITARY AVERAGE STRENGTH EMPLOYMENT,01,19000000.00,19000000.00,30000000.00,0.00,0.00,0.00,0.00,0.00,0.00,0.00,0.00,0.00,A-068-0108,ENVIRONMENTAL PROGRAMS AND MANAGEMENT,304,NS,NS
858,FY-2025,A-0108,L-2001,REIMBURSABLE CIVILIAN FULL-TIME EQUIVALENT EMPLOYMENT,01,24000000.00,24000000.00,24000000.00,0.00,0.00,0.00,0.00,0.00,0.00,0.00,0.00,0.00,A-068-0108,ENVIRONMENTAL PROGRAMS AND MANAGEMENT,304,NS,NS
859,FY-2025,A-0108,L-2101,REIMBURSABLE MILITARY AVERAGE STRENGTH EMPLOYMENT,01,2000000.00,2000000.00,2000000.00,0.00,0.00,0.00,0.00,0.00,0.00,0.00,0.00,0.00,A-068-0108,ENVIRONMENTAL PROGRAMS AND MANAGEMENT,304,NS,NS
860,FY-2025,A-0108,L-142201,BUDGET AUTHORITY,01,0.00,0.00,0.00,0.00,0.00,0.00,0.00,0.00,0.00,0.00,0.00,0.00,A-068-0108,ENVIRONMENTAL PROGRAMS AND MANAGEMENT,304,NS,NS
861,FY-2025,A-0108,L-200101,BUDGET AUTHORITY,01,0.00,0.00,0.00,0.00,0.00,0.00,0.00,0.00,0.00,0.00,0.00,0.00,A-068-0108,ENVIRONMENTAL PROGRAMS AND MANAGEMENT,304,"MANDATORY, AUTHORIZING COMMITTEE",MANDATORY
862,FY-2025,A-0108,L-200102,OUTLAYS,01,0.00,11000000.00,9000000.00,9000000.00,2000000.00,2000000.00,2000000.00,1000000.00,1000000.00,0.00,0.00,0.00,A-068-0108,ENVIRONMENTAL PROGRAMS AND MANAGEMENT,304,"MANDATORY, AUTHORIZING COMMITTEE",MANDATORY
863,FY-2025,A-0108,L-200401,BUDGET AUTHORITY,01,3680000000.00,3707000000.00,4792000000.00,0.00,0.00,0.00,0.00,0.00,0.00,0.00,0.00,0.00,A-068-0108,ENVIRONMENTAL PROGRAMS AND MANAGEMENT,304,NS,NS
864,FY-2025,A-0108,L-200402,OUTLAYS,01,2950000000.00,3841000000.00,4601000000.00,0.00,0.00,0.00,0.00,0.00,0.00,0.00,0.00,0.00,A-068-0108,ENVIRONMENTAL PROGRAMS AND MANAGEMENT,304,NS,NS
865,FY-2025,A-0108,L-1000,BUDGET YEAR BUDGETARY RESOURCES [TREAS ACCT],01,0.00,0.00,4406989000000.00,0.00,0.00,0.00,0.00,0.00,0.00,0.00,0.00,0.00,A-068-0108,ENVIRONMENTAL PROGRAMS AND MANAGEMENT,304,NS,NS
866,FY-2025,A-0110,L-0003,RULE OF LAW AND PROCESS,01,21000000.00,59000000.00,71000000.00,0.00,0.00,0.00,0.00,0.00,0.00,0.00,0.00,0.00,A-068-0110,BUILDINGS AND FACILITIES,304,NS,NS
867,FY-2025,A-0110,L-0900,"TOTAL NEW OBLIGATIONS, UNEXPIRED ACCOUNTS",01,21000000.00,59000000.00,71000000.00,0.00,0.00,0.00,0.00,0.00,0.00,0.00,0.00,0.00,A-068-0110,BUILDINGS AND FACILITIES,304,NS,NS
868,FY-2025,A-0110,L-1000,"UNOBLIGATED BALANCE BROUGHT FORWARD, OCT 1",01,16000000.00,46000000.00,51000000.00,0.00,0.00,0.00,0.00,0.00,0.00,0.00,0.00,0.00,A-068-0110,BUILDINGS AND FACILITIES,304,NS,NS
869,FY-2025,A-0110,L-1021,RECOVERIES OF PRIOR YEAR UNPAID OBLIGATIONS,01,2000000.00,15000000.00,15000000.00,0.00,0.00,0.00,0.00,0.00,0.00,0.00,0.00,0.00,A-068-0110,BUILDINGS AND FACILITIES,304,NS,NS
870,FY-2025,A-0110,L-1070,UNOBLIGATED BALANCE (TOTAL),01,18000000.00,61000000.00,66000000.00,0.00,0.00,0.00,0.00,0.00,0.00,0.00,0.00,0.00,A-068-0110,BUILDINGS AND FACILITIES,304,NS,NS
871,FY-2025,A-0110,L-1100,APPROPRIATION,01,49000000.00,49000000.00,106000000.00,0.00,0.00,0.00,0.00,0.00,0.00,0.00,0.00,0.00,A-068-0110,BUILDINGS AND FACILITIES,304,NS,DISCRETIONARY
872,FY-2025,A-0110,L-1160,"APPROPRIATION, DISCRETIONARY (TOTAL)",01,49000000.00,49000000.00,106000000.00,0.00,0.00,0.00,0.00,0.00,0.00,0.00,0.00,0.00,A-068-0110,BUILDINGS AND FACILITIES,304,NS,DISCRETIONARY
873,FY-2025,A-0110,L-116040,APPROPRIATION [REPAIRS AND IMPROVEMENTS],01,42000000.00,42000000.00,99000000.00,101000000.00,104000000.00,106000000.00,108000000.00,111000000.00,113000000.00,116000000.00,119000000.00,121000000.00,A-068-0110,BUILDINGS AND FACILITIES,304,"DISCRETIONARY, APPROPRIATIONS COMMITTEE",DISCRETIONARY
874,FY-2025,A-0110,L-116050,BASELINE PAY/NON-PAY,01,42000000.00,0.00,0.00,0.00,0.00,0.00,0.00,0.00,0.00,0.00,0.00,0.00,A-068-0110,BUILDINGS AND FACILITIES,304,"DISCRETIONARY, APPROPRIATIONS COMMITTEE",DISCRETIONARY
875,FY-2025,A-0110,L-116050,BASELINE PAY/NON-PAY,01,0.00,42000000.00,43000000.00,44000000.00,45000000.00,46000000.00,47000000.00,48000000.00,49000000.00,50000000.00,51000000.00,52000000.00,A-068-0110,BUILDINGS AND FACILITIES,304,"DISCRETIONARY, APPROPRIATIONS COMMITTEE",DISCRETIONARY
876,FY-2025,A-0110,L-116061,NEW AUTHORITY,01,0.00,7000000.00,17000000.00,18000000.00,18000000.00,19000000.00,19000000.00,20000000.00,20000000.00,20000000.00,21000000.00,21000000.00,A-068-0110,BUILDINGS AND FACILITIES,304,"DISCRETIONARY, APPROPRIATIONS COMMITTEE",DISCRETIONARY
877,FY-2025,A-0110,L-116062,BALANCES (EXCL OF EOY PY BAL),01,27000000.00,0.00,26000000.00,67000000.00,79000000.00,85000000.00,87000000.00,88000000.00,91000000.00,93000000.00,95000000.00,97000000.00,A-068-0110,BUILDINGS AND FACILITIES,304,"DISCRETIONARY, APPROPRIATIONS COMMITTEE",DISCRETIONARY
878,FY-2025,A-0110,L-116063,END OF PY BALANCES,01,0.00,34000000.00,8000000.00,3000000.00,0.00,0.00,0.00,0.00,0.00,0.00,0.00,0.00,A-068-0110,BUILDINGS AND FACILITIES,304,"DISCRETIONARY, APPROPRIATIONS COMMITTEE",DISCRETIONARY
879,FY-2025,A-0110,L-116081,NEW AUTHORITY,01,0.00,7000000.00,8000000.00,8000000.00,8000000.00,8000000.00,8000000.00,8000000.00,9000000.00,9000000.00,9000000.00,9000000.00,A-068-0110,BUILDINGS AND FACILITIES,304,"DISCRETIONARY, APPROPRIATIONS COMMITTEE",DISCRETIONARY
880,FY-2025,A-0110,L-116082,BALANCES (EXCL OF EOY PY BAL),01,27000000.00,0.00,26000000.00,32000000.00,36000000.00,37000000.00,38000000.00,38000000.00,39000000.00,40000000.00,41000000.00,42000000.00,A-068-0110,BUILDINGS AND FACILITIES,304,"DISCRETIONARY, APPROPRIATIONS COMMITTEE",DISCRETIONARY
881,FY-2025,A-0110,L-116083,END OF PY BALANCES,01,0.00,34000000.00,8000000.00,3000000.00,0.00,0.00,0.00,0.00,0.00,0.00,0.00,0.00,A-068-0110,BUILDINGS AND FACILITIES,304,"DISCRETIONARY, APPROPRIATIONS COMMITTEE",DISCRETIONARY
882,FY-2025,A-0110,L-116040,APPROPRIATION [HOMELAND SECURITY],02,7000000.00,7000000.00,7000000.00,7000000.00,7000000.00,7000000.00,8000000.00,8000000.00,8000000.00,8000000.00,8000000.00,9000000.00,A-068-0110,BUILDINGS AND FACILITIES,304,"DISCRETIONARY, APPROPRIATIONS COMMITTEE",DISCRETIONARY
883,FY-2025,A-0110,L-116050,BASELINE PAY/NON-PAY,02,7000000.00,0.00,0.00,0.00,0.00,0.00,0.00,0.00,0.00,0.00,0.00,0.00,A-068-0110,BUILDINGS AND FACILITIES,304,"DISCRETIONARY, APPROPRIATIONS COMMITTEE",DISCRETIONARY
884,FY-2025,A-0110,L-116050,BASELINE PAY/NON-PAY,02,0.00,7000000.00,7000000.00,7000000.00,7000000.00,8000000.00,8000000.00,8000000.00,8000000.00,8000000.00,8000000.00,9000000.00,A-068-0110,BUILDINGS AND FACILITIES,304,"DISCRETIONARY, APPROPRIATIONS COMMITTEE",DISCRETIONARY
885,FY-2025,A-0110,L-116061,NEW AUTHORITY,02,0.00,1000000.00,1000000.00,1000000.00,1000000.00,1000000.00,2000000.00,2000000.00,2000000.00,2000000.00,2000000.00,2000000.00,A-068-0110,BUILDINGS AND FACILITIES,304,"DISCRETIONARY, APPROPRIATIONS COMMITTEE",DISCRETIONARY
886,FY-2025,A-0110,L-116062,BALANCES (EXCL OF EOY PY BAL),02,0.00,0.00,4000000.00,5000000.00,6000000.00,6000000.00,6000000.00,6000000.00,6000000.00,6000000.00,6000000.00,6000000.00,A-068-0110,BUILDINGS AND FACILITIES,304,"DISCRETIONARY, APPROPRIATIONS COMMITTEE",DISCRETIONARY
887,FY-2025,A-0110,L-116063,END OF PY BALANCES,02,0.00,5000000.00,1000000.00,0.00,0.00,0.00,0.00,0.00,0.00,0.00,0.00,0.00,A-068-0110,BUILDINGS AND FACILITIES,304,"DISCRETIONARY, APPROPRIATIONS COMMITTEE",DISCRETIONARY
888,FY-2025,A-0110,L-116081,NEW AUTHORITY,02,0.00,1000000.00,1000000.00,1000000.00,1000000.00,2000000.00,2000000.00,2000000.00,2000000.00,2000000.00,2000000.00,2000000.00,A-068-0110,BUILDINGS AND FACILITIES,304,"DISCRETIONARY, APPROPRIATIONS COMMITTEE",DISCRETIONARY
889,FY-2025,A-0110,L-116082,BALANCES (EXCL OF EOY PY BAL),02,0.00,0.00,4000000.00,5000000.00,6000000.00,6000000.00,6000000.00,6000000.00,6000000.00,6000000.00,6000000.00,6000000.00,A-068-0110,BUILDINGS AND FACILITIES,304,"DISCRETIONARY, APPROPRIATIONS COMMITTEE",DISCRETIONARY
890,FY-2025,A-0110,L-116083,END OF PY BALANCES,02,0.00,5000000.00,1000000.00,0.00,0.00,0.00,0.00,0.00,0.00,0.00,0.00,0.00,A-068-0110,BUILDINGS AND FACILITIES,304,"DISCRETIONARY, APPROPRIATIONS COMMITTEE",DISCRETIONARY
891,FY-2025,A-0110,L-1930,TOTAL BUDGETARY RESOURCES AVAILABLE,01,67000000.00,110000000.00,172000000.00,0.00,0.00,0.00,0.00,0.00,0.00,0.00,0.00,0.00,A-068-0110,BUILDINGS AND FACILITIES,304,NS,NS
892,FY-2025,A-0110,L-1941,"UNEXPIRED UNOBLIGATED BALANCE, END OF YEAR",01,46000000.00,51000000.00,101000000.00,0.00,0.00,0.00,0.00,0.00,0.00,0.00,0.00,0.00,A-068-0110,BUILDINGS AND FACILITIES,304,NS,NS
893,FY-2025,A-0110,L-3000,"UNPAID OBLIGATIONS, BROUGHT FORWARD, OCT 1",01,46000000.00,38000000.00,35000000.00,0.00,0.00,0.00,0.00,0.00,0.00,0.00,0.00,0.00,A-068-0110,BUILDINGS AND FACILITIES,304,NS,NS
894,FY-2025,A-0110,L-3010,"NEW OBLIGATIONS, UNEXPIRED ACCOUNTS",01,21000000.00,59000000.00,71000000.00,0.00,0.00,0.00,0.00,0.00,0.00,0.00,0.00,0.00,A-068-0110,BUILDINGS AND FACILITIES,304,NS,NS
895,FY-2025,A-0110,L-3020,OUTLAYS (GROSS),01,-27000000.00,-47000000.00,-57000000.00,0.00,0.00,0.00,0.00,0.00,0.00,0.00,0.00,0.00,A-068-0110,BUILDINGS AND FACILITIES,304,NS,NS
896,FY-2025,A-0110,L-3040,"RECOVERIES OF PRIOR YEAR UNPAID OBLIGATIONS, UNEXPIRED",01,-2000000.00,-15000000.00,-15000000.00,0.00,0.00,0.00,0.00,0.00,0.00,0.00,0.00,0.00,A-068-0110,BUILDINGS AND FACILITIES,304,NS,NS
897,FY-2025,A-0110,L-3050,"UNPAID OBLIGATIONS, END OF YEAR",01,38000000.00,35000000.00,34000000.00,0.00,0.00,0.00,0.00,0.00,0.00,0.00,0.00,0.00,A-068-0110,BUILDINGS AND FACILITIES,304,NS,NS
898,FY-2025,A-0110,L-3100,"OBLIGATED BALANCE, START OF YEAR",01,46000000.00,38000000.00,35000000.00,0.00,0.00,0.00,0.00,0.00,0.00,0.00,0.00,0.00,A-068-0110,BUILDINGS AND FACILITIES,304,NS,NS
899,FY-2025,A-0110,L-3200,"OBLIGATED BALANCE, END OF YEAR",01,38000000.00,35000000.00,34000000.00,0.00,0.00,0.00,0.00,0.00,0.00,0.00,0.00,0.00,A-068-0110,BUILDINGS AND FACILITIES,304,NS,NS
900,FY-2025,A-0110,L-4000,"BUDGET AUTHORITY, GROSS",01,49000000.00,49000000.00,106000000.00,0.00,0.00,0.00,0.00,0.00,0.00,0.00,0.00,0.00,A-068-0110,BUILDINGS AND FACILITIES,304,NS,DISCRETIONARY
901,FY-2025,A-0110,L-4010,OUTLAYS FROM NEW DISCRETIONARY AUTHORITY,01,0.00,8000000.00,18000000.00,0.00,0.00,0.00,0.00,0.00,0.00,0.00,0.00,0.00,A-068-0110,BUILDINGS AND FACILITIES,304,NS,DISCRETIONARY
902,FY-2025,A-0110,L-4011,OUTLAYS FROM DISCRETIONARY BALANCES,01,27000000.00,39000000.00,39000000.00,0.00,0.00,0.00,0.00,0.00,0.00,0.00,0.00,0.00,A-068-0110,BUILDINGS AND FACILITIES,304,NS,DISCRETIONARY
903,FY-2025,A-0110,L-4020,"OUTLAYS, GROSS (TOTAL)",01,27000000.00,47000000.00,57000000.00,0.00,0.00,0.00,0.00,0.00,0.00,0.00,0.00,0.00,A-068-0110,BUILDINGS AND FACILITIES,304,NS,DISCRETIONARY
904,FY-2025,A-0110,L-4070,"BUDGET AUTHORITY, NET (DISCRETIONARY)",01,49000000.00,49000000.00,106000000.00,0.00,0.00,0.00,0.00,0.00,0.00,0.00,0.00,0.00,A-068-0110,BUILDINGS AND FACILITIES,304,NS,DISCRETIONARY
905,FY-2025,A-0110,L-4080,"OUTLAYS, NET (DISCRETIONARY)",01,27000000.00,47000000.00,57000000.00,0.00,0.00,0.00,0.00,0.00,0.00,0.00,0.00,0.00,A-068-0110,BUILDINGS AND FACILITIES,304,NS,DISCRETIONARY
906,FY-2025,A-0110,L-4180,"BUDGET AUTHORITY, NET (TOTAL)",01,49000000.00,49000000.00,106000000.00,0.00,0.00,0.00,0.00,0.00,0.00,0.00,0.00,0.00,A-068-0110,BUILDINGS AND FACILITIES,304,NS,NS
907,FY-2025,A-0110,L-4190,"OUTLAYS, NET (TOTAL)",01,27000000.00,47000000.00,57000000.00,0.00,0.00,0.00,0.00,0.00,0.00,0.00,0.00,0.00,A-068-0110,BUILDINGS AND FACILITIES,304,NS,NS
908,FY-2025,A-0110,L-5311,"DIRECT UNOBLIGATED BALANCE, START OF YEAR",01,16000000.00,45000000.00,0.00,0.00,0.00,0.00,0.00,0.00,0.00,0.00,0.00,0.00,A-068-0110,BUILDINGS AND FACILITIES,304,NS,NS
909,FY-2025,A-0110,L-5313,"DISCRETIONARY UNOBLIGATED BALANCE, START OF YEAR",01,16000000.00,45000000.00,0.00,0.00,0.00,0.00,0.00,0.00,0.00,0.00,0.00,0.00,A-068-0110,BUILDINGS AND FACILITIES,304,NS,DISCRETIONARY
910,FY-2025,A-0110,L-5321,"DIRECT UNOBLIGATED BALANCE, END OF YEAR",01,45000000.00,0.00,0.00,0.00,0.00,0.00,0.00,0.00,0.00,0.00,0.00,0.00,A-068-0110,BUILDINGS AND FACILITIES,304,NS,NS
911,FY-2025,A-0110,L-5323,"DISCRETIONARY UNOBLIGATED BALANCE, END OF YEAR",01,45000000.00,0.00,0.00,0.00,0.00,0.00,0.00,0.00,0.00,0.00,0.00,0.00,A-068-0110,BUILDINGS AND FACILITIES,304,NS,DISCRETIONARY
912,FY-2025,A-0110,L-5331,"DIRECT OBLIGATED BALANCE, START OF YEAR",01,46000000.00,39000000.00,0.00,0.00,0.00,0.00,0.00,0.00,0.00,0.00,0.00,0.00,A-068-0110,BUILDINGS AND FACILITIES,304,NS,NS
913,FY-2025,A-0110,L-5333,"DISCRETIONARY OBLIGATED BALANCE, START OF YEAR",01,46000000.00,39000000.00,0.00,0.00,0.00,0.00,0.00,0.00,0.00,0.00,0.00,0.00,A-068-0110,BUILDINGS AND FACILITIES,304,NS,DISCRETIONARY
914,FY-2025,A-0110,L-5341,"DIRECT OBLIGATED BALANCE, END OF YEAR",01,39000000.00,0.00,0.00,0.00,0.00,0.00,0.00,0.00,0.00,0.00,0.00,0.00,A-068-0110,BUILDINGS AND FACILITIES,304,NS,NS
915,FY-2025,A-0110,L-5343,"DISCRETIONARY OBLIGATED BALANCE, END OF YEAR",01,39000000.00,0.00,0.00,0.00,0.00,0.00,0.00,0.00,0.00,0.00,0.00,0.00,A-068-0110,BUILDINGS AND FACILITIES,304,NS,DISCRETIONARY
916,FY-2025,A-0110,L-1251,ADVISORY AND ASSISTANCE SERVICES,01,0.00,0.00,0.00,0.00,0.00,0.00,0.00,0.00,0.00,0.00,0.00,0.00,A-068-0110,BUILDINGS AND FACILITIES,304,NS,NS
917,FY-2025,A-0110,L-1252,OTHER SERVICES FROM NON-FEDERAL SOURCES,01,0.00,0.00,0.00,0.00,0.00,0.00,0.00,0.00,0.00,0.00,0.00,0.00,A-068-0110,BUILDINGS AND FACILITIES,304,NS,NS
918,FY-2025,A-0110,L-1253,OTHER GOODS AND SERVICES FROM FEDERAL SOURCES,01,2000000.00,13000000.00,15000000.00,0.00,0.00,0.00,0.00,0.00,0.00,0.00,0.00,0.00,A-068-0110,BUILDINGS AND FACILITIES,304,NS,NS
919,FY-2025,A-0110,L-1254,OPERATION AND MAINTENANCE OF FACILITIES,01,0.00,0.00,0.00,0.00,0.00,0.00,0.00,0.00,0.00,0.00,0.00,0.00,A-068-0110,BUILDINGS AND FACILITIES,304,NS,NS
920,FY-2025,A-0110,L-1320,LAND AND STRUCTURES,01,19000000.00,46000000.00,56000000.00,0.00,0.00,0.00,0.00,0.00,0.00,0.00,0.00,0.00,A-068-0110,BUILDINGS AND FACILITIES,304,NS,NS
921,FY-2025,A-0110,L-9999,"TOTAL NEW OBLIGATIONS, UNEXPIRED ACCOUNTS",01,21000000.00,59000000.00,71000000.00,0.00,0.00,0.00,0.00,0.00,0.00,0.00,0.00,0.00,A-068-0110,BUILDINGS AND FACILITIES,304,NS,NS
922,FY-2025,A-0110,L-131401,BUDGET AUTHORITY,01,49000000.00,49000000.00,106000000.00,0.00,0.00,0.00,0.00,0.00,0.00,0.00,0.00,0.00,A-068-0110,BUILDINGS AND FACILITIES,304,NS,NS
923,FY-2025,A-0110,L-131402,OUTLAYS,01,27000000.00,47000000.00,57000000.00,0.00,0.00,0.00,0.00,0.00,0.00,0.00,0.00,0.00,A-068-0110,BUILDINGS AND FACILITIES,304,NS,NS
924,FY-2025,A-0110,L-1000,BUDGET YEAR BUDGETARY RESOURCES [TREAS ACCT],01,0.00,0.00,98893000000.00,0.00,0.00,0.00,0.00,0.00,0.00,0.00,0.00,0.00,A-068-0110,BUILDINGS AND FACILITIES,304,NS,NS
925,FY-2025,A-0110,L-1000,BUDGET YEAR BUDGETARY RESOURCES [TREAS ACCT],02,0.00,0.00,6676000000.00,0.00,0.00,0.00,0.00,0.00,0.00,0.00,0.00,0.00,A-068-0110,BUILDINGS AND FACILITIES,304,NS,NS
926,FY-2025,A-0112,L-0008,X CROSS-AGENCY MISSION AND SCIENCE SUPPORT,01,64000000.00,64000000.00,79000000.00,0.00,0.00,0.00,0.00,0.00,0.00,0.00,0.00,0.00,A-068-0112,OFFICE OF INSPECTOR GENERAL,304,NS,NS
927,FY-2025,A-0112,L-0801,REIMBURSABLE FROM SUPERFUND TRUST FUND,01,11000000.00,11000000.00,12000000.00,0.00,0.00,0.00,0.00,0.00,0.00,0.00,0.00,0.00,A-068-0112,OFFICE OF INSPECTOR GENERAL,304,NS,NS
928,FY-2025,A-0112,L-0900,"TOTAL NEW OBLIGATIONS, UNEXPIRED ACCOUNTS",01,75000000.00,75000000.00,91000000.00,0.00,0.00,0.00,0.00,0.00,0.00,0.00,0.00,0.00,A-068-0112,OFFICE OF INSPECTOR GENERAL,304,NS,NS
929,FY-2025,A-0112,L-1000,"UNOBLIGATED BALANCE BROUGHT FORWARD, OCT 1",01,66000000.00,98000000.00,132000000.00,0.00,0.00,0.00,0.00,0.00,0.00,0.00,0.00,0.00,A-068-0112,OFFICE OF INSPECTOR GENERAL,304,NS,NS
930,FY-2025,A-0112,L-1001,"DISCRETIONARY UNOBLIGATED BALANCE BROUGHT FWD, OCT 1",01,66000000.00,66000000.00,0.00,0.00,0.00,0.00,0.00,0.00,0.00,0.00,0.00,0.00,A-068-0112,OFFICE OF INSPECTOR GENERAL,304,NS,DISCRETIONARY
931,FY-2025,A-0112,L-1021,RECOVERIES OF PRIOR YEAR UNPAID OBLIGATIONS,01,1000000.00,1000000.00,1000000.00,0.00,0.00,0.00,0.00,0.00,0.00,0.00,0.00,0.00,A-068-0112,OFFICE OF INSPECTOR GENERAL,304,NS,NS
932,FY-2025,A-0112,L-1070,UNOBLIGATED BALANCE (TOTAL),01,67000000.00,99000000.00,133000000.00,0.00,0.00,0.00,0.00,0.00,0.00,0.00,0.00,0.00,A-068-0112,OFFICE OF INSPECTOR GENERAL,304,NS,NS
933,FY-2025,A-0112,L-1100,APPROPRIATION,01,44000000.00,44000000.00,65000000.00,0.00,0.00,0.00,0.00,0.00,0.00,0.00,0.00,0.00,A-068-0112,OFFICE OF INSPECTOR GENERAL,304,NS,DISCRETIONARY
934,FY-2025,A-0112,L-1121,APPROPRIATIONS TRANSFERRED FROM OTHER ACCT [TREAS ACCT],01,0.00,0.00,0.00,0.00,0.00,0.00,0.00,0.00,0.00,0.00,0.00,0.00,A-068-0112,OFFICE OF INSPECTOR GENERAL,304,NS,DISCRETIONARY
935,FY-2025,A-0112,L-1121,APPROPRIATIONS TRANSFERRED FROM OTHER ACCT [TREAS ACCT],02,0.00,0.00,0.00,0.00,0.00,0.00,0.00,0.00,0.00,0.00,0.00,0.00,A-068-0112,OFFICE OF INSPECTOR GENERAL,304,NS,DISCRETIONARY
936,FY-2025,A-0112,L-1160,"APPROPRIATION, DISCRETIONARY (TOTAL)",01,44000000.00,44000000.00,65000000.00,0.00,0.00,0.00,0.00,0.00,0.00,0.00,0.00,0.00,A-068-0112,OFFICE OF INSPECTOR GENERAL,304,NS,DISCRETIONARY
937,FY-2025,A-0112,L-116040,APPROPRIATION,01,42000000.00,44000000.00,65000000.00,66000000.00,68000000.00,70000000.00,71000000.00,73000000.00,75000000.00,76000000.00,78000000.00,80000000.00,A-068-0112,OFFICE OF INSPECTOR GENERAL,304,"DISCRETIONARY, APPROPRIATIONS COMMITTEE",DISCRETIONARY
938,FY-2025,A-0112,L-116050,BASELINE PAY/NON-PAY,01,42000000.00,0.00,0.00,0.00,0.00,0.00,0.00,0.00,0.00,0.00,0.00,0.00,A-068-0112,OFFICE OF INSPECTOR GENERAL,304,"DISCRETIONARY, APPROPRIATIONS COMMITTEE",DISCRETIONARY
939,FY-2025,A-0112,L-116050,BASELINE PAY/NON-PAY,01,0.00,44000000.00,46000000.00,47000000.00,49000000.00,50000000.00,52000000.00,53000000.00,55000000.00,56000000.00,58000000.00,60000000.00,A-068-0112,OFFICE OF INSPECTOR GENERAL,304,"DISCRETIONARY, APPROPRIATIONS COMMITTEE",DISCRETIONARY
940,FY-2025,A-0112,L-116050,BASELINE PAY/NON-PAY,01,0.00,0.00,0.00,0.00,0.00,0.00,0.00,0.00,0.00,0.00,0.00,0.00,A-068-0112,OFFICE OF INSPECTOR GENERAL,304,"DISCRETIONARY, APPROPRIATIONS COMMITTEE",DISCRETIONARY
941,FY-2025,A-0112,L-116061,NEW AUTHORITY,01,41000000.00,40000000.00,58000000.00,59000000.00,61000000.00,63000000.00,64000000.00,66000000.00,68000000.00,68000000.00,70000000.00,72000000.00,A-068-0112,OFFICE OF INSPECTOR GENERAL,304,"DISCRETIONARY, APPROPRIATIONS COMMITTEE",DISCRETIONARY
942,FY-2025,A-0112,L-116062,BALANCES (EXCL OF EOY PY BAL),01,0.00,0.00,2000000.00,5000000.00,6000000.00,7000000.00,7000000.00,7000000.00,7000000.00,7000000.00,8000000.00,8000000.00,A-068-0112,OFFICE OF INSPECTOR GENERAL,304,"DISCRETIONARY, APPROPRIATIONS COMMITTEE",DISCRETIONARY
943,FY-2025,A-0112,L-116063,END OF PY BALANCES,01,0.00,1000000.00,2000000.00,1000000.00,0.00,0.00,0.00,0.00,0.00,0.00,0.00,0.00,A-068-0112,OFFICE OF INSPECTOR GENERAL,304,"DISCRETIONARY, APPROPRIATIONS COMMITTEE",DISCRETIONARY
944,FY-2025,A-0112,L-116081,NEW AUTHORITY,01,41000000.00,40000000.00,41000000.00,42000000.00,44000000.00,45000000.00,47000000.00,48000000.00,50000000.00,50000000.00,52000000.00,54000000.00,A-068-0112,OFFICE OF INSPECTOR GENERAL,304,"DISCRETIONARY, APPROPRIATIONS COMMITTEE",DISCRETIONARY
945,FY-2025,A-0112,L-116082,BALANCES (EXCL OF EOY PY BAL),01,0.00,0.00,2000000.00,4000000.00,5000000.00,5000000.00,5000000.00,5000000.00,5000000.00,5000000.00,6000000.00,6000000.00,A-068-0112,OFFICE OF INSPECTOR GENERAL,304,"DISCRETIONARY, APPROPRIATIONS COMMITTEE",DISCRETIONARY
946,FY-2025,A-0112,L-116083,END OF PY BALANCES,01,0.00,1000000.00,2000000.00,1000000.00,0.00,0.00,0.00,0.00,0.00,0.00,0.00,0.00,A-068-0112,OFFICE OF INSPECTOR GENERAL,304,"DISCRETIONARY, APPROPRIATIONS COMMITTEE",DISCRETIONARY
947,FY-2025,A-0112,L-116040,APPROPRIATION [IIJA],02,2000000.00,0.00,0.00,0.00,0.00,0.00,0.00,0.00,0.00,0.00,0.00,0.00,A-068-0112,OFFICE OF INSPECTOR GENERAL,304,"DISCRETIONARY, APPROPRIATIONS COMMITTEE",DISCRETIONARY
948,FY-2025,A-0112,L-116050,BASELINE PAY/NON-PAY,02,2000000.00,0.00,0.00,0.00,0.00,0.00,0.00,0.00,0.00,0.00,0.00,0.00,A-068-0112,OFFICE OF INSPECTOR GENERAL,304,"DISCRETIONARY, APPROPRIATIONS COMMITTEE",DISCRETIONARY
949,FY-2025,A-0112,L-116050,BASELINE PAY/NON-PAY,02,0.00,0.00,0.00,0.00,0.00,0.00,0.00,0.00,0.00,0.00,0.00,0.00,A-068-0112,OFFICE OF INSPECTOR GENERAL,304,"DISCRETIONARY, APPROPRIATIONS COMMITTEE",DISCRETIONARY
950,FY-2025,A-0112,L-116050,BASELINE PAY/NON-PAY,02,0.00,0.00,0.00,0.00,0.00,0.00,0.00,0.00,0.00,0.00,0.00,0.00,A-068-0112,OFFICE OF INSPECTOR GENERAL,304,"DISCRETIONARY, APPROPRIATIONS COMMITTEE",DISCRETIONARY
951,FY-2025,A-0112,L-116061,NEW AUTHORITY,02,0.00,0.00,0.00,0.00,0.00,0.00,0.00,0.00,0.00,0.00,0.00,0.00,A-068-0112,OFFICE OF INSPECTOR GENERAL,304,"DISCRETIONARY, APPROPRIATIONS COMMITTEE",DISCRETIONARY
952,FY-2025,A-0112,L-116062,BALANCES (EXCL OF EOY PY BAL),02,0.00,0.00,0.00,0.00,0.00,0.00,0.00,0.00,0.00,0.00,0.00,0.00,A-068-0112,OFFICE OF INSPECTOR GENERAL,304,"DISCRETIONARY, APPROPRIATIONS COMMITTEE",DISCRETIONARY
953,FY-2025,A-0112,L-116063,END OF PY BALANCES,02,0.00,0.00,0.00,0.00,0.00,0.00,0.00,0.00,0.00,0.00,0.00,0.00,A-068-0112,OFFICE OF INSPECTOR GENERAL,304,"DISCRETIONARY, APPROPRIATIONS COMMITTEE",DISCRETIONARY
954,FY-2025,A-0112,L-116081,NEW AUTHORITY,02,0.00,0.00,0.00,0.00,0.00,0.00,0.00,0.00,0.00,0.00,0.00,0.00,A-068-0112,OFFICE OF INSPECTOR GENERAL,304,"DISCRETIONARY, APPROPRIATIONS COMMITTEE",DISCRETIONARY
955,FY-2025,A-0112,L-116082,BALANCES (EXCL OF EOY PY BAL),02,0.00,0.00,0.00,0.00,0.00,0.00,0.00,0.00,0.00,0.00,0.00,0.00,A-068-0112,OFFICE OF INSPECTOR GENERAL,304,"DISCRETIONARY, APPROPRIATIONS COMMITTEE",DISCRETIONARY
956,FY-2025,A-0112,L-116083,END OF PY BALANCES,02,0.00,0.00,0.00,0.00,0.00,0.00,0.00,0.00,0.00,0.00,0.00,0.00,A-068-0112,OFFICE OF INSPECTOR GENERAL,304,"DISCRETIONARY, APPROPRIATIONS COMMITTEE",DISCRETIONARY
957,FY-2025,A-0112,L-1173,ADVANCE APPROPRIATIONS TRANSFERRED FROM OTHER ACCOUNTS [TREAS ACCT],01,47000000.00,49000000.00,50000000.00,0.00,0.00,0.00,0.00,0.00,0.00,0.00,0.00,0.00,A-068-0112,OFFICE OF INSPECTOR GENERAL,304,NS,DISCRETIONARY
958,FY-2025,A-0112,L-1173,ADVANCE APPROPRIATIONS TRANSFERRED FROM OTHER ACCOUNTS [TREAS ACCT],02,2000000.00,2000000.00,2000000.00,0.00,0.00,0.00,0.00,0.00,0.00,0.00,0.00,0.00,A-068-0112,OFFICE OF INSPECTOR GENERAL,304,NS,DISCRETIONARY
959,FY-2025,A-0112,L-1180,"ADVANCED APPROPRIATION, DISCRETIONARY  (TOTAL)",01,49000000.00,51000000.00,52000000.00,0.00,0.00,0.00,0.00,0.00,0.00,0.00,0.00,0.00,A-068-0112,OFFICE OF INSPECTOR GENERAL,304,NS,DISCRETIONARY
960,FY-2025,A-0112,L-118040,ADVANCE APPROPRIATION [INFRASTRUCTURE INVESTMENT AND JOBS ACT],01,49000000.00,0.00,0.00,0.00,0.00,0.00,0.00,0.00,0.00,0.00,0.00,0.00,A-068-0112,OFFICE OF INSPECTOR GENERAL,304,"DISCRETIONARY, APPROPRIATIONS COMMITTEE",DISCRETIONARY
961,FY-2025,A-0112,L-118050,BASELINE PAY/NON-PAY,01,49000000.00,0.00,0.00,0.00,0.00,0.00,0.00,0.00,0.00,0.00,0.00,0.00,A-068-0112,OFFICE OF INSPECTOR GENERAL,304,"DISCRETIONARY, APPROPRIATIONS COMMITTEE",DISCRETIONARY
962,FY-2025,A-0112,L-118050,BASELINE PAY/NON-PAY,01,0.00,0.00,0.00,0.00,0.00,0.00,0.00,0.00,0.00,0.00,0.00,0.00,A-068-0112,OFFICE OF INSPECTOR GENERAL,304,"DISCRETIONARY, APPROPRIATIONS COMMITTEE",DISCRETIONARY
963,FY-2025,A-0112,L-118050,BASELINE PAY/NON-PAY,01,0.00,0.00,0.00,0.00,0.00,0.00,0.00,0.00,0.00,0.00,0.00,0.00,A-068-0112,OFFICE OF INSPECTOR GENERAL,304,"DISCRETIONARY, APPROPRIATIONS COMMITTEE",DISCRETIONARY
964,FY-2025,A-0112,L-118061,NEW AUTHORITY,01,9000000.00,0.00,0.00,0.00,0.00,0.00,0.00,0.00,0.00,0.00,0.00,0.00,A-068-0112,OFFICE OF INSPECTOR GENERAL,304,"DISCRETIONARY, APPROPRIATIONS COMMITTEE",DISCRETIONARY
965,FY-2025,A-0112,L-118062,BALANCES (EXCL OF EOY PY BAL),01,0.00,0.00,0.00,0.00,0.00,0.00,0.00,0.00,0.00,0.00,0.00,0.00,A-068-0112,OFFICE OF INSPECTOR GENERAL,304,"DISCRETIONARY, APPROPRIATIONS COMMITTEE",DISCRETIONARY
966,FY-2025,A-0112,L-118063,END OF PY BALANCES,01,0.00,0.00,0.00,0.00,0.00,0.00,0.00,0.00,0.00,0.00,0.00,0.00,A-068-0112,OFFICE OF INSPECTOR GENERAL,304,"DISCRETIONARY, APPROPRIATIONS COMMITTEE",DISCRETIONARY
967,FY-2025,A-0112,L-118081,NEW AUTHORITY,01,9000000.00,0.00,0.00,0.00,0.00,0.00,0.00,0.00,0.00,0.00,0.00,0.00,A-068-0112,OFFICE OF INSPECTOR GENERAL,304,"DISCRETIONARY, APPROPRIATIONS COMMITTEE",DISCRETIONARY
968,FY-2025,A-0112,L-118082,BALANCES (EXCL OF EOY PY BAL),01,0.00,0.00,0.00,0.00,0.00,0.00,0.00,0.00,0.00,0.00,0.00,0.00,A-068-0112,OFFICE OF INSPECTOR GENERAL,304,"DISCRETIONARY, APPROPRIATIONS COMMITTEE",DISCRETIONARY
969,FY-2025,A-0112,L-118083,END OF PY BALANCES,01,0.00,0.00,0.00,0.00,0.00,0.00,0.00,0.00,0.00,0.00,0.00,0.00,A-068-0112,OFFICE OF INSPECTOR GENERAL,304,"DISCRETIONARY, APPROPRIATIONS COMMITTEE",DISCRETIONARY
970,FY-2025,A-0112,L-118040,ADVANCE APPROPRIATION [IIJA],01,0.00,51000000.00,52000000.00,52000000.00,0.00,0.00,0.00,0.00,0.00,0.00,0.00,0.00,A-068-0112,OFFICE OF INSPECTOR GENERAL,304,"DISCRETIONARY, INFRASTRUCTURE INVESTMENT AND JOBS ACT OF 2021, APPROPRIATIONS COMMITTEE",DISCRETIONARY
971,FY-2025,A-0112,L-118050,BASELINE PAY/NON-PAY,01,0.00,0.00,0.00,0.00,0.00,0.00,0.00,0.00,0.00,0.00,0.00,0.00,A-068-0112,OFFICE OF INSPECTOR GENERAL,304,"DISCRETIONARY, INFRASTRUCTURE INVESTMENT AND JOBS ACT OF 2021, APPROPRIATIONS COMMITTEE",DISCRETIONARY
972,FY-2025,A-0112,L-118050,BASELINE PAY/NON-PAY,01,0.00,0.00,0.00,0.00,0.00,0.00,0.00,0.00,0.00,0.00,0.00,0.00,A-068-0112,OFFICE OF INSPECTOR GENERAL,304,"DISCRETIONARY, INFRASTRUCTURE INVESTMENT AND JOBS ACT OF 2021, APPROPRIATIONS COMMITTEE",DISCRETIONARY
973,FY-2025,A-0112,L-118050,BASELINE PAY/NON-PAY,01,0.00,51000000.00,52000000.00,52000000.00,53000000.00,54000000.00,55000000.00,56000000.00,57000000.00,59000000.00,60000000.00,61000000.00,A-068-0112,OFFICE OF INSPECTOR GENERAL,304,"DISCRETIONARY, INFRASTRUCTURE INVESTMENT AND JOBS ACT OF 2021, APPROPRIATIONS COMMITTEE",DISCRETIONARY
974,FY-2025,A-0112,L-118061,NEW AUTHORITY,01,0.00,5000000.00,5000000.00,5000000.00,0.00,0.00,0.00,0.00,0.00,0.00,0.00,0.00,A-068-0112,OFFICE OF INSPECTOR GENERAL,304,"DISCRETIONARY, INFRASTRUCTURE INVESTMENT AND JOBS ACT OF 2021, APPROPRIATIONS COMMITTEE",DISCRETIONARY
975,FY-2025,A-0112,L-118062,BALANCES (EXCL OF EOY PY BAL),01,0.00,0.00,5000000.00,18000000.00,31000000.00,39000000.00,29000000.00,16000000.00,3000000.00,0.00,0.00,0.00,A-068-0112,OFFICE OF INSPECTOR GENERAL,304,"DISCRETIONARY, INFRASTRUCTURE INVESTMENT AND JOBS ACT OF 2021, APPROPRIATIONS COMMITTEE",DISCRETIONARY
976,FY-2025,A-0112,L-118063,END OF PY BALANCES,01,0.00,0.00,0.00,0.00,0.00,0.00,0.00,0.00,0.00,0.00,0.00,0.00,A-068-0112,OFFICE OF INSPECTOR GENERAL,304,"DISCRETIONARY, INFRASTRUCTURE INVESTMENT AND JOBS ACT OF 2021, APPROPRIATIONS COMMITTEE",DISCRETIONARY
977,FY-2025,A-0112,L-118081,NEW AUTHORITY,01,0.00,5000000.00,5000000.00,5000000.00,5000000.00,5000000.00,6000000.00,6000000.00,6000000.00,6000000.00,6000000.00,6000000.00,A-068-0112,OFFICE OF INSPECTOR GENERAL,304,"DISCRETIONARY, INFRASTRUCTURE INVESTMENT AND JOBS ACT OF 2021, APPROPRIATIONS COMMITTEE",DISCRETIONARY
978,FY-2025,A-0112,L-118082,BALANCES (EXCL OF EOY PY BAL),01,0.00,0.00,5000000.00,18000000.00,31000000.00,44000000.00,47000000.00,48000000.00,49000000.00,50000000.00,51000000.00,52000000.00,A-068-0112,OFFICE OF INSPECTOR GENERAL,304,"DISCRETIONARY, INFRASTRUCTURE INVESTMENT AND JOBS ACT OF 2021, APPROPRIATIONS COMMITTEE",DISCRETIONARY
979,FY-2025,A-0112,L-118083,END OF PY BALANCES,01,0.00,0.00,0.00,0.00,0.00,0.00,0.00,0.00,0.00,0.00,0.00,0.00,A-068-0112,OFFICE OF INSPECTOR GENERAL,304,"DISCRETIONARY, INFRASTRUCTURE INVESTMENT AND JOBS ACT OF 2021, APPROPRIATIONS COMMITTEE",DISCRETIONARY
980,FY-2025,A-0112,L-1700,COLLECTED,01,13000000.00,13000000.00,12000000.00,0.00,0.00,0.00,0.00,0.00,0.00,0.00,0.00,0.00,A-068-0112,OFFICE OF INSPECTOR GENERAL,304,NS,DISCRETIONARY
981,FY-2025,A-0112,L-1701,"CHANGE IN UNCOLLECTED PAYMENTS, FEDERAL SOURCES",01,0.00,0.00,0.00,0.00,0.00,0.00,0.00,0.00,0.00,0.00,0.00,0.00,A-068-0112,OFFICE OF INSPECTOR GENERAL,304,NS,DISCRETIONARY
982,FY-2025,A-0112,L-1750,"SPENDING AUTH FROM OFFSETTING COLLECTIONS, DISC (TOTAL)",01,13000000.00,13000000.00,12000000.00,0.00,0.00,0.00,0.00,0.00,0.00,0.00,0.00,0.00,A-068-0112,OFFICE OF INSPECTOR GENERAL,304,NS,DISCRETIONARY
983,FY-2025,A-0112,L-175040,SPENDING AUTHORITY FROM OFFSETTING COLLECTIONS [TRANSFER FROM SUPERFUND],01,13000000.00,13000000.00,12000000.00,12000000.00,13000000.00,13000000.00,13000000.00,13000000.00,14000000.00,14000000.00,14000000.00,15000000.00,A-068-0112,OFFICE OF INSPECTOR GENERAL,304,"DISCRETIONARY, APPROPRIATIONS COMMITTEE",DISCRETIONARY
984,FY-2025,A-0112,L-175050,BASELINE PROGRAM [TRANSFER FROM SUPERFUND],01,13000000.00,13000000.00,12000000.00,12000000.00,12000000.00,12000000.00,12000000.00,12000000.00,12000000.00,12000000.00,12000000.00,12000000.00,A-068-0112,OFFICE OF INSPECTOR GENERAL,304,"DISCRETIONARY, APPROPRIATIONS COMMITTEE",DISCRETIONARY
985,FY-2025,A-0112,L-175061,NEW AUTHORITY,01,13000000.00,9000000.00,8000000.00,8000000.00,9000000.00,9000000.00,9000000.00,9000000.00,10000000.00,10000000.00,10000000.00,10000000.00,A-068-0112,OFFICE OF INSPECTOR GENERAL,304,"DISCRETIONARY, APPROPRIATIONS COMMITTEE",DISCRETIONARY
986,FY-2025,A-0112,L-175062,BALANCES (EXCL OF EOY PY BAL),01,12000000.00,0.00,1000000.00,2000000.00,2000000.00,3000000.00,4000000.00,4000000.00,4000000.00,4000000.00,4000000.00,4000000.00,A-068-0112,OFFICE OF INSPECTOR GENERAL,304,"DISCRETIONARY, APPROPRIATIONS COMMITTEE",DISCRETIONARY
987,FY-2025,A-0112,L-175063,END OF PY BALANCES,01,0.00,3000000.00,3000000.00,3000000.00,3000000.00,1000000.00,0.00,0.00,0.00,0.00,0.00,0.00,A-068-0112,OFFICE OF INSPECTOR GENERAL,304,"DISCRETIONARY, APPROPRIATIONS COMMITTEE",DISCRETIONARY
988,FY-2025,A-0112,L-175081,NEW AUTHORITY,01,13000000.00,9000000.00,8000000.00,8000000.00,8000000.00,8000000.00,8000000.00,8000000.00,8000000.00,8000000.00,8000000.00,8000000.00,A-068-0112,OFFICE OF INSPECTOR GENERAL,304,"DISCRETIONARY, APPROPRIATIONS COMMITTEE",DISCRETIONARY
989,FY-2025,A-0112,L-175082,BALANCES (EXCL OF EOY PY BAL),01,12000000.00,0.00,1000000.00,2000000.00,2000000.00,3000000.00,4000000.00,4000000.00,4000000.00,4000000.00,4000000.00,4000000.00,A-068-0112,OFFICE OF INSPECTOR GENERAL,304,"DISCRETIONARY, APPROPRIATIONS COMMITTEE",DISCRETIONARY
990,FY-2025,A-0112,L-175083,END OF PY BALANCES,01,0.00,3000000.00,3000000.00,3000000.00,3000000.00,1000000.00,0.00,0.00,0.00,0.00,0.00,0.00,A-068-0112,OFFICE OF INSPECTOR GENERAL,304,"DISCRETIONARY, APPROPRIATIONS COMMITTEE",DISCRETIONARY
991,FY-2025,A-0112,L-1900,BUDGET AUTHORITY (TOTAL),01,106000000.00,108000000.00,129000000.00,0.00,0.00,0.00,0.00,0.00,0.00,0.00,0.00,0.00,A-068-0112,OFFICE OF INSPECTOR GENERAL,304,NS,NS
992,FY-2025,A-0112,L-1930,TOTAL BUDGETARY RESOURCES AVAILABLE,01,173000000.00,207000000.00,262000000.00,0.00,0.00,0.00,0.00,0.00,0.00,0.00,0.00,0.00,A-068-0112,OFFICE OF INSPECTOR GENERAL,304,NS,NS
993,FY-2025,A-0112,L-1941,"UNEXPIRED UNOBLIGATED BALANCE, END OF YEAR",01,98000000.00,132000000.00,171000000.00,0.00,0.00,0.00,0.00,0.00,0.00,0.00,0.00,0.00,A-068-0112,OFFICE OF INSPECTOR GENERAL,304,NS,NS
994,FY-2025,A-0112,L-3000,"UNPAID OBLIGATIONS, BROUGHT FORWARD, OCT 1",01,5000000.00,4000000.00,20000000.00,0.00,0.00,0.00,0.00,0.00,0.00,0.00,0.00,0.00,A-068-0112,OFFICE OF INSPECTOR GENERAL,304,NS,NS
995,FY-2025,A-0112,L-3010,"NEW OBLIGATIONS, UNEXPIRED ACCOUNTS",01,75000000.00,75000000.00,91000000.00,0.00,0.00,0.00,0.00,0.00,0.00,0.00,0.00,0.00,A-068-0112,OFFICE OF INSPECTOR GENERAL,304,NS,NS
996,FY-2025,A-0112,L-3020,OUTLAYS (GROSS),01,-75000000.00,-58000000.00,-84000000.00,0.00,0.00,0.00,0.00,0.00,0.00,0.00,0.00,0.00,A-068-0112,OFFICE OF INSPECTOR GENERAL,304,NS,NS
997,FY-2025,A-0112,L-3040,"RECOVERIES OF PRIOR YEAR UNPAID OBLIGATIONS, UNEXPIRED",01,-1000000.00,-1000000.00,-1000000.00,0.00,0.00,0.00,0.00,0.00,0.00,0.00,0.00,0.00,A-068-0112,OFFICE OF INSPECTOR GENERAL,304,NS,NS
998,FY-2025,A-0112,L-3050,"UNPAID OBLIGATIONS, END OF YEAR",01,4000000.00,20000000.00,26000000.00,0.00,0.00,0.00,0.00,0.00,0.00,0.00,0.00,0.00,A-068-0112,OFFICE OF INSPECTOR GENERAL,304,NS,NS
999,FY-2025,A-0112,L-3060,"UNCOLLECTED PYMTS, FED SOURCES, BROUGHT FORWARD, OCT 1",01,-5000000.00,-5000000.00,-5000000.00,0.00,0.00,0.00,0.00,0.00,0.00,0.00,0.00,0.00,A-068-0112,OFFICE OF INSPECTOR GENERAL,304,NS,NS
1000,FY-2025,A-0112,L-3070,"CHANGE IN UNCOLLECTED PYMTS, FED SOURCES, UNEXPIRED",01,0.00,0.00,0.00,0.00,0.00,0.00,0.00,0.00,0.00,0.00,0.00,0.00,A-068-0112,OFFICE OF INSPECTOR GENERAL,304,NS,NS
1001,FY-2025,A-0112,L-3071,"CHANGE IN UNCOLLECTED PYMTS, FED SOURCES, EXPIRED",01,0.00,0.00,0.00,0.00,0.00,0.00,0.00,0.00,0.00,0.00,0.00,0.00,A-068-0112,OFFICE OF INSPECTOR GENERAL,304,NS,NS
1002,FY-2025,A-0112,L-3090,"UNCOLLECTED PYMTS, FED SOURCES, END OF YEAR",01,-5000000.00,-5000000.00,-5000000.00,0.00,0.00,0.00,0.00,0.00,0.00,0.00,0.00,0.00,A-068-0112,OFFICE OF INSPECTOR GENERAL,304,NS,NS
1003,FY-2025,A-0112,L-3100,"OBLIGATED BALANCE, START OF YEAR",01,0.00,-1000000.00,15000000.00,0.00,0.00,0.00,0.00,0.00,0.00,0.00,0.00,0.00,A-068-0112,OFFICE OF INSPECTOR GENERAL,304,NS,NS
1004,FY-2025,A-0112,L-3200,"OBLIGATED BALANCE, END OF YEAR",01,-1000000.00,15000000.00,21000000.00,0.00,0.00,0.00,0.00,0.00,0.00,0.00,0.00,0.00,A-068-0112,OFFICE OF INSPECTOR GENERAL,304,NS,NS
1005,FY-2025,A-0112,L-4000,"BUDGET AUTHORITY, GROSS",01,106000000.00,108000000.00,129000000.00,0.00,0.00,0.00,0.00,0.00,0.00,0.00,0.00,0.00,A-068-0112,OFFICE OF INSPECTOR GENERAL,304,NS,DISCRETIONARY
1006,FY-2025,A-0112,L-4010,OUTLAYS FROM NEW DISCRETIONARY AUTHORITY,01,63000000.00,54000000.00,71000000.00,0.00,0.00,0.00,0.00,0.00,0.00,0.00,0.00,0.00,A-068-0112,OFFICE OF INSPECTOR GENERAL,304,NS,DISCRETIONARY
1007,FY-2025,A-0112,L-4011,OUTLAYS FROM DISCRETIONARY BALANCES,01,12000000.00,4000000.00,13000000.00,0.00,0.00,0.00,0.00,0.00,0.00,0.00,0.00,0.00,A-068-0112,OFFICE OF INSPECTOR GENERAL,304,NS,DISCRETIONARY
1008,FY-2025,A-0112,L-4020,"OUTLAYS, GROSS (TOTAL)",01,75000000.00,58000000.00,84000000.00,0.00,0.00,0.00,0.00,0.00,0.00,0.00,0.00,0.00,A-068-0112,OFFICE OF INSPECTOR GENERAL,304,NS,DISCRETIONARY
1009,FY-2025,A-0112,L-4030,FEDERAL SOURCES,01,-13000000.00,-13000000.00,-12000000.00,0.00,0.00,0.00,0.00,0.00,0.00,0.00,0.00,0.00,A-068-0112,OFFICE OF INSPECTOR GENERAL,304,NS,DISCRETIONARY
1010,FY-2025,A-0112,L-403041,POLICY PROGRAM [TEXT],01,-13000000.00,-13000000.00,-12000000.00,-12000000.00,-13000000.00,-13000000.00,-13000000.00,-13000000.00,-14000000.00,-14000000.00,-14000000.00,-15000000.00,A-068-0112,OFFICE OF INSPECTOR GENERAL,304,"DISCRETIONARY, APPROPRIATIONS COMMITTEE",DISCRETIONARY
1011,FY-2025,A-0112,L-403071,BASELINE PROGRAM [TEXT],01,-13000000.00,-13000000.00,-12000000.00,-12000000.00,-12000000.00,-12000000.00,-12000000.00,-12000000.00,-12000000.00,-12000000.00,-12000000.00,-12000000.00,A-068-0112,OFFICE OF INSPECTOR GENERAL,304,"DISCRETIONARY, APPROPRIATIONS COMMITTEE",DISCRETIONARY
1012,FY-2025,A-0112,L-4050,"CHANGE IN UNCOLLECTED PYMTS, FED SOURCES, UNEXPIRED",01,0.00,0.00,0.00,0.00,0.00,0.00,0.00,0.00,0.00,0.00,0.00,0.00,A-068-0112,OFFICE OF INSPECTOR GENERAL,304,NS,DISCRETIONARY
1013,FY-2025,A-0112,L-405041,POLICY PROGRAM [TEXT],01,0.00,0.00,0.00,0.00,0.00,0.00,0.00,0.00,0.00,0.00,0.00,0.00,A-068-0112,OFFICE OF INSPECTOR GENERAL,304,"DISCRETIONARY, APPROPRIATIONS COMMITTEE",DISCRETIONARY
1014,FY-2025,A-0112,L-405071,BASELINE PROGRAM [TEXT],01,0.00,0.00,0.00,0.00,0.00,0.00,0.00,0.00,0.00,0.00,0.00,0.00,A-068-0112,OFFICE OF INSPECTOR GENERAL,304,"DISCRETIONARY, APPROPRIATIONS COMMITTEE",DISCRETIONARY
1015,FY-2025,A-0112,L-4070,"BUDGET AUTHORITY, NET (DISCRETIONARY)",01,93000000.00,95000000.00,117000000.00,0.00,0.00,0.00,0.00,0.00,0.00,0.00,0.00,0.00,A-068-0112,OFFICE OF INSPECTOR GENERAL,304,NS,DISCRETIONARY
1016,FY-2025,A-0112,L-4080,"OUTLAYS, NET (DISCRETIONARY)",01,62000000.00,45000000.00,72000000.00,0.00,0.00,0.00,0.00,0.00,0.00,0.00,0.00,0.00,A-068-0112,OFFICE OF INSPECTOR GENERAL,304,NS,DISCRETIONARY
1017,FY-2025,A-0112,L-4180,"BUDGET AUTHORITY, NET (TOTAL)",01,93000000.00,95000000.00,117000000.00,0.00,0.00,0.00,0.00,0.00,0.00,0.00,0.00,0.00,A-068-0112,OFFICE OF INSPECTOR GENERAL,304,NS,NS
1018,FY-2025,A-0112,L-4190,"OUTLAYS, NET (TOTAL)",01,62000000.00,45000000.00,72000000.00,0.00,0.00,0.00,0.00,0.00,0.00,0.00,0.00,0.00,A-068-0112,OFFICE OF INSPECTOR GENERAL,304,NS,NS
1019,FY-2025,A-0112,L-5311,"DIRECT UNOBLIGATED BALANCE, START OF YEAR",01,66000000.00,66000000.00,0.00,0.00,0.00,0.00,0.00,0.00,0.00,0.00,0.00,0.00,A-068-0112,OFFICE OF INSPECTOR GENERAL,304,NS,NS
1020,FY-2025,A-0112,L-5312,"REIMBURSABLE UNOBLIGATED BALANCE, START OF YEAR",01,0.00,2000000.00,0.00,0.00,0.00,0.00,0.00,0.00,0.00,0.00,0.00,0.00,A-068-0112,OFFICE OF INSPECTOR GENERAL,304,NS,NS
1021,FY-2025,A-0112,L-5313,"DISCRETIONARY UNOBLIGATED BALANCE, START OF YEAR",01,66000000.00,66000000.00,0.00,0.00,0.00,0.00,0.00,0.00,0.00,0.00,0.00,0.00,A-068-0112,OFFICE OF INSPECTOR GENERAL,304,NS,DISCRETIONARY
1022,FY-2025,A-0112,L-5314,"MANDATORY UNOBLIGATED BALANCE, START OF YEAR",01,0.00,2000000.00,0.00,0.00,0.00,0.00,0.00,0.00,0.00,0.00,0.00,0.00,A-068-0112,OFFICE OF INSPECTOR GENERAL,304,NS,MANDATORY
1023,FY-2025,A-0112,L-5321,"DIRECT UNOBLIGATED BALANCE, END OF YEAR",01,96000000.00,0.00,0.00,0.00,0.00,0.00,0.00,0.00,0.00,0.00,0.00,0.00,A-068-0112,OFFICE OF INSPECTOR GENERAL,304,NS,NS
1024,FY-2025,A-0112,L-5322,"REIMBURSABLE UNOBLIGATED BALANCE, END OF YEAR",01,2000000.00,0.00,0.00,0.00,0.00,0.00,0.00,0.00,0.00,0.00,0.00,0.00,A-068-0112,OFFICE OF INSPECTOR GENERAL,304,NS,NS
1025,FY-2025,A-0112,L-5323,"DISCRETIONARY UNOBLIGATED BALANCE, END OF YEAR",01,96000000.00,0.00,0.00,0.00,0.00,0.00,0.00,0.00,0.00,0.00,0.00,0.00,A-068-0112,OFFICE OF INSPECTOR GENERAL,304,NS,DISCRETIONARY
1026,FY-2025,A-0112,L-5324,"MANDATORY UNOBLIGATED BALANCE, END OF YEAR",01,2000000.00,0.00,0.00,0.00,0.00,0.00,0.00,0.00,0.00,0.00,0.00,0.00,A-068-0112,OFFICE OF INSPECTOR GENERAL,304,NS,MANDATORY
1027,FY-2025,A-0112,L-5331,"DIRECT OBLIGATED BALANCE, START OF YEAR",01,0.00,0.00,0.00,0.00,0.00,0.00,0.00,0.00,0.00,0.00,0.00,0.00,A-068-0112,OFFICE OF INSPECTOR GENERAL,304,NS,NS
1028,FY-2025,A-0112,L-5332,"REIMBURSABLE OBLIGATED BALANCE, START OF YEAR",01,0.00,0.00,0.00,0.00,0.00,0.00,0.00,0.00,0.00,0.00,0.00,0.00,A-068-0112,OFFICE OF INSPECTOR GENERAL,304,NS,NS
1029,FY-2025,A-0112,L-5333,"DISCRETIONARY OBLIGATED BALANCE, START OF YEAR",01,0.00,0.00,0.00,0.00,0.00,0.00,0.00,0.00,0.00,0.00,0.00,0.00,A-068-0112,OFFICE OF INSPECTOR GENERAL,304,NS,DISCRETIONARY
1030,FY-2025,A-0112,L-5334,"MANDATORY OBLIGATED BALANCE, START OF YEAR",01,0.00,0.00,0.00,0.00,0.00,0.00,0.00,0.00,0.00,0.00,0.00,0.00,A-068-0112,OFFICE OF INSPECTOR GENERAL,304,NS,MANDATORY
1031,FY-2025,A-0112,L-5341,"DIRECT OBLIGATED BALANCE, END OF YEAR",01,0.00,0.00,0.00,0.00,0.00,0.00,0.00,0.00,0.00,0.00,0.00,0.00,A-068-0112,OFFICE OF INSPECTOR GENERAL,304,NS,NS
1032,FY-2025,A-0112,L-5342,"REIMBURSABLE OBLIGATED BALANCE, END OF YEAR",01,0.00,0.00,0.00,0.00,0.00,0.00,0.00,0.00,0.00,0.00,0.00,0.00,A-068-0112,OFFICE OF INSPECTOR GENERAL,304,NS,NS
1033,FY-2025,A-0112,L-5343,"DISCRETIONARY OBLIGATED BALANCE, END OF YEAR",01,0.00,0.00,0.00,0.00,0.00,0.00,0.00,0.00,0.00,0.00,0.00,0.00,A-068-0112,OFFICE OF INSPECTOR GENERAL,304,NS,DISCRETIONARY
1034,FY-2025,A-0112,L-5344,"MANDATORY OBLIGATED BALANCE, END OF YEAR",01,0.00,0.00,0.00,0.00,0.00,0.00,0.00,0.00,0.00,0.00,0.00,0.00,A-068-0112,OFFICE OF INSPECTOR GENERAL,304,NS,MANDATORY
1035,FY-2025,A-0112,L-1111,FULL-TIME PERMANENT,01,51000000.00,51000000.00,48000000.00,0.00,0.00,0.00,0.00,0.00,0.00,0.00,0.00,0.00,A-068-0112,OFFICE OF INSPECTOR GENERAL,304,NS,NS
1036,FY-2025,A-0112,L-1115,OTHER PERSONNEL COMPENSATION,01,0.00,0.00,4000000.00,0.00,0.00,0.00,0.00,0.00,0.00,0.00,0.00,0.00,A-068-0112,OFFICE OF INSPECTOR GENERAL,304,NS,NS
1037,FY-2025,A-0112,L-1119,TOTAL PERSONNEL COMPENSATION,01,51000000.00,51000000.00,52000000.00,0.00,0.00,0.00,0.00,0.00,0.00,0.00,0.00,0.00,A-068-0112,OFFICE OF INSPECTOR GENERAL,304,NS,NS
1038,FY-2025,A-0112,L-1121,CIVILIAN PERSONNEL BENEFITS,01,0.00,0.00,18000000.00,0.00,0.00,0.00,0.00,0.00,0.00,0.00,0.00,0.00,A-068-0112,OFFICE OF INSPECTOR GENERAL,304,NS,NS
1039,FY-2025,A-0112,L-1210,TRAVEL AND TRANSPORTATION OF PERSONS,01,0.00,0.00,0.00,0.00,0.00,0.00,0.00,0.00,0.00,0.00,0.00,0.00,A-068-0112,OFFICE OF INSPECTOR GENERAL,304,NS,NS
1040,FY-2025,A-0112,L-1251,ADVISORY AND ASSISTANCE SERVICES,01,8000000.00,8000000.00,7000000.00,0.00,0.00,0.00,0.00,0.00,0.00,0.00,0.00,0.00,A-068-0112,OFFICE OF INSPECTOR GENERAL,304,NS,NS
1041,FY-2025,A-0112,L-1252,OTHER SERVICES FROM NON-FEDERAL SOURCES,01,0.00,0.00,0.00,0.00,0.00,0.00,0.00,0.00,0.00,0.00,0.00,0.00,A-068-0112,OFFICE OF INSPECTOR GENERAL,304,NS,NS
1042,FY-2025,A-0112,L-1257,OPERATION AND MAINTENANCE OF EQUIPMENT,01,4000000.00,4000000.00,2000000.00,0.00,0.00,0.00,0.00,0.00,0.00,0.00,0.00,0.00,A-068-0112,OFFICE OF INSPECTOR GENERAL,304,NS,NS
1043,FY-2025,A-0112,L-1310,EQUIPMENT,01,0.00,0.00,0.00,0.00,0.00,0.00,0.00,0.00,0.00,0.00,0.00,0.00,A-068-0112,OFFICE OF INSPECTOR GENERAL,304,NS,NS
1044,FY-2025,A-0112,L-1990,"SUBTOTAL, OBLIGATIONS",01,63000000.00,63000000.00,79000000.00,0.00,0.00,0.00,0.00,0.00,0.00,0.00,0.00,0.00,A-068-0112,OFFICE OF INSPECTOR GENERAL,304,NS,NS
1045,FY-2025,A-0112,L-2111,FULL-TIME PERMANENT,01,9000000.00,9000000.00,9000000.00,0.00,0.00,0.00,0.00,0.00,0.00,0.00,0.00,0.00,A-068-0112,OFFICE OF INSPECTOR GENERAL,304,NS,NS
1046,FY-2025,A-0112,L-2115,OTHER PERSONNEL COMPENSATION,01,0.00,0.00,0.00,0.00,0.00,0.00,0.00,0.00,0.00,0.00,0.00,0.00,A-068-0112,OFFICE OF INSPECTOR GENERAL,304,NS,NS
1047,FY-2025,A-0112,L-2119,TOTAL PERSONNEL COMPENSATION,01,9000000.00,9000000.00,9000000.00,0.00,0.00,0.00,0.00,0.00,0.00,0.00,0.00,0.00,A-068-0112,OFFICE OF INSPECTOR GENERAL,304,NS,NS
1048,FY-2025,A-0112,L-2121,CIVILIAN PERSONNEL BENEFITS,01,2000000.00,2000000.00,2000000.00,0.00,0.00,0.00,0.00,0.00,0.00,0.00,0.00,0.00,A-068-0112,OFFICE OF INSPECTOR GENERAL,304,NS,NS
1049,FY-2025,A-0112,L-2251,ADVISORY AND ASSISTANCE SERVICES,01,1000000.00,1000000.00,1000000.00,0.00,0.00,0.00,0.00,0.00,0.00,0.00,0.00,0.00,A-068-0112,OFFICE OF INSPECTOR GENERAL,304,NS,NS
1050,FY-2025,A-0112,L-2252,OTHER SERVICES FROM NON-FEDERAL SOURCES,01,0.00,0.00,0.00,0.00,0.00,0.00,0.00,0.00,0.00,0.00,0.00,0.00,A-068-0112,OFFICE OF INSPECTOR GENERAL,304,NS,NS
1051,FY-2025,A-0112,L-2990,"SUBTOTAL, OBLIGATIONS",01,12000000.00,12000000.00,12000000.00,0.00,0.00,0.00,0.00,0.00,0.00,0.00,0.00,0.00,A-068-0112,OFFICE OF INSPECTOR GENERAL,304,NS,NS
1052,FY-2025,A-0112,L-9999,"TOTAL NEW OBLIGATIONS, UNEXPIRED ACCOUNTS",01,75000000.00,75000000.00,91000000.00,0.00,0.00,0.00,0.00,0.00,0.00,0.00,0.00,0.00,A-068-0112,OFFICE OF INSPECTOR GENERAL,304,NS,NS
1053,FY-2025,A-0112,L-1001,DIRECT CIVILIAN FULL-TIME EQUIVALENT EMPLOYMENT,01,454000000.00,454000000.00,454000000.00,0.00,0.00,0.00,0.00,0.00,0.00,0.00,0.00,0.00,A-068-0112,OFFICE OF INSPECTOR GENERAL,304,NS,NS
1054,FY-2025,A-0112,L-1101,DIRECT MILITARY AVERAGE STRENGTH EMPLOYMENT,01,0.00,0.00,0.00,0.00,0.00,0.00,0.00,0.00,0.00,0.00,0.00,0.00,A-068-0112,OFFICE OF INSPECTOR GENERAL,304,NS,NS
1055,FY-2025,A-0112,L-2001,REIMBURSABLE CIVILIAN FULL-TIME EQUIVALENT EMPLOYMENT,01,0.00,0.00,0.00,0.00,0.00,0.00,0.00,0.00,0.00,0.00,0.00,0.00,A-068-0112,OFFICE OF INSPECTOR GENERAL,304,NS,NS
1056,FY-2025,A-0112,L-2101,REIMBURSABLE MILITARY AVERAGE STRENGTH EMPLOYMENT,01,0.00,0.00,0.00,0.00,0.00,0.00,0.00,0.00,0.00,0.00,0.00,0.00,A-068-0112,OFFICE OF INSPECTOR GENERAL,304,NS,NS
1057,FY-2025,A-0112,L-200401,BUDGET AUTHORITY,01,93000000.00,95000000.00,117000000.00,0.00,0.00,0.00,0.00,0.00,0.00,0.00,0.00,0.00,A-068-0112,OFFICE OF INSPECTOR GENERAL,304,NS,NS
1058,FY-2025,A-0112,L-200402,OUTLAYS,01,62000000.00,45000000.00,72000000.00,0.00,0.00,0.00,0.00,0.00,0.00,0.00,0.00,0.00,A-068-0112,OFFICE OF INSPECTOR GENERAL,304,NS,NS
1059,FY-2025,A-0112,L-1000,BUDGET YEAR BUDGETARY RESOURCES [TREAS ACCT],01,0.00,0.00,65257000000.00,0.00,0.00,0.00,0.00,0.00,0.00,0.00,0.00,0.00,A-068-0112,OFFICE OF INSPECTOR GENERAL,304,NS,NS
1060,FY-2025,A-0250,L-0001,PAYMENT TO THE HAZARDOUS SUBSTANCE SUPERFUND,01,1218000000.00,1028000000.00,406000000.00,0.00,0.00,0.00,0.00,0.00,0.00,0.00,0.00,0.00,A-068-0250,PAYMENT TO THE HAZARDOUS SUBSTANCE SUPERFUND,304,NS,NS
1061,FY-2025,A-0250,L-0900,"TOTAL NEW OBLIGATIONS, UNEXPIRED ACCOUNTS",01,1218000000.00,1028000000.00,406000000.00,0.00,0.00,0.00,0.00,0.00,0.00,0.00,0.00,0.00,A-068-0250,PAYMENT TO THE HAZARDOUS SUBSTANCE SUPERFUND,304,NS,NS
1062,FY-2025,A-0250,L-1000,"UNOBLIGATED BALANCE BROUGHT FORWARD, OCT 1",01,0.00,0.00,0.00,0.00,0.00,0.00,0.00,0.00,0.00,0.00,0.00,0.00,A-068-0250,PAYMENT TO THE HAZARDOUS SUBSTANCE SUPERFUND,304,NS,NS
1063,FY-2025,A-0250,L-1070,UNOBLIGATED BALANCE (TOTAL),01,0.00,0.00,0.00,0.00,0.00,0.00,0.00,0.00,0.00,0.00,0.00,0.00,A-068-0250,PAYMENT TO THE HAZARDOUS SUBSTANCE SUPERFUND,304,NS,NS
1064,FY-2025,A-0250,L-1100,APPROPRIATION,01,1218000000.00,1028000000.00,406000000.00,0.00,0.00,0.00,0.00,0.00,0.00,0.00,0.00,0.00,A-068-0250,PAYMENT TO THE HAZARDOUS SUBSTANCE SUPERFUND,304,NS,DISCRETIONARY
1065,FY-2025,A-0250,L-1160,"APPROPRIATION, DISCRETIONARY (TOTAL)",01,1218000000.00,1028000000.00,406000000.00,0.00,0.00,0.00,0.00,0.00,0.00,0.00,0.00,0.00,A-068-0250,PAYMENT TO THE HAZARDOUS SUBSTANCE SUPERFUND,304,NS,DISCRETIONARY
1066,FY-2025,A-0250,L-116040,APPROPRIATION [TRANSFER TO SUPERFUND TRUST FUND],01,1218000000.00,1028000000.00,406000000.00,415000000.00,425000000.00,435000000.00,445000000.00,455000000.00,465000000.00,476000000.00,487000000.00,498000000.00,A-068-0250,PAYMENT TO THE HAZARDOUS SUBSTANCE SUPERFUND,304,"DISCRETIONARY, APPROPRIATIONS COMMITTEE",DISCRETIONARY
1067,FY-2025,A-0250,L-116050,BASELINE PAY/NON-PAY,01,1218000000.00,0.00,0.00,0.00,0.00,0.00,0.00,0.00,0.00,0.00,0.00,0.00,A-068-0250,PAYMENT TO THE HAZARDOUS SUBSTANCE SUPERFUND,304,"DISCRETIONARY, APPROPRIATIONS COMMITTEE",DISCRETIONARY
1068,FY-2025,A-0250,L-116050,BASELINE PAY/NON-PAY,01,0.00,1028000000.00,1051000000.00,1073000000.00,1095000000.00,1118000000.00,1142000000.00,1166000000.00,1190000000.00,1215000000.00,1241000000.00,1267000000.00,A-068-0250,PAYMENT TO THE HAZARDOUS SUBSTANCE SUPERFUND,304,"DISCRETIONARY, APPROPRIATIONS COMMITTEE",DISCRETIONARY
1069,FY-2025,A-0250,L-116061,NEW AUTHORITY,01,1218000000.00,1028000000.00,406000000.00,415000000.00,425000000.00,435000000.00,445000000.00,455000000.00,465000000.00,476000000.00,487000000.00,498000000.00,A-068-0250,PAYMENT TO THE HAZARDOUS SUBSTANCE SUPERFUND,304,"DISCRETIONARY, APPROPRIATIONS COMMITTEE",DISCRETIONARY
1070,FY-2025,A-0250,L-116062,BALANCES (EXCL OF EOY PY BAL),01,0.00,0.00,0.00,0.00,0.00,0.00,0.00,0.00,0.00,0.00,0.00,0.00,A-068-0250,PAYMENT TO THE HAZARDOUS SUBSTANCE SUPERFUND,304,"DISCRETIONARY, APPROPRIATIONS COMMITTEE",DISCRETIONARY
1071,FY-2025,A-0250,L-116063,END OF PY BALANCES,01,0.00,0.00,0.00,0.00,0.00,0.00,0.00,0.00,0.00,0.00,0.00,0.00,A-068-0250,PAYMENT TO THE HAZARDOUS SUBSTANCE SUPERFUND,304,"DISCRETIONARY, APPROPRIATIONS COMMITTEE",DISCRETIONARY
1072,FY-2025,A-0250,L-116081,NEW AUTHORITY,01,1218000000.00,1028000000.00,1051000000.00,1073000000.00,1095000000.00,1118000000.00,1142000000.00,1166000000.00,1190000000.00,1215000000.00,1241000000.00,1267000000.00,A-068-0250,PAYMENT TO THE HAZARDOUS SUBSTANCE SUPERFUND,304,"DISCRETIONARY, APPROPRIATIONS COMMITTEE",DISCRETIONARY
1073,FY-2025,A-0250,L-116082,BALANCES (EXCL OF EOY PY BAL),01,0.00,0.00,0.00,0.00,0.00,0.00,0.00,0.00,0.00,0.00,0.00,0.00,A-068-0250,PAYMENT TO THE HAZARDOUS SUBSTANCE SUPERFUND,304,"DISCRETIONARY, APPROPRIATIONS COMMITTEE",DISCRETIONARY
1074,FY-2025,A-0250,L-116083,END OF PY BALANCES,01,0.00,0.00,0.00,0.00,0.00,0.00,0.00,0.00,0.00,0.00,0.00,0.00,A-068-0250,PAYMENT TO THE HAZARDOUS SUBSTANCE SUPERFUND,304,"DISCRETIONARY, APPROPRIATIONS COMMITTEE",DISCRETIONARY
1075,FY-2025,A-0250,L-116040,APPROPRIATION [IIJA],02,0.00,0.00,0.00,0.00,0.00,0.00,0.00,0.00,0.00,0.00,0.00,0.00,A-068-0250,PAYMENT TO THE HAZARDOUS SUBSTANCE SUPERFUND,304,"DISCRETIONARY, APPROPRIATIONS COMMITTEE",DISCRETIONARY
1076,FY-2025,A-0250,L-116050,BASELINE PAY/NON-PAY,02,0.00,0.00,0.00,0.00,0.00,0.00,0.00,0.00,0.00,0.00,0.00,0.00,A-068-0250,PAYMENT TO THE HAZARDOUS SUBSTANCE SUPERFUND,304,"DISCRETIONARY, APPROPRIATIONS COMMITTEE",DISCRETIONARY
1077,FY-2025,A-0250,L-116050,BASELINE PAY/NON-PAY,02,0.00,0.00,0.00,0.00,0.00,0.00,0.00,0.00,0.00,0.00,0.00,0.00,A-068-0250,PAYMENT TO THE HAZARDOUS SUBSTANCE SUPERFUND,304,"DISCRETIONARY, APPROPRIATIONS COMMITTEE",DISCRETIONARY
1078,FY-2025,A-0250,L-116061,NEW AUTHORITY,02,0.00,0.00,0.00,0.00,0.00,0.00,0.00,0.00,0.00,0.00,0.00,0.00,A-068-0250,PAYMENT TO THE HAZARDOUS SUBSTANCE SUPERFUND,304,"DISCRETIONARY, APPROPRIATIONS COMMITTEE",DISCRETIONARY
1079,FY-2025,A-0250,L-116062,BALANCES (EXCL OF EOY PY BAL),02,0.00,0.00,0.00,0.00,0.00,0.00,0.00,0.00,0.00,0.00,0.00,0.00,A-068-0250,PAYMENT TO THE HAZARDOUS SUBSTANCE SUPERFUND,304,"DISCRETIONARY, APPROPRIATIONS COMMITTEE",DISCRETIONARY
1080,FY-2025,A-0250,L-116063,END OF PY BALANCES,02,0.00,0.00,0.00,0.00,0.00,0.00,0.00,0.00,0.00,0.00,0.00,0.00,A-068-0250,PAYMENT TO THE HAZARDOUS SUBSTANCE SUPERFUND,304,"DISCRETIONARY, APPROPRIATIONS COMMITTEE",DISCRETIONARY
1081,FY-2025,A-0250,L-116081,NEW AUTHORITY,02,0.00,0.00,0.00,0.00,0.00,0.00,0.00,0.00,0.00,0.00,0.00,0.00,A-068-0250,PAYMENT TO THE HAZARDOUS SUBSTANCE SUPERFUND,304,"DISCRETIONARY, APPROPRIATIONS COMMITTEE",DISCRETIONARY
1082,FY-2025,A-0250,L-116082,BALANCES (EXCL OF EOY PY BAL),02,0.00,0.00,0.00,0.00,0.00,0.00,0.00,0.00,0.00,0.00,0.00,0.00,A-068-0250,PAYMENT TO THE HAZARDOUS SUBSTANCE SUPERFUND,304,"DISCRETIONARY, APPROPRIATIONS COMMITTEE",DISCRETIONARY
1083,FY-2025,A-0250,L-116083,END OF PY BALANCES,02,0.00,0.00,0.00,0.00,0.00,0.00,0.00,0.00,0.00,0.00,0.00,0.00,A-068-0250,PAYMENT TO THE HAZARDOUS SUBSTANCE SUPERFUND,304,"DISCRETIONARY, APPROPRIATIONS COMMITTEE",DISCRETIONARY
1084,FY-2025,A-0250,L-1930,TOTAL BUDGETARY RESOURCES AVAILABLE,01,1218000000.00,1028000000.00,406000000.00,0.00,0.00,0.00,0.00,0.00,0.00,0.00,0.00,0.00,A-068-0250,PAYMENT TO THE HAZARDOUS SUBSTANCE SUPERFUND,304,NS,NS
1085,FY-2025,A-0250,L-3000,"UNPAID OBLIGATIONS, BROUGHT FORWARD, OCT 1",01,0.00,0.00,0.00,0.00,0.00,0.00,0.00,0.00,0.00,0.00,0.00,0.00,A-068-0250,PAYMENT TO THE HAZARDOUS SUBSTANCE SUPERFUND,304,NS,NS
1086,FY-2025,A-0250,L-3010,"NEW OBLIGATIONS, UNEXPIRED ACCOUNTS",01,1218000000.00,1028000000.00,406000000.00,0.00,0.00,0.00,0.00,0.00,0.00,0.00,0.00,0.00,A-068-0250,PAYMENT TO THE HAZARDOUS SUBSTANCE SUPERFUND,304,NS,NS
1087,FY-2025,A-0250,L-3020,OUTLAYS (GROSS),01,-1218000000.00,-1028000000.00,-406000000.00,0.00,0.00,0.00,0.00,0.00,0.00,0.00,0.00,0.00,A-068-0250,PAYMENT TO THE HAZARDOUS SUBSTANCE SUPERFUND,304,NS,NS
1088,FY-2025,A-0250,L-3050,"UNPAID OBLIGATIONS, END OF YEAR",01,0.00,0.00,0.00,0.00,0.00,0.00,0.00,0.00,0.00,0.00,0.00,0.00,A-068-0250,PAYMENT TO THE HAZARDOUS SUBSTANCE SUPERFUND,304,NS,NS
1089,FY-2025,A-0250,L-3100,"OBLIGATED BALANCE, START OF YEAR",01,0.00,0.00,0.00,0.00,0.00,0.00,0.00,0.00,0.00,0.00,0.00,0.00,A-068-0250,PAYMENT TO THE HAZARDOUS SUBSTANCE SUPERFUND,304,NS,NS
1090,FY-2025,A-0250,L-3200,"OBLIGATED BALANCE, END OF YEAR",01,0.00,0.00,0.00,0.00,0.00,0.00,0.00,0.00,0.00,0.00,0.00,0.00,A-068-0250,PAYMENT TO THE HAZARDOUS SUBSTANCE SUPERFUND,304,NS,NS
1091,FY-2025,A-0250,L-4000,"BUDGET AUTHORITY, GROSS",01,1218000000.00,1028000000.00,406000000.00,0.00,0.00,0.00,0.00,0.00,0.00,0.00,0.00,0.00,A-068-0250,PAYMENT TO THE HAZARDOUS SUBSTANCE SUPERFUND,304,NS,DISCRETIONARY
1092,FY-2025,A-0250,L-4010,OUTLAYS FROM NEW DISCRETIONARY AUTHORITY,01,1218000000.00,1028000000.00,406000000.00,0.00,0.00,0.00,0.00,0.00,0.00,0.00,0.00,0.00,A-068-0250,PAYMENT TO THE HAZARDOUS SUBSTANCE SUPERFUND,304,NS,DISCRETIONARY
1093,FY-2025,A-0250,L-4070,"BUDGET AUTHORITY, NET (DISCRETIONARY)",01,1218000000.00,1028000000.00,406000000.00,0.00,0.00,0.00,0.00,0.00,0.00,0.00,0.00,0.00,A-068-0250,PAYMENT TO THE HAZARDOUS SUBSTANCE SUPERFUND,304,NS,DISCRETIONARY
1094,FY-2025,A-0250,L-4080,"OUTLAYS, NET (DISCRETIONARY)",01,1218000000.00,1028000000.00,406000000.00,0.00,0.00,0.00,0.00,0.00,0.00,0.00,0.00,0.00,A-068-0250,PAYMENT TO THE HAZARDOUS SUBSTANCE SUPERFUND,304,NS,DISCRETIONARY
1095,FY-2025,A-0250,L-4180,"BUDGET AUTHORITY, NET (TOTAL)",01,1218000000.00,1028000000.00,406000000.00,0.00,0.00,0.00,0.00,0.00,0.00,0.00,0.00,0.00,A-068-0250,PAYMENT TO THE HAZARDOUS SUBSTANCE SUPERFUND,304,NS,NS
1096,FY-2025,A-0250,L-4190,"OUTLAYS, NET (TOTAL)",01,1218000000.00,1028000000.00,406000000.00,0.00,0.00,0.00,0.00,0.00,0.00,0.00,0.00,0.00,A-068-0250,PAYMENT TO THE HAZARDOUS SUBSTANCE SUPERFUND,304,NS,NS
1097,FY-2025,A-0250,L-1940,FINANCIAL TRANSFERS,01,1218000000.00,1028000000.00,406000000.00,0.00,0.00,0.00,0.00,0.00,0.00,0.00,0.00,0.00,A-068-0250,PAYMENT TO THE HAZARDOUS SUBSTANCE SUPERFUND,304,NS,NS
1098,FY-2025,A-0250,L-200401,BUDGET AUTHORITY,01,1218000000.00,1028000000.00,406000000.00,0.00,0.00,0.00,0.00,0.00,0.00,0.00,0.00,0.00,A-068-0250,PAYMENT TO THE HAZARDOUS SUBSTANCE SUPERFUND,304,NS,NS
1099,FY-2025,A-0250,L-200402,OUTLAYS,01,1218000000.00,1028000000.00,406000000.00,0.00,0.00,0.00,0.00,0.00,0.00,0.00,0.00,0.00,A-068-0250,PAYMENT TO THE HAZARDOUS SUBSTANCE SUPERFUND,304,NS,NS
1100,FY-2025,A-0250,L-1000,BUDGET YEAR BUDGETARY RESOURCES [TREAS ACCT],01,0.00,0.00,406000000000.00,0.00,0.00,0.00,0.00,0.00,0.00,0.00,0.00,0.00,A-068-0250,PAYMENT TO THE HAZARDOUS SUBSTANCE SUPERFUND,304,NS,NS
1101,FY-2025,A-0251,L-0001,TACKLE THE CLIMATE CRISIS,01,0.00,0.00,0.00,0.00,0.00,0.00,0.00,0.00,0.00,0.00,0.00,0.00,A-068-0251,PAYMENT TO THE LEAKING UNDERGROUND STORAGE TANK TRUST FUND,304,NS,NS
1102,FY-2025,A-0251,L-0900,"TOTAL NEW OBLIGATIONS, UNEXPIRED ACCOUNTS",01,0.00,0.00,0.00,0.00,0.00,0.00,0.00,0.00,0.00,0.00,0.00,0.00,A-068-0251,PAYMENT TO THE LEAKING UNDERGROUND STORAGE TANK TRUST FUND,304,NS,NS
1103,FY-2025,A-0251,L-1000,"UNOBLIGATED BALANCE BROUGHT FORWARD, OCT 1",01,1000000.00,1000000.00,1000000.00,0.00,0.00,0.00,0.00,0.00,0.00,0.00,0.00,0.00,A-068-0251,PAYMENT TO THE LEAKING UNDERGROUND STORAGE TANK TRUST FUND,304,NS,NS
1104,FY-2025,A-0251,L-1070,UNOBLIGATED BALANCE (TOTAL),01,1000000.00,1000000.00,1000000.00,0.00,0.00,0.00,0.00,0.00,0.00,0.00,0.00,0.00,A-068-0251,PAYMENT TO THE LEAKING UNDERGROUND STORAGE TANK TRUST FUND,304,NS,NS
1105,FY-2025,A-0251,L-1100,APPROPRIATION,01,0.00,0.00,0.00,0.00,0.00,0.00,0.00,0.00,0.00,0.00,0.00,0.00,A-068-0251,PAYMENT TO THE LEAKING UNDERGROUND STORAGE TANK TRUST FUND,304,NS,DISCRETIONARY
1106,FY-2025,A-0251,L-1160,"APPROPRIATION, DISCRETIONARY (TOTAL)",01,0.00,0.00,0.00,0.00,0.00,0.00,0.00,0.00,0.00,0.00,0.00,0.00,A-068-0251,PAYMENT TO THE LEAKING UNDERGROUND STORAGE TANK TRUST FUND,304,NS,DISCRETIONARY
1107,FY-2025,A-0251,L-116040,APPROPRIATION [TEXT],01,0.00,0.00,0.00,0.00,0.00,0.00,0.00,0.00,0.00,0.00,0.00,0.00,A-068-0251,PAYMENT TO THE LEAKING UNDERGROUND STORAGE TANK TRUST FUND,304,"DISCRETIONARY, APPROPRIATIONS COMMITTEE",DISCRETIONARY
1108,FY-2025,A-0251,L-116050,BASELINE PAY/NON-PAY,01,0.00,0.00,0.00,0.00,0.00,0.00,0.00,0.00,0.00,0.00,0.00,0.00,A-068-0251,PAYMENT TO THE LEAKING UNDERGROUND STORAGE TANK TRUST FUND,304,"DISCRETIONARY, APPROPRIATIONS COMMITTEE",DISCRETIONARY
1109,FY-2025,A-0251,L-116050,BASELINE PAY/NON-PAY,01,0.00,0.00,0.00,0.00,0.00,0.00,0.00,0.00,0.00,0.00,0.00,0.00,A-068-0251,PAYMENT TO THE LEAKING UNDERGROUND STORAGE TANK TRUST FUND,304,"DISCRETIONARY, APPROPRIATIONS COMMITTEE",DISCRETIONARY
1110,FY-2025,A-0251,L-116061,NEW AUTHORITY,01,0.00,0.00,0.00,0.00,0.00,0.00,0.00,0.00,0.00,0.00,0.00,0.00,A-068-0251,PAYMENT TO THE LEAKING UNDERGROUND STORAGE TANK TRUST FUND,304,"DISCRETIONARY, APPROPRIATIONS COMMITTEE",DISCRETIONARY
1111,FY-2025,A-0251,L-116062,BALANCES (EXCL OF EOY PY BAL),01,0.00,0.00,0.00,0.00,0.00,0.00,0.00,0.00,0.00,0.00,0.00,0.00,A-068-0251,PAYMENT TO THE LEAKING UNDERGROUND STORAGE TANK TRUST FUND,304,"DISCRETIONARY, APPROPRIATIONS COMMITTEE",DISCRETIONARY
1112,FY-2025,A-0251,L-116063,END OF PY BALANCES,01,0.00,0.00,0.00,0.00,0.00,0.00,0.00,0.00,0.00,0.00,0.00,0.00,A-068-0251,PAYMENT TO THE LEAKING UNDERGROUND STORAGE TANK TRUST FUND,304,"DISCRETIONARY, APPROPRIATIONS COMMITTEE",DISCRETIONARY
1113,FY-2025,A-0251,L-116081,NEW AUTHORITY,01,0.00,0.00,0.00,0.00,0.00,0.00,0.00,0.00,0.00,0.00,0.00,0.00,A-068-0251,PAYMENT TO THE LEAKING UNDERGROUND STORAGE TANK TRUST FUND,304,"DISCRETIONARY, APPROPRIATIONS COMMITTEE",DISCRETIONARY
1114,FY-2025,A-0251,L-116082,BALANCES (EXCL OF EOY PY BAL),01,0.00,0.00,0.00,0.00,0.00,0.00,0.00,0.00,0.00,0.00,0.00,0.00,A-068-0251,PAYMENT TO THE LEAKING UNDERGROUND STORAGE TANK TRUST FUND,304,"DISCRETIONARY, APPROPRIATIONS COMMITTEE",DISCRETIONARY
1115,FY-2025,A-0251,L-116083,END OF PY BALANCES,01,0.00,0.00,0.00,0.00,0.00,0.00,0.00,0.00,0.00,0.00,0.00,0.00,A-068-0251,PAYMENT TO THE LEAKING UNDERGROUND STORAGE TANK TRUST FUND,304,"DISCRETIONARY, APPROPRIATIONS COMMITTEE",DISCRETIONARY
1116,FY-2025,A-0251,L-1930,TOTAL BUDGETARY RESOURCES AVAILABLE,01,1000000.00,1000000.00,1000000.00,0.00,0.00,0.00,0.00,0.00,0.00,0.00,0.00,0.00,A-068-0251,PAYMENT TO THE LEAKING UNDERGROUND STORAGE TANK TRUST FUND,304,NS,NS
1117,FY-2025,A-0251,L-1941,"UNEXPIRED UNOBLIGATED BALANCE, END OF YEAR",01,1000000.00,1000000.00,1000000.00,0.00,0.00,0.00,0.00,0.00,0.00,0.00,0.00,0.00,A-068-0251,PAYMENT TO THE LEAKING UNDERGROUND STORAGE TANK TRUST FUND,304,NS,NS
1118,FY-2025,A-0251,L-3000,"UNPAID OBLIGATIONS, BROUGHT FORWARD, OCT 1",01,0.00,0.00,0.00,0.00,0.00,0.00,0.00,0.00,0.00,0.00,0.00,0.00,A-068-0251,PAYMENT TO THE LEAKING UNDERGROUND STORAGE TANK TRUST FUND,304,NS,NS
1119,FY-2025,A-0251,L-3010,"NEW OBLIGATIONS, UNEXPIRED ACCOUNTS",01,0.00,0.00,0.00,0.00,0.00,0.00,0.00,0.00,0.00,0.00,0.00,0.00,A-068-0251,PAYMENT TO THE LEAKING UNDERGROUND STORAGE TANK TRUST FUND,304,NS,NS
1120,FY-2025,A-0251,L-3050,"UNPAID OBLIGATIONS, END OF YEAR",01,0.00,0.00,0.00,0.00,0.00,0.00,0.00,0.00,0.00,0.00,0.00,0.00,A-068-0251,PAYMENT TO THE LEAKING UNDERGROUND STORAGE TANK TRUST FUND,304,NS,NS
1121,FY-2025,A-0251,L-3100,"OBLIGATED BALANCE, START OF YEAR",01,0.00,0.00,0.00,0.00,0.00,0.00,0.00,0.00,0.00,0.00,0.00,0.00,A-068-0251,PAYMENT TO THE LEAKING UNDERGROUND STORAGE TANK TRUST FUND,304,NS,NS
1122,FY-2025,A-0251,L-3200,"OBLIGATED BALANCE, END OF YEAR",01,0.00,0.00,0.00,0.00,0.00,0.00,0.00,0.00,0.00,0.00,0.00,0.00,A-068-0251,PAYMENT TO THE LEAKING UNDERGROUND STORAGE TANK TRUST FUND,304,NS,NS
1123,FY-2025,A-0251,L-4180,"BUDGET AUTHORITY, NET (TOTAL)",01,0.00,0.00,0.00,0.00,0.00,0.00,0.00,0.00,0.00,0.00,0.00,0.00,A-068-0251,PAYMENT TO THE LEAKING UNDERGROUND STORAGE TANK TRUST FUND,304,NS,NS
1124,FY-2025,A-0251,L-4190,"OUTLAYS, NET (TOTAL)",01,0.00,0.00,0.00,0.00,0.00,0.00,0.00,0.00,0.00,0.00,0.00,0.00,A-068-0251,PAYMENT TO THE LEAKING UNDERGROUND STORAGE TANK TRUST FUND,304,NS,NS
1125,FY-2025,A-0251,L-1000,BUDGET YEAR BUDGETARY RESOURCES [TREAS ACCT],01,0.00,0.00,0.00,0.00,0.00,0.00,0.00,0.00,0.00,0.00,0.00,0.00,A-068-0251,PAYMENT TO THE LEAKING UNDERGROUND STORAGE TANK TRUST FUND,304,NS,NS
1126,FY-2025,A-0254,L-0701,DIRECT LOAN SUBSIDY,01,23000000.00,84000000.00,80000000.00,0.00,0.00,0.00,0.00,0.00,0.00,0.00,0.00,0.00,A-068-0254,WATER INFRASTRUCTURE FINANCE AND INNOVATION PROGRAM ACCOUNT,301,NS,NS
1127,FY-2025,A-0254,L-0705,REESTIMATES OF DIRECT LOAN SUBSIDY,01,260000000.00,479000000.00,0.00,0.00,0.00,0.00,0.00,0.00,0.00,0.00,0.00,0.00,A-068-0254,WATER INFRASTRUCTURE FINANCE AND INNOVATION PROGRAM ACCOUNT,301,NS,NS
1128,FY-2025,A-0254,L-0706,INTEREST ON REESTIMATES OF DIRECT LOAN SUBSIDY,01,31000000.00,77000000.00,0.00,0.00,0.00,0.00,0.00,0.00,0.00,0.00,0.00,0.00,A-068-0254,WATER INFRASTRUCTURE FINANCE AND INNOVATION PROGRAM ACCOUNT,301,NS,NS
1129,FY-2025,A-0254,L-0709,ADMINISTRATIVE EXPENSES,01,14000000.00,14000000.00,14000000.00,0.00,0.00,0.00,0.00,0.00,0.00,0.00,0.00,0.00,A-068-0254,WATER INFRASTRUCTURE FINANCE AND INNOVATION PROGRAM ACCOUNT,301,NS,NS
1130,FY-2025,A-0254,L-0900,"TOTAL NEW OBLIGATIONS, UNEXPIRED ACCOUNTS",01,328000000.00,654000000.00,94000000.00,0.00,0.00,0.00,0.00,0.00,0.00,0.00,0.00,0.00,A-068-0254,WATER INFRASTRUCTURE FINANCE AND INNOVATION PROGRAM ACCOUNT,301,NS,NS
1131,FY-2025,A-0254,L-1000,"UNOBLIGATED BALANCE BROUGHT FORWARD, OCT 1",01,213000000.00,257000000.00,245000000.00,0.00,0.00,0.00,0.00,0.00,0.00,0.00,0.00,0.00,A-068-0254,WATER INFRASTRUCTURE FINANCE AND INNOVATION PROGRAM ACCOUNT,301,NS,NS
1132,FY-2025,A-0254,L-1001,"DISCRETIONARY UNOBLIGATED BALANCE BROUGHT FWD, OCT 1",01,213000000.00,0.00,0.00,0.00,0.00,0.00,0.00,0.00,0.00,0.00,0.00,0.00,A-068-0254,WATER INFRASTRUCTURE FINANCE AND INNOVATION PROGRAM ACCOUNT,301,NS,DISCRETIONARY
1133,FY-2025,A-0254,L-1020,"ADJUSTMENT OF UNOBLIGATED BAL BROUGHT FORWARD, OCT 1",01,0.00,0.00,0.00,0.00,0.00,0.00,0.00,0.00,0.00,0.00,0.00,0.00,A-068-0254,WATER INFRASTRUCTURE FINANCE AND INNOVATION PROGRAM ACCOUNT,301,NS,NS
1134,FY-2025,A-0254,L-1021,RECOVERIES OF PRIOR YEAR UNPAID OBLIGATIONS,01,0.00,0.00,0.00,0.00,0.00,0.00,0.00,0.00,0.00,0.00,0.00,0.00,A-068-0254,WATER INFRASTRUCTURE FINANCE AND INNOVATION PROGRAM ACCOUNT,301,NS,NS
1135,FY-2025,A-0254,L-1070,UNOBLIGATED BALANCE (TOTAL),01,213000000.00,257000000.00,245000000.00,0.00,0.00,0.00,0.00,0.00,0.00,0.00,0.00,0.00,A-068-0254,WATER INFRASTRUCTURE FINANCE AND INNOVATION PROGRAM ACCOUNT,301,NS,NS
1136,FY-2025,A-0254,L-1100,APPROPRIATION,01,76000000.00,76000000.00,80000000.00,0.00,0.00,0.00,0.00,0.00,0.00,0.00,0.00,0.00,A-068-0254,WATER INFRASTRUCTURE FINANCE AND INNOVATION PROGRAM ACCOUNT,301,NS,DISCRETIONARY
1137,FY-2025,A-0254,L-1160,"APPROPRIATION, DISCRETIONARY (TOTAL)",01,76000000.00,76000000.00,80000000.00,0.00,0.00,0.00,0.00,0.00,0.00,0.00,0.00,0.00,A-068-0254,WATER INFRASTRUCTURE FINANCE AND INNOVATION PROGRAM ACCOUNT,301,NS,DISCRETIONARY
1138,FY-2025,A-0254,L-116040,APPROPRIATION [LOAN],01,68000000.00,68000000.00,72000000.00,74000000.00,75000000.00,77000000.00,79000000.00,81000000.00,83000000.00,84000000.00,86000000.00,88000000.00,A-068-0254,WATER INFRASTRUCTURE FINANCE AND INNOVATION PROGRAM ACCOUNT,301,"DISCRETIONARY, APPROPRIATIONS COMMITTEE",DISCRETIONARY
1139,FY-2025,A-0254,L-116050,BASELINE PAY/NON-PAY,01,68000000.00,0.00,0.00,0.00,0.00,0.00,0.00,0.00,0.00,0.00,0.00,0.00,A-068-0254,WATER INFRASTRUCTURE FINANCE AND INNOVATION PROGRAM ACCOUNT,301,"DISCRETIONARY, APPROPRIATIONS COMMITTEE",DISCRETIONARY
1140,FY-2025,A-0254,L-116050,BASELINE PAY/NON-PAY,01,0.00,0.00,0.00,0.00,0.00,0.00,0.00,0.00,0.00,0.00,0.00,0.00,A-068-0254,WATER INFRASTRUCTURE FINANCE AND INNOVATION PROGRAM ACCOUNT,301,"DISCRETIONARY, APPROPRIATIONS COMMITTEE",DISCRETIONARY
1141,FY-2025,A-0254,L-116050,BASELINE PAY/NON-PAY,01,0.00,68000000.00,69000000.00,71000000.00,72000000.00,74000000.00,76000000.00,77000000.00,79000000.00,80000000.00,82000000.00,84000000.00,A-068-0254,WATER INFRASTRUCTURE FINANCE AND INNOVATION PROGRAM ACCOUNT,301,"DISCRETIONARY, APPROPRIATIONS COMMITTEE",DISCRETIONARY
1142,FY-2025,A-0254,L-116061,NEW AUTHORITY,01,7000000.00,14000000.00,14000000.00,15000000.00,15000000.00,15000000.00,16000000.00,16000000.00,17000000.00,17000000.00,17000000.00,18000000.00,A-068-0254,WATER INFRASTRUCTURE FINANCE AND INNOVATION PROGRAM ACCOUNT,301,"DISCRETIONARY, APPROPRIATIONS COMMITTEE",DISCRETIONARY
1143,FY-2025,A-0254,L-116062,BALANCES (EXCL OF EOY PY BAL),01,0.00,0.00,14000000.00,28000000.00,43000000.00,58000000.00,60000000.00,61000000.00,62000000.00,64000000.00,65000000.00,67000000.00,A-068-0254,WATER INFRASTRUCTURE FINANCE AND INNOVATION PROGRAM ACCOUNT,301,"DISCRETIONARY, APPROPRIATIONS COMMITTEE",DISCRETIONARY
1144,FY-2025,A-0254,L-116063,END OF PY BALANCES,01,0.00,39000000.00,38000000.00,34000000.00,24000000.00,4000000.00,0.00,0.00,0.00,0.00,0.00,0.00,A-068-0254,WATER INFRASTRUCTURE FINANCE AND INNOVATION PROGRAM ACCOUNT,301,"DISCRETIONARY, APPROPRIATIONS COMMITTEE",DISCRETIONARY
1145,FY-2025,A-0254,L-116081,NEW AUTHORITY,01,7000000.00,14000000.00,14000000.00,14000000.00,14000000.00,15000000.00,15000000.00,15000000.00,16000000.00,16000000.00,16000000.00,17000000.00,A-068-0254,WATER INFRASTRUCTURE FINANCE AND INNOVATION PROGRAM ACCOUNT,301,"DISCRETIONARY, APPROPRIATIONS COMMITTEE",DISCRETIONARY
1146,FY-2025,A-0254,L-116082,BALANCES (EXCL OF EOY PY BAL),01,0.00,0.00,14000000.00,27000000.00,42000000.00,56000000.00,57000000.00,59000000.00,60000000.00,61000000.00,62000000.00,64000000.00,A-068-0254,WATER INFRASTRUCTURE FINANCE AND INNOVATION PROGRAM ACCOUNT,301,"DISCRETIONARY, APPROPRIATIONS COMMITTEE",DISCRETIONARY
1147,FY-2025,A-0254,L-116083,END OF PY BALANCES,01,0.00,39000000.00,38000000.00,34000000.00,24000000.00,4000000.00,0.00,0.00,0.00,0.00,0.00,0.00,A-068-0254,WATER INFRASTRUCTURE FINANCE AND INNOVATION PROGRAM ACCOUNT,301,"DISCRETIONARY, APPROPRIATIONS COMMITTEE",DISCRETIONARY
1148,FY-2025,A-0254,L-116040,APPROPRIATION [ADMIN],02,8000000.00,8000000.00,8000000.00,8000000.00,8000000.00,9000000.00,9000000.00,9000000.00,9000000.00,9000000.00,10000000.00,10000000.00,A-068-0254,WATER INFRASTRUCTURE FINANCE AND INNOVATION PROGRAM ACCOUNT,301,"DISCRETIONARY, APPROPRIATIONS COMMITTEE",DISCRETIONARY
1149,FY-2025,A-0254,L-116050,BASELINE PAY/NON-PAY,02,8000000.00,0.00,0.00,0.00,0.00,0.00,0.00,0.00,0.00,0.00,0.00,0.00,A-068-0254,WATER INFRASTRUCTURE FINANCE AND INNOVATION PROGRAM ACCOUNT,301,"DISCRETIONARY, APPROPRIATIONS COMMITTEE",DISCRETIONARY
1150,FY-2025,A-0254,L-116050,BASELINE PAY/NON-PAY,02,0.00,8000000.00,8000000.00,8000000.00,9000000.00,9000000.00,9000000.00,9000000.00,9000000.00,9000000.00,10000000.00,10000000.00,A-068-0254,WATER INFRASTRUCTURE FINANCE AND INNOVATION PROGRAM ACCOUNT,301,"DISCRETIONARY, APPROPRIATIONS COMMITTEE",DISCRETIONARY
1151,FY-2025,A-0254,L-116061,NEW AUTHORITY,02,8000000.00,8000000.00,8000000.00,8000000.00,8000000.00,9000000.00,9000000.00,9000000.00,9000000.00,9000000.00,10000000.00,10000000.00,A-068-0254,WATER INFRASTRUCTURE FINANCE AND INNOVATION PROGRAM ACCOUNT,301,"DISCRETIONARY, APPROPRIATIONS COMMITTEE",DISCRETIONARY
1152,FY-2025,A-0254,L-116062,BALANCES (EXCL OF EOY PY BAL),02,1000000.00,0.00,0.00,0.00,0.00,0.00,0.00,0.00,0.00,0.00,0.00,0.00,A-068-0254,WATER INFRASTRUCTURE FINANCE AND INNOVATION PROGRAM ACCOUNT,301,"DISCRETIONARY, APPROPRIATIONS COMMITTEE",DISCRETIONARY
1153,FY-2025,A-0254,L-116063,END OF PY BALANCES,02,0.00,0.00,0.00,0.00,0.00,0.00,0.00,0.00,0.00,0.00,0.00,0.00,A-068-0254,WATER INFRASTRUCTURE FINANCE AND INNOVATION PROGRAM ACCOUNT,301,"DISCRETIONARY, APPROPRIATIONS COMMITTEE",DISCRETIONARY
1154,FY-2025,A-0254,L-116081,NEW AUTHORITY,02,8000000.00,8000000.00,8000000.00,8000000.00,9000000.00,9000000.00,9000000.00,9000000.00,9000000.00,9000000.00,10000000.00,10000000.00,A-068-0254,WATER INFRASTRUCTURE FINANCE AND INNOVATION PROGRAM ACCOUNT,301,"DISCRETIONARY, APPROPRIATIONS COMMITTEE",DISCRETIONARY
1155,FY-2025,A-0254,L-116082,BALANCES (EXCL OF EOY PY BAL),02,1000000.00,0.00,0.00,0.00,0.00,0.00,0.00,0.00,0.00,0.00,0.00,0.00,A-068-0254,WATER INFRASTRUCTURE FINANCE AND INNOVATION PROGRAM ACCOUNT,301,"DISCRETIONARY, APPROPRIATIONS COMMITTEE",DISCRETIONARY
1156,FY-2025,A-0254,L-116083,END OF PY BALANCES,02,0.00,0.00,0.00,0.00,0.00,0.00,0.00,0.00,0.00,0.00,0.00,0.00,A-068-0254,WATER INFRASTRUCTURE FINANCE AND INNOVATION PROGRAM ACCOUNT,301,"DISCRETIONARY, APPROPRIATIONS COMMITTEE",DISCRETIONARY
1157,FY-2025,A-0254,L-1200,APPROPRIATION,01,291000000.00,556000000.00,0.00,0.00,0.00,0.00,0.00,0.00,0.00,0.00,0.00,0.00,A-068-0254,WATER INFRASTRUCTURE FINANCE AND INNOVATION PROGRAM ACCOUNT,301,NS,MANDATORY
1158,FY-2025,A-0254,L-1260,"APPROPRIATIONS, MANDATORY (TOTAL)",01,291000000.00,556000000.00,0.00,0.00,0.00,0.00,0.00,0.00,0.00,0.00,0.00,0.00,A-068-0254,WATER INFRASTRUCTURE FINANCE AND INNOVATION PROGRAM ACCOUNT,301,NS,MANDATORY
1159,FY-2025,A-0254,L-126040,APPROPRIATION [TEXT],01,291000000.00,556000000.00,0.00,0.00,0.00,0.00,0.00,0.00,0.00,0.00,0.00,0.00,A-068-0254,WATER INFRASTRUCTURE FINANCE AND INNOVATION PROGRAM ACCOUNT,301,"MANDATORY, AUTHORIZING COMMITTEE",MANDATORY
1160,FY-2025,A-0254,L-126050,BASELINE PAY/NON-PAY,01,291000000.00,0.00,0.00,0.00,0.00,0.00,0.00,0.00,0.00,0.00,0.00,0.00,A-068-0254,WATER INFRASTRUCTURE FINANCE AND INNOVATION PROGRAM ACCOUNT,301,"MANDATORY, AUTHORIZING COMMITTEE",MANDATORY
1161,FY-2025,A-0254,L-126050,BASELINE PAY/NON-PAY,01,0.00,0.00,0.00,0.00,0.00,0.00,0.00,0.00,0.00,0.00,0.00,0.00,A-068-0254,WATER INFRASTRUCTURE FINANCE AND INNOVATION PROGRAM ACCOUNT,301,"MANDATORY, AUTHORIZING COMMITTEE",MANDATORY
1162,FY-2025,A-0254,L-126050,BASELINE PAY/NON-PAY,01,0.00,556000000.00,0.00,0.00,0.00,0.00,0.00,0.00,0.00,0.00,0.00,0.00,A-068-0254,WATER INFRASTRUCTURE FINANCE AND INNOVATION PROGRAM ACCOUNT,301,"MANDATORY, AUTHORIZING COMMITTEE",MANDATORY
1163,FY-2025,A-0254,L-126061,NEW AUTHORITY,01,291000000.00,556000000.00,0.00,0.00,0.00,0.00,0.00,0.00,0.00,0.00,0.00,0.00,A-068-0254,WATER INFRASTRUCTURE FINANCE AND INNOVATION PROGRAM ACCOUNT,301,"MANDATORY, AUTHORIZING COMMITTEE",MANDATORY
1164,FY-2025,A-0254,L-126062,BALANCES (EXCL OF EOY PY BAL),01,0.00,0.00,0.00,0.00,0.00,0.00,0.00,0.00,0.00,0.00,0.00,0.00,A-068-0254,WATER INFRASTRUCTURE FINANCE AND INNOVATION PROGRAM ACCOUNT,301,"MANDATORY, AUTHORIZING COMMITTEE",MANDATORY
1165,FY-2025,A-0254,L-126063,END OF PY BALANCES,01,0.00,0.00,0.00,0.00,0.00,0.00,0.00,0.00,0.00,0.00,0.00,0.00,A-068-0254,WATER INFRASTRUCTURE FINANCE AND INNOVATION PROGRAM ACCOUNT,301,"MANDATORY, AUTHORIZING COMMITTEE",MANDATORY
1166,FY-2025,A-0254,L-126081,NEW AUTHORITY,01,291000000.00,556000000.00,0.00,0.00,0.00,0.00,0.00,0.00,0.00,0.00,0.00,0.00,A-068-0254,WATER INFRASTRUCTURE FINANCE AND INNOVATION PROGRAM ACCOUNT,301,"MANDATORY, AUTHORIZING COMMITTEE",MANDATORY
1167,FY-2025,A-0254,L-126082,BALANCES (EXCL OF EOY PY BAL),01,0.00,0.00,0.00,0.00,0.00,0.00,0.00,0.00,0.00,0.00,0.00,0.00,A-068-0254,WATER INFRASTRUCTURE FINANCE AND INNOVATION PROGRAM ACCOUNT,301,"MANDATORY, AUTHORIZING COMMITTEE",MANDATORY
1168,FY-2025,A-0254,L-126083,END OF PY BALANCES,01,0.00,0.00,0.00,0.00,0.00,0.00,0.00,0.00,0.00,0.00,0.00,0.00,A-068-0254,WATER INFRASTRUCTURE FINANCE AND INNOVATION PROGRAM ACCOUNT,301,"MANDATORY, AUTHORIZING COMMITTEE",MANDATORY
1169,FY-2025,A-0254,L-1700,COLLECTED,01,5000000.00,10000000.00,10000000.00,0.00,0.00,0.00,0.00,0.00,0.00,0.00,0.00,0.00,A-068-0254,WATER INFRASTRUCTURE FINANCE AND INNOVATION PROGRAM ACCOUNT,301,NS,DISCRETIONARY
1170,FY-2025,A-0254,L-1750,"SPENDING AUTH FROM OFFSETTING COLLECTIONS, DISC (TOTAL)",01,5000000.00,10000000.00,10000000.00,0.00,0.00,0.00,0.00,0.00,0.00,0.00,0.00,0.00,A-068-0254,WATER INFRASTRUCTURE FINANCE AND INNOVATION PROGRAM ACCOUNT,301,NS,DISCRETIONARY
1171,FY-2025,A-0254,L-175040,SPENDING AUTHORITY FROM OFFSETTING COLLECTIONS [DISCRETIONARY],01,5000000.00,10000000.00,10000000.00,10000000.00,10000000.00,11000000.00,11000000.00,11000000.00,11000000.00,12000000.00,12000000.00,12000000.00,A-068-0254,WATER INFRASTRUCTURE FINANCE AND INNOVATION PROGRAM ACCOUNT,301,"DISCRETIONARY, APPROPRIATIONS COMMITTEE",DISCRETIONARY
1172,FY-2025,A-0254,L-175050,SPENDING AUTHORITY FROM OFFSETTING COLLECTIONS [DISCRETIONARY],01,5000000.00,10000000.00,10000000.00,10000000.00,10000000.00,11000000.00,11000000.00,11000000.00,11000000.00,12000000.00,12000000.00,12000000.00,A-068-0254,WATER INFRASTRUCTURE FINANCE AND INNOVATION PROGRAM ACCOUNT,301,"DISCRETIONARY, APPROPRIATIONS COMMITTEE",DISCRETIONARY
1173,FY-2025,A-0254,L-175061,NEW AUTHORITY,01,5000000.00,10000000.00,10000000.00,10000000.00,10000000.00,11000000.00,11000000.00,11000000.00,11000000.00,12000000.00,12000000.00,12000000.00,A-068-0254,WATER INFRASTRUCTURE FINANCE AND INNOVATION PROGRAM ACCOUNT,301,"DISCRETIONARY, APPROPRIATIONS COMMITTEE",DISCRETIONARY
1174,FY-2025,A-0254,L-175062,BALANCES (EXCL OF EOY PY BAL),01,0.00,0.00,0.00,0.00,0.00,0.00,0.00,0.00,0.00,0.00,0.00,0.00,A-068-0254,WATER INFRASTRUCTURE FINANCE AND INNOVATION PROGRAM ACCOUNT,301,"DISCRETIONARY, APPROPRIATIONS COMMITTEE",DISCRETIONARY
1175,FY-2025,A-0254,L-175063,END OF PY BALANCES,01,0.00,0.00,0.00,0.00,0.00,0.00,0.00,0.00,0.00,0.00,0.00,0.00,A-068-0254,WATER INFRASTRUCTURE FINANCE AND INNOVATION PROGRAM ACCOUNT,301,"DISCRETIONARY, APPROPRIATIONS COMMITTEE",DISCRETIONARY
1176,FY-2025,A-0254,L-175081,NEW AUTHORITY,01,5000000.00,10000000.00,10000000.00,10000000.00,10000000.00,11000000.00,11000000.00,11000000.00,11000000.00,12000000.00,12000000.00,12000000.00,A-068-0254,WATER INFRASTRUCTURE FINANCE AND INNOVATION PROGRAM ACCOUNT,301,"DISCRETIONARY, APPROPRIATIONS COMMITTEE",DISCRETIONARY
1177,FY-2025,A-0254,L-175082,BALANCES (EXCL OF EOY PY BAL),01,0.00,0.00,0.00,0.00,0.00,0.00,0.00,0.00,0.00,0.00,0.00,0.00,A-068-0254,WATER INFRASTRUCTURE FINANCE AND INNOVATION PROGRAM ACCOUNT,301,"DISCRETIONARY, APPROPRIATIONS COMMITTEE",DISCRETIONARY
1178,FY-2025,A-0254,L-175083,END OF PY BALANCES,01,0.00,0.00,0.00,0.00,0.00,0.00,0.00,0.00,0.00,0.00,0.00,0.00,A-068-0254,WATER INFRASTRUCTURE FINANCE AND INNOVATION PROGRAM ACCOUNT,301,"DISCRETIONARY, APPROPRIATIONS COMMITTEE",DISCRETIONARY
1179,FY-2025,A-0254,L-1900,BUDGET AUTHORITY (TOTAL),01,372000000.00,642000000.00,90000000.00,0.00,0.00,0.00,0.00,0.00,0.00,0.00,0.00,0.00,A-068-0254,WATER INFRASTRUCTURE FINANCE AND INNOVATION PROGRAM ACCOUNT,301,NS,NS
1180,FY-2025,A-0254,L-1930,TOTAL BUDGETARY RESOURCES AVAILABLE,01,585000000.00,899000000.00,335000000.00,0.00,0.00,0.00,0.00,0.00,0.00,0.00,0.00,0.00,A-068-0254,WATER INFRASTRUCTURE FINANCE AND INNOVATION PROGRAM ACCOUNT,301,NS,NS
1181,FY-2025,A-0254,L-1941,"UNEXPIRED UNOBLIGATED BALANCE, END OF YEAR",01,257000000.00,245000000.00,241000000.00,0.00,0.00,0.00,0.00,0.00,0.00,0.00,0.00,0.00,A-068-0254,WATER INFRASTRUCTURE FINANCE AND INNOVATION PROGRAM ACCOUNT,301,NS,NS
1182,FY-2025,A-0254,L-3000,"UNPAID OBLIGATIONS, BROUGHT FORWARD, OCT 1",01,114000000.00,130000000.00,157000000.00,0.00,0.00,0.00,0.00,0.00,0.00,0.00,0.00,0.00,A-068-0254,WATER INFRASTRUCTURE FINANCE AND INNOVATION PROGRAM ACCOUNT,301,NS,NS
1183,FY-2025,A-0254,L-3010,"NEW OBLIGATIONS, UNEXPIRED ACCOUNTS",01,328000000.00,654000000.00,94000000.00,0.00,0.00,0.00,0.00,0.00,0.00,0.00,0.00,0.00,A-068-0254,WATER INFRASTRUCTURE FINANCE AND INNOVATION PROGRAM ACCOUNT,301,NS,NS
1184,FY-2025,A-0254,L-3020,OUTLAYS (GROSS),01,-312000000.00,-627000000.00,-84000000.00,0.00,0.00,0.00,0.00,0.00,0.00,0.00,0.00,0.00,A-068-0254,WATER INFRASTRUCTURE FINANCE AND INNOVATION PROGRAM ACCOUNT,301,NS,NS
1185,FY-2025,A-0254,L-3040,"RECOVERIES OF PRIOR YEAR UNPAID OBLIGATIONS, UNEXPIRED",01,0.00,0.00,0.00,0.00,0.00,0.00,0.00,0.00,0.00,0.00,0.00,0.00,A-068-0254,WATER INFRASTRUCTURE FINANCE AND INNOVATION PROGRAM ACCOUNT,301,NS,NS
1186,FY-2025,A-0254,L-3050,"UNPAID OBLIGATIONS, END OF YEAR",01,130000000.00,157000000.00,167000000.00,0.00,0.00,0.00,0.00,0.00,0.00,0.00,0.00,0.00,A-068-0254,WATER INFRASTRUCTURE FINANCE AND INNOVATION PROGRAM ACCOUNT,301,NS,NS
1187,FY-2025,A-0254,L-3100,"OBLIGATED BALANCE, START OF YEAR",01,114000000.00,130000000.00,157000000.00,0.00,0.00,0.00,0.00,0.00,0.00,0.00,0.00,0.00,A-068-0254,WATER INFRASTRUCTURE FINANCE AND INNOVATION PROGRAM ACCOUNT,301,NS,NS
1188,FY-2025,A-0254,L-3200,"OBLIGATED BALANCE, END OF YEAR",01,130000000.00,157000000.00,167000000.00,0.00,0.00,0.00,0.00,0.00,0.00,0.00,0.00,0.00,A-068-0254,WATER INFRASTRUCTURE FINANCE AND INNOVATION PROGRAM ACCOUNT,301,NS,NS
1189,FY-2025,A-0254,L-4000,"BUDGET AUTHORITY, GROSS",01,81000000.00,86000000.00,90000000.00,0.00,0.00,0.00,0.00,0.00,0.00,0.00,0.00,0.00,A-068-0254,WATER INFRASTRUCTURE FINANCE AND INNOVATION PROGRAM ACCOUNT,301,NS,DISCRETIONARY
1190,FY-2025,A-0254,L-4010,OUTLAYS FROM NEW DISCRETIONARY AUTHORITY,01,20000000.00,32000000.00,32000000.00,0.00,0.00,0.00,0.00,0.00,0.00,0.00,0.00,0.00,A-068-0254,WATER INFRASTRUCTURE FINANCE AND INNOVATION PROGRAM ACCOUNT,301,NS,DISCRETIONARY
1191,FY-2025,A-0254,L-4011,OUTLAYS FROM DISCRETIONARY BALANCES,01,1000000.00,39000000.00,52000000.00,0.00,0.00,0.00,0.00,0.00,0.00,0.00,0.00,0.00,A-068-0254,WATER INFRASTRUCTURE FINANCE AND INNOVATION PROGRAM ACCOUNT,301,NS,DISCRETIONARY
1192,FY-2025,A-0254,L-4020,"OUTLAYS, GROSS (TOTAL)",01,21000000.00,71000000.00,84000000.00,0.00,0.00,0.00,0.00,0.00,0.00,0.00,0.00,0.00,A-068-0254,WATER INFRASTRUCTURE FINANCE AND INNOVATION PROGRAM ACCOUNT,301,NS,DISCRETIONARY
1193,FY-2025,A-0254,L-4030,FEDERAL SOURCES,01,0.00,0.00,0.00,0.00,0.00,0.00,0.00,0.00,0.00,0.00,0.00,0.00,A-068-0254,WATER INFRASTRUCTURE FINANCE AND INNOVATION PROGRAM ACCOUNT,301,NS,DISCRETIONARY
1194,FY-2025,A-0254,L-403041,POLICY PROGRAM [DISCRETIONARY],01,0.00,0.00,0.00,0.00,0.00,0.00,0.00,0.00,0.00,0.00,0.00,0.00,A-068-0254,WATER INFRASTRUCTURE FINANCE AND INNOVATION PROGRAM ACCOUNT,301,"DISCRETIONARY, APPROPRIATIONS COMMITTEE",DISCRETIONARY
1195,FY-2025,A-0254,L-403071,BASELINE PROGRAM [DISCRETIONARY],01,0.00,0.00,0.00,0.00,0.00,0.00,0.00,0.00,0.00,0.00,0.00,0.00,A-068-0254,WATER INFRASTRUCTURE FINANCE AND INNOVATION PROGRAM ACCOUNT,301,"DISCRETIONARY, APPROPRIATIONS COMMITTEE",DISCRETIONARY
1196,FY-2025,A-0254,L-4033,NON-FEDERAL SOURCES,01,-5000000.00,-10000000.00,-10000000.00,0.00,0.00,0.00,0.00,0.00,0.00,0.00,0.00,0.00,A-068-0254,WATER INFRASTRUCTURE FINANCE AND INNOVATION PROGRAM ACCOUNT,301,NS,DISCRETIONARY
1197,FY-2025,A-0254,L-403341,POLICY PROGRAM [DISCRETIONARY],01,-5000000.00,-10000000.00,-10000000.00,-10000000.00,-10000000.00,-11000000.00,-11000000.00,-11000000.00,-11000000.00,-12000000.00,-12000000.00,-12000000.00,A-068-0254,WATER INFRASTRUCTURE FINANCE AND INNOVATION PROGRAM ACCOUNT,301,"DISCRETIONARY, APPROPRIATIONS COMMITTEE",DISCRETIONARY
1198,FY-2025,A-0254,L-403371,BASELINE PROGRAM [DISCRETIONARY],01,-5000000.00,-10000000.00,-10000000.00,-10000000.00,-10000000.00,-10000000.00,-10000000.00,-10000000.00,-10000000.00,-10000000.00,-11000000.00,-11000000.00,A-068-0254,WATER INFRASTRUCTURE FINANCE AND INNOVATION PROGRAM ACCOUNT,301,"DISCRETIONARY, APPROPRIATIONS COMMITTEE",DISCRETIONARY
1199,FY-2025,A-0254,L-4040,OFFSETS AGAINST GROSS BUDGET AUTHORITY  AND OUTLAYS (TOTAL),01,-5000000.00,-10000000.00,-10000000.00,0.00,0.00,0.00,0.00,0.00,0.00,0.00,0.00,0.00,A-068-0254,WATER INFRASTRUCTURE FINANCE AND INNOVATION PROGRAM ACCOUNT,301,NS,DISCRETIONARY
1200,FY-2025,A-0254,L-4070,"BUDGET AUTHORITY, NET (DISCRETIONARY)",01,76000000.00,76000000.00,80000000.00,0.00,0.00,0.00,0.00,0.00,0.00,0.00,0.00,0.00,A-068-0254,WATER INFRASTRUCTURE FINANCE AND INNOVATION PROGRAM ACCOUNT,301,NS,DISCRETIONARY
1201,FY-2025,A-0254,L-4080,"OUTLAYS, NET (DISCRETIONARY)",01,16000000.00,61000000.00,74000000.00,0.00,0.00,0.00,0.00,0.00,0.00,0.00,0.00,0.00,A-068-0254,WATER INFRASTRUCTURE FINANCE AND INNOVATION PROGRAM ACCOUNT,301,NS,DISCRETIONARY
1202,FY-2025,A-0254,L-4090,"BUDGET AUTHORITY, GROSS",01,291000000.00,556000000.00,0.00,0.00,0.00,0.00,0.00,0.00,0.00,0.00,0.00,0.00,A-068-0254,WATER INFRASTRUCTURE FINANCE AND INNOVATION PROGRAM ACCOUNT,301,NS,MANDATORY
1203,FY-2025,A-0254,L-4100,OUTLAYS FROM NEW MANDATORY AUTHORITY,01,291000000.00,556000000.00,0.00,0.00,0.00,0.00,0.00,0.00,0.00,0.00,0.00,0.00,A-068-0254,WATER INFRASTRUCTURE FINANCE AND INNOVATION PROGRAM ACCOUNT,301,NS,MANDATORY
1204,FY-2025,A-0254,L-4160,"BUDGET AUTHORITY, NET (MANDATORY)",01,291000000.00,556000000.00,0.00,0.00,0.00,0.00,0.00,0.00,0.00,0.00,0.00,0.00,A-068-0254,WATER INFRASTRUCTURE FINANCE AND INNOVATION PROGRAM ACCOUNT,301,NS,MANDATORY
1205,FY-2025,A-0254,L-4170,"OUTLAYS, NET (MANDATORY)",01,291000000.00,556000000.00,0.00,0.00,0.00,0.00,0.00,0.00,0.00,0.00,0.00,0.00,A-068-0254,WATER INFRASTRUCTURE FINANCE AND INNOVATION PROGRAM ACCOUNT,301,NS,MANDATORY
1206,FY-2025,A-0254,L-4180,"BUDGET AUTHORITY, NET (TOTAL)",01,367000000.00,632000000.00,80000000.00,0.00,0.00,0.00,0.00,0.00,0.00,0.00,0.00,0.00,A-068-0254,WATER INFRASTRUCTURE FINANCE AND INNOVATION PROGRAM ACCOUNT,301,NS,NS
1207,FY-2025,A-0254,L-4190,"OUTLAYS, NET (TOTAL)",01,307000000.00,617000000.00,74000000.00,0.00,0.00,0.00,0.00,0.00,0.00,0.00,0.00,0.00,A-068-0254,WATER INFRASTRUCTURE FINANCE AND INNOVATION PROGRAM ACCOUNT,301,NS,NS
1208,FY-2025,A-0254,L-5311,"DIRECT UNOBLIGATED BALANCE, START OF YEAR",01,213000000.00,256000000.00,0.00,0.00,0.00,0.00,0.00,0.00,0.00,0.00,0.00,0.00,A-068-0254,WATER INFRASTRUCTURE FINANCE AND INNOVATION PROGRAM ACCOUNT,301,NS,NS
1209,FY-2025,A-0254,L-5313,"DISCRETIONARY UNOBLIGATED BALANCE, START OF YEAR",01,213000000.00,256000000.00,0.00,0.00,0.00,0.00,0.00,0.00,0.00,0.00,0.00,0.00,A-068-0254,WATER INFRASTRUCTURE FINANCE AND INNOVATION PROGRAM ACCOUNT,301,NS,DISCRETIONARY
1210,FY-2025,A-0254,L-5314,"MANDATORY UNOBLIGATED BALANCE, START OF YEAR",01,0.00,0.00,0.00,0.00,0.00,0.00,0.00,0.00,0.00,0.00,0.00,0.00,A-068-0254,WATER INFRASTRUCTURE FINANCE AND INNOVATION PROGRAM ACCOUNT,301,NS,MANDATORY
1211,FY-2025,A-0254,L-5321,"DIRECT UNOBLIGATED BALANCE, END OF YEAR",01,256000000.00,0.00,0.00,0.00,0.00,0.00,0.00,0.00,0.00,0.00,0.00,0.00,A-068-0254,WATER INFRASTRUCTURE FINANCE AND INNOVATION PROGRAM ACCOUNT,301,NS,NS
1212,FY-2025,A-0254,L-5323,"DISCRETIONARY UNOBLIGATED BALANCE, END OF YEAR",01,256000000.00,0.00,0.00,0.00,0.00,0.00,0.00,0.00,0.00,0.00,0.00,0.00,A-068-0254,WATER INFRASTRUCTURE FINANCE AND INNOVATION PROGRAM ACCOUNT,301,NS,DISCRETIONARY
1213,FY-2025,A-0254,L-5324,"MANDATORY UNOBLIGATED BALANCE, END OF YEAR",01,0.00,0.00,0.00,0.00,0.00,0.00,0.00,0.00,0.00,0.00,0.00,0.00,A-068-0254,WATER INFRASTRUCTURE FINANCE AND INNOVATION PROGRAM ACCOUNT,301,NS,MANDATORY
1214,FY-2025,A-0254,L-5331,"DIRECT OBLIGATED BALANCE, START OF YEAR",01,114000000.00,130000000.00,0.00,0.00,0.00,0.00,0.00,0.00,0.00,0.00,0.00,0.00,A-068-0254,WATER INFRASTRUCTURE FINANCE AND INNOVATION PROGRAM ACCOUNT,301,NS,NS
1215,FY-2025,A-0254,L-5333,"DISCRETIONARY OBLIGATED BALANCE, START OF YEAR",01,114000000.00,130000000.00,0.00,0.00,0.00,0.00,0.00,0.00,0.00,0.00,0.00,0.00,A-068-0254,WATER INFRASTRUCTURE FINANCE AND INNOVATION PROGRAM ACCOUNT,301,NS,DISCRETIONARY
1216,FY-2025,A-0254,L-5341,"DIRECT OBLIGATED BALANCE, END OF YEAR",01,130000000.00,0.00,0.00,0.00,0.00,0.00,0.00,0.00,0.00,0.00,0.00,0.00,A-068-0254,WATER INFRASTRUCTURE FINANCE AND INNOVATION PROGRAM ACCOUNT,301,NS,NS
1217,FY-2025,A-0254,L-5343,"DISCRETIONARY OBLIGATED BALANCE, END OF YEAR",01,130000000.00,0.00,0.00,0.00,0.00,0.00,0.00,0.00,0.00,0.00,0.00,0.00,A-068-0254,WATER INFRASTRUCTURE FINANCE AND INNOVATION PROGRAM ACCOUNT,301,NS,DISCRETIONARY
1218,FY-2025,A-0254,L-115002,DIRECT LOAN LEVELS,01,2893000000.00,8781000000.00,8781000000.00,0.00,0.00,0.00,0.00,0.00,0.00,0.00,0.00,0.00,A-068-0254,WATER INFRASTRUCTURE FINANCE AND INNOVATION PROGRAM ACCOUNT,301,NS,NS
1219,FY-2025,A-0254,L-132002,SUBSIDY RATE,01,74000000.00,96000000.00,91000000.00,0.00,0.00,0.00,0.00,0.00,0.00,0.00,0.00,0.00,A-068-0254,WATER INFRASTRUCTURE FINANCE AND INNOVATION PROGRAM ACCOUNT,301,NS,NS
1220,FY-2025,A-0254,L-132999,WEIGHTED AVERAGE SUBSIDY RATE,01,74000000.00,96000000.00,91000000.00,0.00,0.00,0.00,0.00,0.00,0.00,0.00,0.00,0.00,A-068-0254,WATER INFRASTRUCTURE FINANCE AND INNOVATION PROGRAM ACCOUNT,301,NS,NS
1221,FY-2025,A-0254,L-133002,SUBSIDY BUDGET AUTHORITY,01,22000000.00,84000000.00,80000000.00,0.00,0.00,0.00,0.00,0.00,0.00,0.00,0.00,0.00,A-068-0254,WATER INFRASTRUCTURE FINANCE AND INNOVATION PROGRAM ACCOUNT,301,NS,NS
1222,FY-2025,A-0254,L-134002,NET SUBSIDY OUTLAYS,01,7000000.00,60000000.00,60000000.00,0.00,0.00,0.00,0.00,0.00,0.00,0.00,0.00,0.00,A-068-0254,WATER INFRASTRUCTURE FINANCE AND INNOVATION PROGRAM ACCOUNT,301,NS,NS
1223,FY-2025,A-0254,L-134102,NEGATIVE SUBSIDY OUTLAYS,01,0.00,0.00,0.00,0.00,0.00,0.00,0.00,0.00,0.00,0.00,0.00,0.00,A-068-0254,WATER INFRASTRUCTURE FINANCE AND INNOVATION PROGRAM ACCOUNT,301,NS,NS
1224,FY-2025,A-0254,L-134202,POSITIVE SUBSIDY OUTLAYS,01,7000000.00,60000000.00,60000000.00,0.00,0.00,0.00,0.00,0.00,0.00,0.00,0.00,0.00,A-068-0254,WATER INFRASTRUCTURE FINANCE AND INNOVATION PROGRAM ACCOUNT,301,NS,NS
1225,FY-2025,A-0254,L-135002,NET REESTIMATE,01,239000000.00,538000000.00,0.00,0.00,0.00,0.00,0.00,0.00,0.00,0.00,0.00,0.00,A-068-0254,WATER INFRASTRUCTURE FINANCE AND INNOVATION PROGRAM ACCOUNT,301,NS,NS
1226,FY-2025,A-0254,L-135102,UPWARD REESTIMATES,01,291000000.00,556000000.00,0.00,0.00,0.00,0.00,0.00,0.00,0.00,0.00,0.00,0.00,A-068-0254,WATER INFRASTRUCTURE FINANCE AND INNOVATION PROGRAM ACCOUNT,301,NS,NS
1227,FY-2025,A-0254,L-135202,DOWNWARD REESTIMATES,01,-52000000.00,-18000000.00,0.00,0.00,0.00,0.00,0.00,0.00,0.00,0.00,0.00,0.00,A-068-0254,WATER INFRASTRUCTURE FINANCE AND INNOVATION PROGRAM ACCOUNT,301,NS,NS
1228,FY-2025,A-0254,L-215001,LOAN GUARANTEE LEVELS,01,0.00,0.00,0.00,0.00,0.00,0.00,0.00,0.00,0.00,0.00,0.00,0.00,A-068-0254,WATER INFRASTRUCTURE FINANCE AND INNOVATION PROGRAM ACCOUNT,301,NS,NS
1229,FY-2025,A-0254,L-232001,SUBSIDY RATE,01,0.00,0.00,0.00,0.00,0.00,0.00,0.00,0.00,0.00,0.00,0.00,0.00,A-068-0254,WATER INFRASTRUCTURE FINANCE AND INNOVATION PROGRAM ACCOUNT,301,NS,NS
1230,FY-2025,A-0254,L-232999,WEIGHTED AVERAGE SUBSIDY RATE,01,0.00,0.00,0.00,0.00,0.00,0.00,0.00,0.00,0.00,0.00,0.00,0.00,A-068-0254,WATER INFRASTRUCTURE FINANCE AND INNOVATION PROGRAM ACCOUNT,301,NS,NS
1231,FY-2025,A-0254,L-233001,SUBSIDY BUDGET AUTHORITY,01,0.00,0.00,0.00,0.00,0.00,0.00,0.00,0.00,0.00,0.00,0.00,0.00,A-068-0254,WATER INFRASTRUCTURE FINANCE AND INNOVATION PROGRAM ACCOUNT,301,NS,NS
1232,FY-2025,A-0254,L-234001,NET SUBSIDY OUTLAYS,01,0.00,0.00,0.00,0.00,0.00,0.00,0.00,0.00,0.00,0.00,0.00,0.00,A-068-0254,WATER INFRASTRUCTURE FINANCE AND INNOVATION PROGRAM ACCOUNT,301,NS,NS
1233,FY-2025,A-0254,L-234101,NEGATIVE SUBSIDY OUTLAYS,01,0.00,0.00,0.00,0.00,0.00,0.00,0.00,0.00,0.00,0.00,0.00,0.00,A-068-0254,WATER INFRASTRUCTURE FINANCE AND INNOVATION PROGRAM ACCOUNT,301,NS,NS
1234,FY-2025,A-0254,L-234201,POSITIVE SUBSIDY OUTLAYS,01,0.00,0.00,0.00,0.00,0.00,0.00,0.00,0.00,0.00,0.00,0.00,0.00,A-068-0254,WATER INFRASTRUCTURE FINANCE AND INNOVATION PROGRAM ACCOUNT,301,NS,NS
1235,FY-2025,A-0254,L-235001,NET REESTIMATE,01,0.00,0.00,0.00,0.00,0.00,0.00,0.00,0.00,0.00,0.00,0.00,0.00,A-068-0254,WATER INFRASTRUCTURE FINANCE AND INNOVATION PROGRAM ACCOUNT,301,NS,NS
1236,FY-2025,A-0254,L-235101,UPWARD REESTIMATES,01,0.00,0.00,0.00,0.00,0.00,0.00,0.00,0.00,0.00,0.00,0.00,0.00,A-068-0254,WATER INFRASTRUCTURE FINANCE AND INNOVATION PROGRAM ACCOUNT,301,NS,NS
1237,FY-2025,A-0254,L-235201,DOWNWARD REESTIMATES,01,0.00,0.00,0.00,0.00,0.00,0.00,0.00,0.00,0.00,0.00,0.00,0.00,A-068-0254,WATER INFRASTRUCTURE FINANCE AND INNOVATION PROGRAM ACCOUNT,301,NS,NS
1238,FY-2025,A-0254,L-3510,BUDGET AUTHORITY,01,13000000.00,8000000.00,8000000.00,0.00,0.00,0.00,0.00,0.00,0.00,0.00,0.00,0.00,A-068-0254,WATER INFRASTRUCTURE FINANCE AND INNOVATION PROGRAM ACCOUNT,301,NS,NS
1239,FY-2025,A-0254,L-3580,OUTLAYS FROM BALANCES,01,1000000.00,0.00,0.00,0.00,0.00,0.00,0.00,0.00,0.00,0.00,0.00,0.00,A-068-0254,WATER INFRASTRUCTURE FINANCE AND INNOVATION PROGRAM ACCOUNT,301,NS,NS
1240,FY-2025,A-0254,L-3590,OUTLAYS FROM NEW AUTHORITY,01,10000000.00,8000000.00,8000000.00,0.00,0.00,0.00,0.00,0.00,0.00,0.00,0.00,0.00,A-068-0254,WATER INFRASTRUCTURE FINANCE AND INNOVATION PROGRAM ACCOUNT,301,NS,NS
1241,FY-2025,A-0254,L-1111,FULL-TIME PERMANENT,01,5000000.00,6000000.00,6000000.00,0.00,0.00,0.00,0.00,0.00,0.00,0.00,0.00,0.00,A-068-0254,WATER INFRASTRUCTURE FINANCE AND INNOVATION PROGRAM ACCOUNT,301,NS,NS
1242,FY-2025,A-0254,L-1121,CIVILIAN PERSONNEL BENEFITS,01,2000000.00,3000000.00,3000000.00,0.00,0.00,0.00,0.00,0.00,0.00,0.00,0.00,0.00,A-068-0254,WATER INFRASTRUCTURE FINANCE AND INNOVATION PROGRAM ACCOUNT,301,NS,NS
1243,FY-2025,A-0254,L-1251,ADVISORY AND ASSISTANCE SERVICES,01,4000000.00,5000000.00,5000000.00,0.00,0.00,0.00,0.00,0.00,0.00,0.00,0.00,0.00,A-068-0254,WATER INFRASTRUCTURE FINANCE AND INNOVATION PROGRAM ACCOUNT,301,NS,NS
1244,FY-2025,A-0254,L-1252,OTHER SERVICES FROM NON-FEDERAL SOURCES,01,2000000.00,2000000.00,2000000.00,0.00,0.00,0.00,0.00,0.00,0.00,0.00,0.00,0.00,A-068-0254,WATER INFRASTRUCTURE FINANCE AND INNOVATION PROGRAM ACCOUNT,301,NS,NS
1245,FY-2025,A-0254,L-1330,INVESTMENTS AND LOANS,01,0.00,0.00,0.00,0.00,0.00,0.00,0.00,0.00,0.00,0.00,0.00,0.00,A-068-0254,WATER INFRASTRUCTURE FINANCE AND INNOVATION PROGRAM ACCOUNT,301,NS,NS
1246,FY-2025,A-0254,L-1410,"GRANTS, SUBSIDIES, AND CONTRIBUTIONS",01,315000000.00,638000000.00,78000000.00,0.00,0.00,0.00,0.00,0.00,0.00,0.00,0.00,0.00,A-068-0254,WATER INFRASTRUCTURE FINANCE AND INNOVATION PROGRAM ACCOUNT,301,NS,NS
1247,FY-2025,A-0254,L-9999,"TOTAL NEW OBLIGATIONS, UNEXPIRED ACCOUNTS",01,328000000.00,654000000.00,94000000.00,0.00,0.00,0.00,0.00,0.00,0.00,0.00,0.00,0.00,A-068-0254,WATER INFRASTRUCTURE FINANCE AND INNOVATION PROGRAM ACCOUNT,301,NS,NS
1248,FY-2025,A-0254,L-1001,DIRECT CIVILIAN FULL-TIME EQUIVALENT EMPLOYMENT,01,35000000.00,40000000.00,40000000.00,0.00,0.00,0.00,0.00,0.00,0.00,0.00,0.00,0.00,A-068-0254,WATER INFRASTRUCTURE FINANCE AND INNOVATION PROGRAM ACCOUNT,301,NS,NS
1249,FY-2025,A-0254,L-200401,BUDGET AUTHORITY,01,367000000.00,632000000.00,80000000.00,0.00,0.00,0.00,0.00,0.00,0.00,0.00,0.00,0.00,A-068-0254,WATER INFRASTRUCTURE FINANCE AND INNOVATION PROGRAM ACCOUNT,301,NS,NS
1250,FY-2025,A-0254,L-200402,OUTLAYS,01,307000000.00,617000000.00,74000000.00,0.00,0.00,0.00,0.00,0.00,0.00,0.00,0.00,0.00,A-068-0254,WATER INFRASTRUCTURE FINANCE AND INNOVATION PROGRAM ACCOUNT,301,NS,NS
1251,FY-2025,A-0254,L-1000,BUDGET YEAR BUDGETARY RESOURCES [TREAS ACCT],01,0.00,0.00,80000000000.00,0.00,0.00,0.00,0.00,0.00,0.00,0.00,0.00,0.00,A-068-0254,WATER INFRASTRUCTURE FINANCE AND INNOVATION PROGRAM ACCOUNT,301,NS,NS
1252,FY-2025,A-4310,L-0801,CORE MISSION,01,44000000.00,53000000.00,44000000.00,0.00,0.00,0.00,0.00,0.00,0.00,0.00,0.00,0.00,A-068-4310,REREGISTRATION AND EXPEDITED PROCESSING REVOLVING FUND,304,NS,NS
1253,FY-2025,A-4310,L-0802,COOPERATIVE FEDERALISM,01,0.00,0.00,0.00,0.00,0.00,0.00,0.00,0.00,0.00,0.00,0.00,0.00,A-068-4310,REREGISTRATION AND EXPEDITED PROCESSING REVOLVING FUND,304,NS,NS
1254,FY-2025,A-4310,L-0803,RULE OF LAW AND PROCESS,01,0.00,0.00,0.00,0.00,0.00,0.00,0.00,0.00,0.00,0.00,0.00,0.00,A-068-4310,REREGISTRATION AND EXPEDITED PROCESSING REVOLVING FUND,304,NS,NS
1255,FY-2025,A-4310,L-0900,"TOTAL NEW OBLIGATIONS, UNEXPIRED ACCOUNTS",01,44000000.00,53000000.00,44000000.00,0.00,0.00,0.00,0.00,0.00,0.00,0.00,0.00,0.00,A-068-4310,REREGISTRATION AND EXPEDITED PROCESSING REVOLVING FUND,304,NS,NS
1256,FY-2025,A-4310,L-1000,"UNOBLIGATED BALANCE BROUGHT FORWARD, OCT 1",01,19000000.00,15000000.00,6000000.00,0.00,0.00,0.00,0.00,0.00,0.00,0.00,0.00,0.00,A-068-4310,REREGISTRATION AND EXPEDITED PROCESSING REVOLVING FUND,304,NS,NS
1257,FY-2025,A-4310,L-1001,"DISCRETIONARY UNOBLIGATED BALANCE BROUGHT FWD, OCT 1",01,0.00,0.00,0.00,0.00,0.00,0.00,0.00,0.00,0.00,0.00,0.00,0.00,A-068-4310,REREGISTRATION AND EXPEDITED PROCESSING REVOLVING FUND,304,NS,DISCRETIONARY
1258,FY-2025,A-4310,L-1021,RECOVERIES OF PRIOR YEAR UNPAID OBLIGATIONS,01,1000000.00,2000000.00,2000000.00,0.00,0.00,0.00,0.00,0.00,0.00,0.00,0.00,0.00,A-068-4310,REREGISTRATION AND EXPEDITED PROCESSING REVOLVING FUND,304,NS,NS
1259,FY-2025,A-4310,L-1070,UNOBLIGATED BALANCE (TOTAL),01,20000000.00,17000000.00,8000000.00,0.00,0.00,0.00,0.00,0.00,0.00,0.00,0.00,0.00,A-068-4310,REREGISTRATION AND EXPEDITED PROCESSING REVOLVING FUND,304,NS,NS
1260,FY-2025,A-4310,L-1260,"APPROPRIATIONS, MANDATORY (TOTAL)",01,0.00,0.00,0.00,0.00,0.00,0.00,0.00,0.00,0.00,0.00,0.00,0.00,A-068-4310,REREGISTRATION AND EXPEDITED PROCESSING REVOLVING FUND,304,NS,MANDATORY
1261,FY-2025,A-4310,L-1800,COLLECTED,01,41000000.00,42000000.00,42000000.00,0.00,0.00,0.00,0.00,0.00,0.00,0.00,0.00,0.00,A-068-4310,REREGISTRATION AND EXPEDITED PROCESSING REVOLVING FUND,304,NS,MANDATORY
1262,FY-2025,A-4310,L-1802,OFFSETTING COLLECTIONS (PREVIOUSLY UNAVAILABLE),01,0.00,2000000.00,2000000.00,0.00,0.00,0.00,0.00,0.00,0.00,0.00,0.00,0.00,A-068-4310,REREGISTRATION AND EXPEDITED PROCESSING REVOLVING FUND,304,NS,MANDATORY
1263,FY-2025,A-4310,L-1823,NEW AND/OR UNOBLIGATED BALANCE OF SPENDING AUTHORITY FROM OFFSETTING COLLECTIONS TEMPORARILY REDUCED,01,-2000000.00,-2000000.00,-2000000.00,0.00,0.00,0.00,0.00,0.00,0.00,0.00,0.00,0.00,A-068-4310,REREGISTRATION AND EXPEDITED PROCESSING REVOLVING FUND,304,NS,MANDATORY
1264,FY-2025,A-4310,L-1850,"SPENDING AUTH FROM OFFSETTING COLLECTIONS, MAND (TOTAL)",01,39000000.00,42000000.00,42000000.00,0.00,0.00,0.00,0.00,0.00,0.00,0.00,0.00,0.00,A-068-4310,REREGISTRATION AND EXPEDITED PROCESSING REVOLVING FUND,304,NS,MANDATORY
1265,FY-2025,A-4310,L-185040,SPENDING AUTHORITY FROM OFFSETTING COLLECTIONS [MAINTENANCE],01,0.00,42000000.00,42000000.00,31000000.00,31000000.00,31000000.00,31000000.00,31000000.00,31000000.00,31000000.00,31000000.00,31000000.00,A-068-4310,REREGISTRATION AND EXPEDITED PROCESSING REVOLVING FUND,304,"MANDATORY, AUTHORIZING COMMITTEE",MANDATORY
1266,FY-2025,A-4310,L-185050,BASELINE PROGRAM [MAINTENANCE],01,0.00,42000000.00,42000000.00,31000000.00,31000000.00,31000000.00,31000000.00,31000000.00,31000000.00,31000000.00,31000000.00,31000000.00,A-068-4310,REREGISTRATION AND EXPEDITED PROCESSING REVOLVING FUND,304,"MANDATORY, AUTHORIZING COMMITTEE",MANDATORY
1267,FY-2025,A-4310,L-185061,NEW AUTHORITY,01,0.00,21000000.00,21000000.00,21000000.00,21000000.00,21000000.00,21000000.00,21000000.00,21000000.00,21000000.00,21000000.00,21000000.00,A-068-4310,REREGISTRATION AND EXPEDITED PROCESSING REVOLVING FUND,304,"MANDATORY, AUTHORIZING COMMITTEE",MANDATORY
1268,FY-2025,A-4310,L-185062,BALANCES (EXCL OF EOY PY BAL),01,0.00,0.00,12000000.00,10000000.00,9000000.00,7000000.00,5000000.00,5000000.00,5000000.00,5000000.00,5000000.00,5000000.00,A-068-4310,REREGISTRATION AND EXPEDITED PROCESSING REVOLVING FUND,304,"MANDATORY, AUTHORIZING COMMITTEE",MANDATORY
1269,FY-2025,A-4310,L-185063,END OF PY BALANCES,01,0.00,14000000.00,0.00,0.00,0.00,0.00,0.00,0.00,0.00,0.00,0.00,0.00,A-068-4310,REREGISTRATION AND EXPEDITED PROCESSING REVOLVING FUND,304,"MANDATORY, AUTHORIZING COMMITTEE",MANDATORY
1270,FY-2025,A-4310,L-185081,NEW AUTHORITY,01,0.00,21000000.00,21000000.00,21000000.00,21000000.00,21000000.00,21000000.00,21000000.00,21000000.00,21000000.00,21000000.00,21000000.00,A-068-4310,REREGISTRATION AND EXPEDITED PROCESSING REVOLVING FUND,304,"MANDATORY, AUTHORIZING COMMITTEE",MANDATORY
1271,FY-2025,A-4310,L-185082,BALANCES (EXCL OF EOY PY BAL),01,0.00,0.00,12000000.00,10000000.00,9000000.00,7000000.00,5000000.00,5000000.00,5000000.00,5000000.00,5000000.00,5000000.00,A-068-4310,REREGISTRATION AND EXPEDITED PROCESSING REVOLVING FUND,304,"MANDATORY, AUTHORIZING COMMITTEE",MANDATORY
1272,FY-2025,A-4310,L-185083,END OF PY BALANCES,01,0.00,14000000.00,0.00,0.00,0.00,0.00,0.00,0.00,0.00,0.00,0.00,0.00,A-068-4310,REREGISTRATION AND EXPEDITED PROCESSING REVOLVING FUND,304,"MANDATORY, AUTHORIZING COMMITTEE",MANDATORY
1273,FY-2025,A-4310,L-185040,SPENDING AUTHORITY FROM OFFSETTING COLLECTIONS [POP UP],02,0.00,-2000000.00,-2000000.00,-2000000.00,-2000000.00,-2000000.00,-2000000.00,-2000000.00,-2000000.00,0.00,0.00,0.00,A-068-4310,REREGISTRATION AND EXPEDITED PROCESSING REVOLVING FUND,304,"MANDATORY, SEQUESTRATION REDUCTION, AUTHORIZING COMMITTEE",MANDATORY
1274,FY-2025,A-4310,L-185050,SPENDING AUTHORITY FROM OFFSETTING COLLECTIONS [POP UP],02,0.00,-2000000.00,-2000000.00,-2000000.00,-2000000.00,-2000000.00,-2000000.00,-2000000.00,-2000000.00,0.00,0.00,0.00,A-068-4310,REREGISTRATION AND EXPEDITED PROCESSING REVOLVING FUND,304,"MANDATORY, SEQUESTRATION REDUCTION, AUTHORIZING COMMITTEE",MANDATORY
1275,FY-2025,A-4310,L-185061,NEW AUTHORITY,02,0.00,-2000000.00,-2000000.00,-2000000.00,-2000000.00,-2000000.00,-2000000.00,-2000000.00,-2000000.00,0.00,0.00,0.00,A-068-4310,REREGISTRATION AND EXPEDITED PROCESSING REVOLVING FUND,304,"MANDATORY, SEQUESTRATION REDUCTION, AUTHORIZING COMMITTEE",MANDATORY
1276,FY-2025,A-4310,L-185062,BALANCES (EXCL OF EOY PY BAL),02,0.00,0.00,0.00,0.00,0.00,0.00,0.00,0.00,0.00,0.00,0.00,0.00,A-068-4310,REREGISTRATION AND EXPEDITED PROCESSING REVOLVING FUND,304,"MANDATORY, SEQUESTRATION REDUCTION, AUTHORIZING COMMITTEE",MANDATORY
1277,FY-2025,A-4310,L-185063,END OF PY BALANCES,02,0.00,0.00,0.00,0.00,0.00,0.00,0.00,0.00,0.00,0.00,0.00,0.00,A-068-4310,REREGISTRATION AND EXPEDITED PROCESSING REVOLVING FUND,304,"MANDATORY, SEQUESTRATION REDUCTION, AUTHORIZING COMMITTEE",MANDATORY
1278,FY-2025,A-4310,L-185081,NEW AUTHORITY,02,0.00,-2000000.00,-2000000.00,-2000000.00,-2000000.00,-2000000.00,-2000000.00,-2000000.00,-2000000.00,0.00,0.00,0.00,A-068-4310,REREGISTRATION AND EXPEDITED PROCESSING REVOLVING FUND,304,"MANDATORY, SEQUESTRATION REDUCTION, AUTHORIZING COMMITTEE",MANDATORY
1279,FY-2025,A-4310,L-185082,BALANCES (EXCL OF EOY PY BAL),02,0.00,0.00,0.00,0.00,0.00,0.00,0.00,0.00,0.00,0.00,0.00,0.00,A-068-4310,REREGISTRATION AND EXPEDITED PROCESSING REVOLVING FUND,304,"MANDATORY, SEQUESTRATION REDUCTION, AUTHORIZING COMMITTEE",MANDATORY
1280,FY-2025,A-4310,L-185083,END OF PY BALANCES,02,0.00,0.00,0.00,0.00,0.00,0.00,0.00,0.00,0.00,0.00,0.00,0.00,A-068-4310,REREGISTRATION AND EXPEDITED PROCESSING REVOLVING FUND,304,"MANDATORY, SEQUESTRATION REDUCTION, AUTHORIZING COMMITTEE",MANDATORY
1281,FY-2025,A-4310,L-185040,SPENDING AUTHORITY FROM OFFSETTING COLLECTIONS [POP-UP],03,39000000.00,2000000.00,2000000.00,2000000.00,2000000.00,2000000.00,2000000.00,2000000.00,2000000.00,2000000.00,0.00,0.00,A-068-4310,REREGISTRATION AND EXPEDITED PROCESSING REVOLVING FUND,304,"MANDATORY, SEQUESTRATION POP-UP, AUTHORIZING COMMITTEE",MANDATORY
1282,FY-2025,A-4310,L-185050,BASELINE PROGRAM [POP-UP],03,39000000.00,2000000.00,2000000.00,2000000.00,2000000.00,2000000.00,2000000.00,2000000.00,2000000.00,2000000.00,0.00,0.00,A-068-4310,REREGISTRATION AND EXPEDITED PROCESSING REVOLVING FUND,304,"MANDATORY, SEQUESTRATION POP-UP, AUTHORIZING COMMITTEE",MANDATORY
1283,FY-2025,A-4310,L-185061,NEW AUTHORITY,03,32000000.00,2000000.00,2000000.00,2000000.00,2000000.00,2000000.00,2000000.00,2000000.00,2000000.00,2000000.00,0.00,0.00,A-068-4310,REREGISTRATION AND EXPEDITED PROCESSING REVOLVING FUND,304,"MANDATORY, SEQUESTRATION POP-UP, AUTHORIZING COMMITTEE",MANDATORY
1284,FY-2025,A-4310,L-185062,BALANCES (EXCL OF EOY PY BAL),03,9000000.00,0.00,0.00,0.00,0.00,0.00,0.00,0.00,0.00,0.00,0.00,0.00,A-068-4310,REREGISTRATION AND EXPEDITED PROCESSING REVOLVING FUND,304,"MANDATORY, SEQUESTRATION POP-UP, AUTHORIZING COMMITTEE",MANDATORY
1285,FY-2025,A-4310,L-185063,END OF PY BALANCES,03,0.00,0.00,0.00,0.00,0.00,0.00,0.00,0.00,0.00,0.00,0.00,0.00,A-068-4310,REREGISTRATION AND EXPEDITED PROCESSING REVOLVING FUND,304,"MANDATORY, SEQUESTRATION POP-UP, AUTHORIZING COMMITTEE",MANDATORY
1286,FY-2025,A-4310,L-185081,NEW AUTHORITY,03,32000000.00,2000000.00,2000000.00,2000000.00,2000000.00,2000000.00,2000000.00,2000000.00,2000000.00,2000000.00,0.00,0.00,A-068-4310,REREGISTRATION AND EXPEDITED PROCESSING REVOLVING FUND,304,"MANDATORY, SEQUESTRATION POP-UP, AUTHORIZING COMMITTEE",MANDATORY
1287,FY-2025,A-4310,L-185082,BALANCES (EXCL OF EOY PY BAL),03,9000000.00,0.00,0.00,0.00,0.00,0.00,0.00,0.00,0.00,0.00,0.00,0.00,A-068-4310,REREGISTRATION AND EXPEDITED PROCESSING REVOLVING FUND,304,"MANDATORY, SEQUESTRATION POP-UP, AUTHORIZING COMMITTEE",MANDATORY
1288,FY-2025,A-4310,L-185083,END OF PY BALANCES,03,0.00,0.00,0.00,0.00,0.00,0.00,0.00,0.00,0.00,0.00,0.00,0.00,A-068-4310,REREGISTRATION AND EXPEDITED PROCESSING REVOLVING FUND,304,"MANDATORY, SEQUESTRATION POP-UP, AUTHORIZING COMMITTEE",MANDATORY
1289,FY-2025,A-4310,L-1900,BUDGET AUTHORITY (TOTAL),01,39000000.00,42000000.00,42000000.00,0.00,0.00,0.00,0.00,0.00,0.00,0.00,0.00,0.00,A-068-4310,REREGISTRATION AND EXPEDITED PROCESSING REVOLVING FUND,304,NS,NS
1290,FY-2025,A-4310,L-1930,TOTAL BUDGETARY RESOURCES AVAILABLE,01,59000000.00,59000000.00,50000000.00,0.00,0.00,0.00,0.00,0.00,0.00,0.00,0.00,0.00,A-068-4310,REREGISTRATION AND EXPEDITED PROCESSING REVOLVING FUND,304,NS,NS
1291,FY-2025,A-4310,L-1941,"UNEXPIRED UNOBLIGATED BALANCE, END OF YEAR",01,15000000.00,6000000.00,6000000.00,0.00,0.00,0.00,0.00,0.00,0.00,0.00,0.00,0.00,A-068-4310,REREGISTRATION AND EXPEDITED PROCESSING REVOLVING FUND,304,NS,NS
1292,FY-2025,A-4310,L-3000,"UNPAID OBLIGATIONS, BROUGHT FORWARD, OCT 1",01,12000000.00,14000000.00,30000000.00,0.00,0.00,0.00,0.00,0.00,0.00,0.00,0.00,0.00,A-068-4310,REREGISTRATION AND EXPEDITED PROCESSING REVOLVING FUND,304,NS,NS
1293,FY-2025,A-4310,L-3010,"NEW OBLIGATIONS, UNEXPIRED ACCOUNTS",01,44000000.00,53000000.00,44000000.00,0.00,0.00,0.00,0.00,0.00,0.00,0.00,0.00,0.00,A-068-4310,REREGISTRATION AND EXPEDITED PROCESSING REVOLVING FUND,304,NS,NS
1294,FY-2025,A-4310,L-3020,OUTLAYS (GROSS),01,-41000000.00,-35000000.00,-33000000.00,0.00,0.00,0.00,0.00,0.00,0.00,0.00,0.00,0.00,A-068-4310,REREGISTRATION AND EXPEDITED PROCESSING REVOLVING FUND,304,NS,NS
1295,FY-2025,A-4310,L-3040,"RECOVERIES OF PRIOR YEAR UNPAID OBLIGATIONS, UNEXPIRED",01,-1000000.00,-2000000.00,-2000000.00,0.00,0.00,0.00,0.00,0.00,0.00,0.00,0.00,0.00,A-068-4310,REREGISTRATION AND EXPEDITED PROCESSING REVOLVING FUND,304,NS,NS
1296,FY-2025,A-4310,L-3050,"UNPAID OBLIGATIONS, END OF YEAR",01,14000000.00,30000000.00,39000000.00,0.00,0.00,0.00,0.00,0.00,0.00,0.00,0.00,0.00,A-068-4310,REREGISTRATION AND EXPEDITED PROCESSING REVOLVING FUND,304,NS,NS
1297,FY-2025,A-4310,L-3100,"OBLIGATED BALANCE, START OF YEAR",01,12000000.00,14000000.00,30000000.00,0.00,0.00,0.00,0.00,0.00,0.00,0.00,0.00,0.00,A-068-4310,REREGISTRATION AND EXPEDITED PROCESSING REVOLVING FUND,304,NS,NS
1298,FY-2025,A-4310,L-3200,"OBLIGATED BALANCE, END OF YEAR",01,14000000.00,30000000.00,39000000.00,0.00,0.00,0.00,0.00,0.00,0.00,0.00,0.00,0.00,A-068-4310,REREGISTRATION AND EXPEDITED PROCESSING REVOLVING FUND,304,NS,NS
1299,FY-2025,A-4310,L-4090,"BUDGET AUTHORITY, GROSS",01,39000000.00,42000000.00,42000000.00,0.00,0.00,0.00,0.00,0.00,0.00,0.00,0.00,0.00,A-068-4310,REREGISTRATION AND EXPEDITED PROCESSING REVOLVING FUND,304,NS,MANDATORY
1300,FY-2025,A-4310,L-4100,OUTLAYS FROM NEW MANDATORY AUTHORITY,01,32000000.00,21000000.00,21000000.00,0.00,0.00,0.00,0.00,0.00,0.00,0.00,0.00,0.00,A-068-4310,REREGISTRATION AND EXPEDITED PROCESSING REVOLVING FUND,304,NS,MANDATORY
1301,FY-2025,A-4310,L-4101,OUTLAYS FROM MANDATORY BALANCES,01,9000000.00,14000000.00,12000000.00,0.00,0.00,0.00,0.00,0.00,0.00,0.00,0.00,0.00,A-068-4310,REREGISTRATION AND EXPEDITED PROCESSING REVOLVING FUND,304,NS,MANDATORY
1302,FY-2025,A-4310,L-4110,"OUTLAYS, GROSS (TOTAL)",01,41000000.00,35000000.00,33000000.00,0.00,0.00,0.00,0.00,0.00,0.00,0.00,0.00,0.00,A-068-4310,REREGISTRATION AND EXPEDITED PROCESSING REVOLVING FUND,304,NS,MANDATORY
1303,FY-2025,A-4310,L-4120,FEDERAL SOURCES,01,0.00,0.00,0.00,0.00,0.00,0.00,0.00,0.00,0.00,0.00,0.00,0.00,A-068-4310,REREGISTRATION AND EXPEDITED PROCESSING REVOLVING FUND,304,NS,MANDATORY
1304,FY-2025,A-4310,L-412041,POLICY PROGRAM [TEXT],01,0.00,0.00,0.00,0.00,0.00,0.00,0.00,0.00,0.00,0.00,0.00,0.00,A-068-4310,REREGISTRATION AND EXPEDITED PROCESSING REVOLVING FUND,304,"MANDATORY, AUTHORIZING COMMITTEE",MANDATORY
1305,FY-2025,A-4310,L-412071,BASELINE PROGRAM [TEXT],01,0.00,0.00,0.00,0.00,0.00,0.00,0.00,0.00,0.00,0.00,0.00,0.00,A-068-4310,REREGISTRATION AND EXPEDITED PROCESSING REVOLVING FUND,304,"MANDATORY, AUTHORIZING COMMITTEE",MANDATORY
1306,FY-2025,A-4310,L-4121,INTEREST ON FEDERAL SECURITIES,01,-1000000.00,0.00,0.00,0.00,0.00,0.00,0.00,0.00,0.00,0.00,0.00,0.00,A-068-4310,REREGISTRATION AND EXPEDITED PROCESSING REVOLVING FUND,304,NS,MANDATORY
1307,FY-2025,A-4310,L-412141,POLICY PROGRAM [TEXT],01,-1000000.00,0.00,0.00,-1000000.00,-1000000.00,-1000000.00,-1000000.00,-1000000.00,-1000000.00,-1000000.00,-1000000.00,-1000000.00,A-068-4310,REREGISTRATION AND EXPEDITED PROCESSING REVOLVING FUND,304,"MANDATORY, AUTHORIZING COMMITTEE",MANDATORY
1308,FY-2025,A-4310,L-412171,BASELINE PROGRAM [TEXT],01,-1000000.00,0.00,0.00,-1000000.00,-1000000.00,-1000000.00,-1000000.00,-1000000.00,-1000000.00,-1000000.00,-1000000.00,-1000000.00,A-068-4310,REREGISTRATION AND EXPEDITED PROCESSING REVOLVING FUND,304,"MANDATORY, AUTHORIZING COMMITTEE",MANDATORY
1309,FY-2025,A-4310,L-4123,NON-FEDERAL SOURCES,01,-40000000.00,-42000000.00,-42000000.00,0.00,0.00,0.00,0.00,0.00,0.00,0.00,0.00,0.00,A-068-4310,REREGISTRATION AND EXPEDITED PROCESSING REVOLVING FUND,304,NS,MANDATORY
1310,FY-2025,A-4310,L-412341,POLICY PROGRAM [TEXT],01,-40000000.00,-42000000.00,-42000000.00,-31000000.00,-31000000.00,-31000000.00,-31000000.00,-31000000.00,-31000000.00,-31000000.00,-31000000.00,-31000000.00,A-068-4310,REREGISTRATION AND EXPEDITED PROCESSING REVOLVING FUND,304,"MANDATORY, AUTHORIZING COMMITTEE",MANDATORY
1311,FY-2025,A-4310,L-412371,BASELINE PROGRAM [TEXT],01,-40000000.00,-42000000.00,-42000000.00,-31000000.00,-31000000.00,-31000000.00,-31000000.00,-31000000.00,-31000000.00,-31000000.00,-31000000.00,-31000000.00,A-068-4310,REREGISTRATION AND EXPEDITED PROCESSING REVOLVING FUND,304,"MANDATORY, AUTHORIZING COMMITTEE",MANDATORY
1312,FY-2025,A-4310,L-4130,OFFSETS AGAINST GROSS BUDGET AUTHORITY AND OUTLAYS (TOTAL),01,-41000000.00,-42000000.00,-42000000.00,0.00,0.00,0.00,0.00,0.00,0.00,0.00,0.00,0.00,A-068-4310,REREGISTRATION AND EXPEDITED PROCESSING REVOLVING FUND,304,NS,MANDATORY
1313,FY-2025,A-4310,L-4160,"BUDGET AUTHORITY, NET (MANDATORY)",01,-2000000.00,0.00,0.00,0.00,0.00,0.00,0.00,0.00,0.00,0.00,0.00,0.00,A-068-4310,REREGISTRATION AND EXPEDITED PROCESSING REVOLVING FUND,304,NS,MANDATORY
1314,FY-2025,A-4310,L-4170,"OUTLAYS, NET (MANDATORY)",01,0.00,-7000000.00,-9000000.00,0.00,0.00,0.00,0.00,0.00,0.00,0.00,0.00,0.00,A-068-4310,REREGISTRATION AND EXPEDITED PROCESSING REVOLVING FUND,304,NS,MANDATORY
1315,FY-2025,A-4310,L-4180,"BUDGET AUTHORITY, NET (TOTAL)",01,-2000000.00,0.00,0.00,0.00,0.00,0.00,0.00,0.00,0.00,0.00,0.00,0.00,A-068-4310,REREGISTRATION AND EXPEDITED PROCESSING REVOLVING FUND,304,NS,NS
1316,FY-2025,A-4310,L-4190,"OUTLAYS, NET (TOTAL)",01,0.00,-7000000.00,-9000000.00,0.00,0.00,0.00,0.00,0.00,0.00,0.00,0.00,0.00,A-068-4310,REREGISTRATION AND EXPEDITED PROCESSING REVOLVING FUND,304,NS,NS
1317,FY-2025,A-4310,L-5090,"UNEXPIRED UNAVAILABLE BALANCE, SOY: OFFSETTING COLLECTIONS",01,2000000.00,4000000.00,4000000.00,0.00,0.00,0.00,0.00,0.00,0.00,0.00,0.00,0.00,A-068-4310,REREGISTRATION AND EXPEDITED PROCESSING REVOLVING FUND,304,NS,NS
1318,FY-2025,A-4310,L-5092,"UNEXPIRED UNAVAILABLE BALANCE, EOY: OFFSETTING COLLECTIONS",01,4000000.00,4000000.00,4000000.00,0.00,0.00,0.00,0.00,0.00,0.00,0.00,0.00,0.00,A-068-4310,REREGISTRATION AND EXPEDITED PROCESSING REVOLVING FUND,304,NS,NS
1319,FY-2025,A-4310,L-5096,"UNEXPIRED UNAVAILABLE BALANCE, SOY: APPROPRIATIONS",01,0.00,0.00,0.00,0.00,0.00,0.00,0.00,0.00,0.00,0.00,0.00,0.00,A-068-4310,REREGISTRATION AND EXPEDITED PROCESSING REVOLVING FUND,304,NS,NS
1320,FY-2025,A-4310,L-5098,"UNEXPIRED UNAVAILABLE BALANCE, EOY: APPROPRIATIONS",01,0.00,0.00,0.00,0.00,0.00,0.00,0.00,0.00,0.00,0.00,0.00,0.00,A-068-4310,REREGISTRATION AND EXPEDITED PROCESSING REVOLVING FUND,304,NS,NS
1321,FY-2025,A-4310,L-5311,"DIRECT UNOBLIGATED BALANCE, START OF YEAR",01,0.00,2000000.00,0.00,0.00,0.00,0.00,0.00,0.00,0.00,0.00,0.00,0.00,A-068-4310,REREGISTRATION AND EXPEDITED PROCESSING REVOLVING FUND,304,NS,NS
1322,FY-2025,A-4310,L-5312,"REIMBURSABLE UNOBLIGATED BALANCE, START OF YEAR",01,19000000.00,13000000.00,0.00,0.00,0.00,0.00,0.00,0.00,0.00,0.00,0.00,0.00,A-068-4310,REREGISTRATION AND EXPEDITED PROCESSING REVOLVING FUND,304,NS,NS
1323,FY-2025,A-4310,L-5313,"DISCRETIONARY UNOBLIGATED BALANCE, START OF YEAR",01,0.00,2000000.00,0.00,0.00,0.00,0.00,0.00,0.00,0.00,0.00,0.00,0.00,A-068-4310,REREGISTRATION AND EXPEDITED PROCESSING REVOLVING FUND,304,NS,DISCRETIONARY
1324,FY-2025,A-4310,L-5314,"MANDATORY UNOBLIGATED BALANCE, START OF YEAR",01,19000000.00,13000000.00,0.00,0.00,0.00,0.00,0.00,0.00,0.00,0.00,0.00,0.00,A-068-4310,REREGISTRATION AND EXPEDITED PROCESSING REVOLVING FUND,304,NS,MANDATORY
1325,FY-2025,A-4310,L-5321,"DIRECT UNOBLIGATED BALANCE, END OF YEAR",01,2000000.00,0.00,0.00,0.00,0.00,0.00,0.00,0.00,0.00,0.00,0.00,0.00,A-068-4310,REREGISTRATION AND EXPEDITED PROCESSING REVOLVING FUND,304,NS,NS
1326,FY-2025,A-4310,L-5322,"REIMBURSABLE UNOBLIGATED BALANCE, END OF YEAR",01,13000000.00,0.00,0.00,0.00,0.00,0.00,0.00,0.00,0.00,0.00,0.00,0.00,A-068-4310,REREGISTRATION AND EXPEDITED PROCESSING REVOLVING FUND,304,NS,NS
1327,FY-2025,A-4310,L-5323,"DISCRETIONARY UNOBLIGATED BALANCE, END OF YEAR",01,2000000.00,0.00,0.00,0.00,0.00,0.00,0.00,0.00,0.00,0.00,0.00,0.00,A-068-4310,REREGISTRATION AND EXPEDITED PROCESSING REVOLVING FUND,304,NS,DISCRETIONARY
1328,FY-2025,A-4310,L-5324,"MANDATORY UNOBLIGATED BALANCE, END OF YEAR",01,13000000.00,0.00,0.00,0.00,0.00,0.00,0.00,0.00,0.00,0.00,0.00,0.00,A-068-4310,REREGISTRATION AND EXPEDITED PROCESSING REVOLVING FUND,304,NS,MANDATORY
1329,FY-2025,A-4310,L-5331,"DIRECT OBLIGATED BALANCE, START OF YEAR",01,0.00,-2000000.00,0.00,0.00,0.00,0.00,0.00,0.00,0.00,0.00,0.00,0.00,A-068-4310,REREGISTRATION AND EXPEDITED PROCESSING REVOLVING FUND,304,NS,NS
1330,FY-2025,A-4310,L-5332,"REIMBURSABLE OBLIGATED BALANCE, START OF YEAR",01,12000000.00,16000000.00,0.00,0.00,0.00,0.00,0.00,0.00,0.00,0.00,0.00,0.00,A-068-4310,REREGISTRATION AND EXPEDITED PROCESSING REVOLVING FUND,304,NS,NS
1331,FY-2025,A-4310,L-5333,"DISCRETIONARY OBLIGATED BALANCE, START OF YEAR",01,0.00,-2000000.00,0.00,0.00,0.00,0.00,0.00,0.00,0.00,0.00,0.00,0.00,A-068-4310,REREGISTRATION AND EXPEDITED PROCESSING REVOLVING FUND,304,NS,DISCRETIONARY
1332,FY-2025,A-4310,L-5334,"MANDATORY OBLIGATED BALANCE, START OF YEAR",01,12000000.00,16000000.00,0.00,0.00,0.00,0.00,0.00,0.00,0.00,0.00,0.00,0.00,A-068-4310,REREGISTRATION AND EXPEDITED PROCESSING REVOLVING FUND,304,NS,MANDATORY
1333,FY-2025,A-4310,L-5341,"DIRECT OBLIGATED BALANCE, END OF YEAR",01,-2000000.00,0.00,0.00,0.00,0.00,0.00,0.00,0.00,0.00,0.00,0.00,0.00,A-068-4310,REREGISTRATION AND EXPEDITED PROCESSING REVOLVING FUND,304,NS,NS
1334,FY-2025,A-4310,L-5342,"REIMBURSABLE OBLIGATED BALANCE, END OF YEAR",01,16000000.00,0.00,0.00,0.00,0.00,0.00,0.00,0.00,0.00,0.00,0.00,0.00,A-068-4310,REREGISTRATION AND EXPEDITED PROCESSING REVOLVING FUND,304,NS,NS
1335,FY-2025,A-4310,L-5343,"DISCRETIONARY OBLIGATED BALANCE, END OF YEAR",01,-2000000.00,0.00,0.00,0.00,0.00,0.00,0.00,0.00,0.00,0.00,0.00,0.00,A-068-4310,REREGISTRATION AND EXPEDITED PROCESSING REVOLVING FUND,304,NS,DISCRETIONARY
1336,FY-2025,A-4310,L-5344,"MANDATORY OBLIGATED BALANCE, END OF YEAR",01,16000000.00,0.00,0.00,0.00,0.00,0.00,0.00,0.00,0.00,0.00,0.00,0.00,A-068-4310,REREGISTRATION AND EXPEDITED PROCESSING REVOLVING FUND,304,NS,MANDATORY
1337,FY-2025,A-4310,L-2111,FULL-TIME PERMANENT,01,17000000.00,21000000.00,17000000.00,0.00,0.00,0.00,0.00,0.00,0.00,0.00,0.00,0.00,A-068-4310,REREGISTRATION AND EXPEDITED PROCESSING REVOLVING FUND,304,NS,NS
1338,FY-2025,A-4310,L-2113,OTHER THAN FULL-TIME PERMANENT,01,0.00,0.00,0.00,0.00,0.00,0.00,0.00,0.00,0.00,0.00,0.00,0.00,A-068-4310,REREGISTRATION AND EXPEDITED PROCESSING REVOLVING FUND,304,NS,NS
1339,FY-2025,A-4310,L-2119,TOTAL PERSONNEL COMPENSATION,01,17000000.00,21000000.00,17000000.00,0.00,0.00,0.00,0.00,0.00,0.00,0.00,0.00,0.00,A-068-4310,REREGISTRATION AND EXPEDITED PROCESSING REVOLVING FUND,304,NS,NS
1340,FY-2025,A-4310,L-2121,CIVILIAN PERSONNEL BENEFITS,01,6000000.00,7000000.00,6000000.00,0.00,0.00,0.00,0.00,0.00,0.00,0.00,0.00,0.00,A-068-4310,REREGISTRATION AND EXPEDITED PROCESSING REVOLVING FUND,304,NS,NS
1341,FY-2025,A-4310,L-2210,TRAVEL AND TRANSPORTATION OF PERSONS,01,1000000.00,1000000.00,1000000.00,0.00,0.00,0.00,0.00,0.00,0.00,0.00,0.00,0.00,A-068-4310,REREGISTRATION AND EXPEDITED PROCESSING REVOLVING FUND,304,NS,NS
1342,FY-2025,A-4310,L-2231,RENTAL PAYMENTS TO GSA,01,2000000.00,3000000.00,2000000.00,0.00,0.00,0.00,0.00,0.00,0.00,0.00,0.00,0.00,A-068-4310,REREGISTRATION AND EXPEDITED PROCESSING REVOLVING FUND,304,NS,NS
1343,FY-2025,A-4310,L-2251,ADVISORY AND ASSISTANCE SERVICES,01,5000000.00,6000000.00,5000000.00,0.00,0.00,0.00,0.00,0.00,0.00,0.00,0.00,0.00,A-068-4310,REREGISTRATION AND EXPEDITED PROCESSING REVOLVING FUND,304,NS,NS
1344,FY-2025,A-4310,L-2252,OTHER SERVICES FROM NON-FEDERAL SOURCES,01,10000000.00,12000000.00,10000000.00,0.00,0.00,0.00,0.00,0.00,0.00,0.00,0.00,0.00,A-068-4310,REREGISTRATION AND EXPEDITED PROCESSING REVOLVING FUND,304,NS,NS
1345,FY-2025,A-4310,L-2253,OTHER GOODS AND SERVICES FROM FEDERAL SOURCES,01,1000000.00,1000000.00,1000000.00,0.00,0.00,0.00,0.00,0.00,0.00,0.00,0.00,0.00,A-068-4310,REREGISTRATION AND EXPEDITED PROCESSING REVOLVING FUND,304,NS,NS
1346,FY-2025,A-4310,L-2257,OPERATION AND MAINTENANCE OF EQUIPMENT,01,0.00,0.00,0.00,0.00,0.00,0.00,0.00,0.00,0.00,0.00,0.00,0.00,A-068-4310,REREGISTRATION AND EXPEDITED PROCESSING REVOLVING FUND,304,NS,NS
1347,FY-2025,A-4310,L-2310,EQUIPMENT,01,0.00,0.00,0.00,0.00,0.00,0.00,0.00,0.00,0.00,0.00,0.00,0.00,A-068-4310,REREGISTRATION AND EXPEDITED PROCESSING REVOLVING FUND,304,NS,NS
1348,FY-2025,A-4310,L-2410,"GRANTS, SUBSIDIES, AND CONTRIBUTIONS",01,2000000.00,2000000.00,2000000.00,0.00,0.00,0.00,0.00,0.00,0.00,0.00,0.00,0.00,A-068-4310,REREGISTRATION AND EXPEDITED PROCESSING REVOLVING FUND,304,NS,NS
1349,FY-2025,A-4310,L-9999,"TOTAL NEW OBLIGATIONS, UNEXPIRED ACCOUNTS",01,44000000.00,53000000.00,44000000.00,0.00,0.00,0.00,0.00,0.00,0.00,0.00,0.00,0.00,A-068-4310,REREGISTRATION AND EXPEDITED PROCESSING REVOLVING FUND,304,NS,NS
1350,FY-2025,A-4310,L-1001,DIRECT CIVILIAN FULL-TIME EQUIVALENT EMPLOYMENT,01,137000000.00,138000000.00,138000000.00,0.00,0.00,0.00,0.00,0.00,0.00,0.00,0.00,0.00,A-068-4310,REREGISTRATION AND EXPEDITED PROCESSING REVOLVING FUND,304,NS,NS
1351,FY-2025,A-4310,L-200401,BUDGET AUTHORITY,01,-2000000.00,0.00,0.00,0.00,0.00,0.00,0.00,0.00,0.00,0.00,0.00,0.00,A-068-4310,REREGISTRATION AND EXPEDITED PROCESSING REVOLVING FUND,304,NS,NS
1352,FY-2025,A-4310,L-200402,OUTLAYS,01,0.00,-7000000.00,-9000000.00,0.00,0.00,0.00,0.00,0.00,0.00,0.00,0.00,0.00,A-068-4310,REREGISTRATION AND EXPEDITED PROCESSING REVOLVING FUND,304,NS,NS
1353,FY-2025,A-4330,L-0001,CORE MISSION,01,11000000.00,24000000.00,20000000.00,0.00,0.00,0.00,0.00,0.00,0.00,0.00,0.00,0.00,A-068-4330,HAZARDOUS WASTE ELECTRONIC MANIFEST SYSTEM FUND,304,NS,NS
1354,FY-2025,A-4330,L-0013,LAND PRESERVATION AND RESTORATION,01,0.00,0.00,0.00,0.00,0.00,0.00,0.00,0.00,0.00,0.00,0.00,0.00,A-068-4330,HAZARDOUS WASTE ELECTRONIC MANIFEST SYSTEM FUND,304,NS,NS
1355,FY-2025,A-4330,L-0799,TOTAL DIRECT OBLIGATIONS,01,11000000.00,24000000.00,20000000.00,0.00,0.00,0.00,0.00,0.00,0.00,0.00,0.00,0.00,A-068-4330,HAZARDOUS WASTE ELECTRONIC MANIFEST SYSTEM FUND,304,NS,NS
1356,FY-2025,A-4330,L-0802,REIMBURSABLE PROGRAM ACTIVITY,01,0.00,0.00,0.00,0.00,0.00,0.00,0.00,0.00,0.00,0.00,0.00,0.00,A-068-4330,HAZARDOUS WASTE ELECTRONIC MANIFEST SYSTEM FUND,304,NS,NS
1357,FY-2025,A-4330,L-0900,"TOTAL NEW OBLIGATIONS, UNEXPIRED ACCOUNTS",01,11000000.00,24000000.00,20000000.00,0.00,0.00,0.00,0.00,0.00,0.00,0.00,0.00,0.00,A-068-4330,HAZARDOUS WASTE ELECTRONIC MANIFEST SYSTEM FUND,304,NS,NS
1358,FY-2025,A-4330,L-1000,"UNOBLIGATED BALANCE BROUGHT FORWARD, OCT 1",01,21000000.00,35000000.00,38000000.00,0.00,0.00,0.00,0.00,0.00,0.00,0.00,0.00,0.00,A-068-4330,HAZARDOUS WASTE ELECTRONIC MANIFEST SYSTEM FUND,304,NS,NS
1359,FY-2025,A-4330,L-1070,UNOBLIGATED BALANCE (TOTAL),01,21000000.00,35000000.00,38000000.00,0.00,0.00,0.00,0.00,0.00,0.00,0.00,0.00,0.00,A-068-4330,HAZARDOUS WASTE ELECTRONIC MANIFEST SYSTEM FUND,304,NS,NS
1360,FY-2025,A-4330,L-1700,COLLECTED,01,25000000.00,27000000.00,20000000.00,0.00,0.00,0.00,0.00,0.00,0.00,0.00,0.00,0.00,A-068-4330,HAZARDOUS WASTE ELECTRONIC MANIFEST SYSTEM FUND,304,NS,DISCRETIONARY
1361,FY-2025,A-4330,L-1750,"SPENDING AUTH FROM OFFSETTING COLLECTIONS, DISC (TOTAL)",01,25000000.00,27000000.00,20000000.00,0.00,0.00,0.00,0.00,0.00,0.00,0.00,0.00,0.00,A-068-4330,HAZARDOUS WASTE ELECTRONIC MANIFEST SYSTEM FUND,304,NS,DISCRETIONARY
1362,FY-2025,A-4330,L-175040,SPENDING AUTHORITY FROM OFFSETTING COLLECTIONS [TEXT],01,25000000.00,27000000.00,20000000.00,20000000.00,21000000.00,21000000.00,22000000.00,22000000.00,23000000.00,23000000.00,24000000.00,25000000.00,A-068-4330,HAZARDOUS WASTE ELECTRONIC MANIFEST SYSTEM FUND,304,"DISCRETIONARY, APPROPRIATIONS COMMITTEE",DISCRETIONARY
1363,FY-2025,A-4330,L-175050,SPENDING AUTHORITY FROM OFFSETTING COLLECTIONS [TEXT],01,25000000.00,27000000.00,20000000.00,26000000.00,26000000.00,26000000.00,26000000.00,26000000.00,26000000.00,26000000.00,26000000.00,26000000.00,A-068-4330,HAZARDOUS WASTE ELECTRONIC MANIFEST SYSTEM FUND,304,"DISCRETIONARY, APPROPRIATIONS COMMITTEE",DISCRETIONARY
1364,FY-2025,A-4330,L-175061,NEW AUTHORITY,01,3000000.00,5000000.00,4000000.00,4000000.00,4000000.00,4000000.00,4000000.00,4000000.00,5000000.00,5000000.00,5000000.00,5000000.00,A-068-4330,HAZARDOUS WASTE ELECTRONIC MANIFEST SYSTEM FUND,304,"DISCRETIONARY, APPROPRIATIONS COMMITTEE",DISCRETIONARY
1365,FY-2025,A-4330,L-175062,BALANCES (EXCL OF EOY PY BAL),01,9000000.00,0.00,3000000.00,5000000.00,9000000.00,14000000.00,18000000.00,16000000.00,17000000.00,17000000.00,18000000.00,18000000.00,A-068-4330,HAZARDOUS WASTE ELECTRONIC MANIFEST SYSTEM FUND,304,"DISCRETIONARY, APPROPRIATIONS COMMITTEE",DISCRETIONARY
1366,FY-2025,A-4330,L-175063,END OF PY BALANCES,01,0.00,17000000.00,3000000.00,5000000.00,5000000.00,5000000.00,0.00,0.00,0.00,0.00,0.00,0.00,A-068-4330,HAZARDOUS WASTE ELECTRONIC MANIFEST SYSTEM FUND,304,"DISCRETIONARY, APPROPRIATIONS COMMITTEE",DISCRETIONARY
1367,FY-2025,A-4330,L-175081,NEW AUTHORITY,01,3000000.00,5000000.00,4000000.00,5000000.00,5000000.00,5000000.00,5000000.00,5000000.00,5000000.00,5000000.00,5000000.00,5000000.00,A-068-4330,HAZARDOUS WASTE ELECTRONIC MANIFEST SYSTEM FUND,304,"DISCRETIONARY, APPROPRIATIONS COMMITTEE",DISCRETIONARY
1368,FY-2025,A-4330,L-175082,BALANCES (EXCL OF EOY PY BAL),01,9000000.00,0.00,3000000.00,5000000.00,10000000.00,15000000.00,20000000.00,20000000.00,21000000.00,21000000.00,21000000.00,21000000.00,A-068-4330,HAZARDOUS WASTE ELECTRONIC MANIFEST SYSTEM FUND,304,"DISCRETIONARY, APPROPRIATIONS COMMITTEE",DISCRETIONARY
1369,FY-2025,A-4330,L-175083,END OF PY BALANCES,01,0.00,17000000.00,3000000.00,5000000.00,5000000.00,5000000.00,0.00,0.00,0.00,0.00,0.00,0.00,A-068-4330,HAZARDOUS WASTE ELECTRONIC MANIFEST SYSTEM FUND,304,"DISCRETIONARY, APPROPRIATIONS COMMITTEE",DISCRETIONARY
1370,FY-2025,A-4330,L-1930,TOTAL BUDGETARY RESOURCES AVAILABLE,01,46000000.00,62000000.00,58000000.00,0.00,0.00,0.00,0.00,0.00,0.00,0.00,0.00,0.00,A-068-4330,HAZARDOUS WASTE ELECTRONIC MANIFEST SYSTEM FUND,304,NS,NS
1371,FY-2025,A-4330,L-1941,"UNEXPIRED UNOBLIGATED BALANCE, END OF YEAR",01,35000000.00,38000000.00,38000000.00,0.00,0.00,0.00,0.00,0.00,0.00,0.00,0.00,0.00,A-068-4330,HAZARDOUS WASTE ELECTRONIC MANIFEST SYSTEM FUND,304,NS,NS
1372,FY-2025,A-4330,L-3000,"UNPAID OBLIGATIONS, BROUGHT FORWARD, OCT 1",01,11000000.00,10000000.00,12000000.00,0.00,0.00,0.00,0.00,0.00,0.00,0.00,0.00,0.00,A-068-4330,HAZARDOUS WASTE ELECTRONIC MANIFEST SYSTEM FUND,304,NS,NS
1373,FY-2025,A-4330,L-3010,"NEW OBLIGATIONS, UNEXPIRED ACCOUNTS",01,11000000.00,24000000.00,20000000.00,0.00,0.00,0.00,0.00,0.00,0.00,0.00,0.00,0.00,A-068-4330,HAZARDOUS WASTE ELECTRONIC MANIFEST SYSTEM FUND,304,NS,NS
1374,FY-2025,A-4330,L-3020,OUTLAYS (GROSS),01,-12000000.00,-22000000.00,-10000000.00,0.00,0.00,0.00,0.00,0.00,0.00,0.00,0.00,0.00,A-068-4330,HAZARDOUS WASTE ELECTRONIC MANIFEST SYSTEM FUND,304,NS,NS
1375,FY-2025,A-4330,L-3050,"UNPAID OBLIGATIONS, END OF YEAR",01,10000000.00,12000000.00,22000000.00,0.00,0.00,0.00,0.00,0.00,0.00,0.00,0.00,0.00,A-068-4330,HAZARDOUS WASTE ELECTRONIC MANIFEST SYSTEM FUND,304,NS,NS
1376,FY-2025,A-4330,L-3100,"OBLIGATED BALANCE, START OF YEAR",01,11000000.00,10000000.00,12000000.00,0.00,0.00,0.00,0.00,0.00,0.00,0.00,0.00,0.00,A-068-4330,HAZARDOUS WASTE ELECTRONIC MANIFEST SYSTEM FUND,304,NS,NS
1377,FY-2025,A-4330,L-3200,"OBLIGATED BALANCE, END OF YEAR",01,10000000.00,12000000.00,22000000.00,0.00,0.00,0.00,0.00,0.00,0.00,0.00,0.00,0.00,A-068-4330,HAZARDOUS WASTE ELECTRONIC MANIFEST SYSTEM FUND,304,NS,NS
1378,FY-2025,A-4330,L-4000,"BUDGET AUTHORITY, GROSS",01,25000000.00,27000000.00,20000000.00,0.00,0.00,0.00,0.00,0.00,0.00,0.00,0.00,0.00,A-068-4330,HAZARDOUS WASTE ELECTRONIC MANIFEST SYSTEM FUND,304,NS,DISCRETIONARY
1379,FY-2025,A-4330,L-4010,OUTLAYS FROM NEW DISCRETIONARY AUTHORITY,01,3000000.00,5000000.00,4000000.00,0.00,0.00,0.00,0.00,0.00,0.00,0.00,0.00,0.00,A-068-4330,HAZARDOUS WASTE ELECTRONIC MANIFEST SYSTEM FUND,304,NS,DISCRETIONARY
1380,FY-2025,A-4330,L-4011,OUTLAYS FROM DISCRETIONARY BALANCES,01,9000000.00,17000000.00,6000000.00,0.00,0.00,0.00,0.00,0.00,0.00,0.00,0.00,0.00,A-068-4330,HAZARDOUS WASTE ELECTRONIC MANIFEST SYSTEM FUND,304,NS,DISCRETIONARY
1381,FY-2025,A-4330,L-4020,"OUTLAYS, GROSS (TOTAL)",01,12000000.00,22000000.00,10000000.00,0.00,0.00,0.00,0.00,0.00,0.00,0.00,0.00,0.00,A-068-4330,HAZARDOUS WASTE ELECTRONIC MANIFEST SYSTEM FUND,304,NS,DISCRETIONARY
1382,FY-2025,A-4330,L-4033,NON-FEDERAL SOURCES,01,-25000000.00,-27000000.00,-20000000.00,0.00,0.00,0.00,0.00,0.00,0.00,0.00,0.00,0.00,A-068-4330,HAZARDOUS WASTE ELECTRONIC MANIFEST SYSTEM FUND,304,NS,DISCRETIONARY
1383,FY-2025,A-4330,L-403341,POLICY PROGRAM [TEXT],01,-25000000.00,-27000000.00,-20000000.00,-20000000.00,-21000000.00,-21000000.00,-22000000.00,-22000000.00,-23000000.00,-23000000.00,-24000000.00,-25000000.00,A-068-4330,HAZARDOUS WASTE ELECTRONIC MANIFEST SYSTEM FUND,304,"DISCRETIONARY, APPROPRIATIONS COMMITTEE",DISCRETIONARY
1384,FY-2025,A-4330,L-403371,BASELINE PROGRAM [TEXT],01,-25000000.00,-27000000.00,-20000000.00,-26000000.00,-26000000.00,-26000000.00,-26000000.00,-26000000.00,-26000000.00,-26000000.00,-26000000.00,-26000000.00,A-068-4330,HAZARDOUS WASTE ELECTRONIC MANIFEST SYSTEM FUND,304,"DISCRETIONARY, APPROPRIATIONS COMMITTEE",DISCRETIONARY
1385,FY-2025,A-4330,L-4070,"BUDGET AUTHORITY, NET (DISCRETIONARY)",01,0.00,0.00,0.00,0.00,0.00,0.00,0.00,0.00,0.00,0.00,0.00,0.00,A-068-4330,HAZARDOUS WASTE ELECTRONIC MANIFEST SYSTEM FUND,304,NS,DISCRETIONARY
1386,FY-2025,A-4330,L-4080,"OUTLAYS, NET (DISCRETIONARY)",01,-13000000.00,-5000000.00,-10000000.00,0.00,0.00,0.00,0.00,0.00,0.00,0.00,0.00,0.00,A-068-4330,HAZARDOUS WASTE ELECTRONIC MANIFEST SYSTEM FUND,304,NS,DISCRETIONARY
1387,FY-2025,A-4330,L-4180,"BUDGET AUTHORITY, NET (TOTAL)",01,0.00,0.00,0.00,0.00,0.00,0.00,0.00,0.00,0.00,0.00,0.00,0.00,A-068-4330,HAZARDOUS WASTE ELECTRONIC MANIFEST SYSTEM FUND,304,NS,NS
1388,FY-2025,A-4330,L-4190,"OUTLAYS, NET (TOTAL)",01,-13000000.00,-5000000.00,-10000000.00,0.00,0.00,0.00,0.00,0.00,0.00,0.00,0.00,0.00,A-068-4330,HAZARDOUS WASTE ELECTRONIC MANIFEST SYSTEM FUND,304,NS,NS
1389,FY-2025,A-4330,L-5311,"DIRECT UNOBLIGATED BALANCE, START OF YEAR",01,21000000.00,35000000.00,0.00,0.00,0.00,0.00,0.00,0.00,0.00,0.00,0.00,0.00,A-068-4330,HAZARDOUS WASTE ELECTRONIC MANIFEST SYSTEM FUND,304,NS,NS
1390,FY-2025,A-4330,L-5313,"DISCRETIONARY UNOBLIGATED BALANCE, START OF YEAR",01,21000000.00,35000000.00,0.00,0.00,0.00,0.00,0.00,0.00,0.00,0.00,0.00,0.00,A-068-4330,HAZARDOUS WASTE ELECTRONIC MANIFEST SYSTEM FUND,304,NS,DISCRETIONARY
1391,FY-2025,A-4330,L-5321,"DIRECT UNOBLIGATED BALANCE, END OF YEAR",01,35000000.00,0.00,0.00,0.00,0.00,0.00,0.00,0.00,0.00,0.00,0.00,0.00,A-068-4330,HAZARDOUS WASTE ELECTRONIC MANIFEST SYSTEM FUND,304,NS,NS
1392,FY-2025,A-4330,L-5323,"DISCRETIONARY UNOBLIGATED BALANCE, END OF YEAR",01,35000000.00,0.00,0.00,0.00,0.00,0.00,0.00,0.00,0.00,0.00,0.00,0.00,A-068-4330,HAZARDOUS WASTE ELECTRONIC MANIFEST SYSTEM FUND,304,NS,DISCRETIONARY
1393,FY-2025,A-4330,L-5331,"DIRECT OBLIGATED BALANCE, START OF YEAR",01,11000000.00,10000000.00,0.00,0.00,0.00,0.00,0.00,0.00,0.00,0.00,0.00,0.00,A-068-4330,HAZARDOUS WASTE ELECTRONIC MANIFEST SYSTEM FUND,304,NS,NS
1394,FY-2025,A-4330,L-5333,"DISCRETIONARY OBLIGATED BALANCE, START OF YEAR",01,11000000.00,10000000.00,0.00,0.00,0.00,0.00,0.00,0.00,0.00,0.00,0.00,0.00,A-068-4330,HAZARDOUS WASTE ELECTRONIC MANIFEST SYSTEM FUND,304,NS,DISCRETIONARY
1395,FY-2025,A-4330,L-5341,"DIRECT OBLIGATED BALANCE, END OF YEAR",01,10000000.00,0.00,0.00,0.00,0.00,0.00,0.00,0.00,0.00,0.00,0.00,0.00,A-068-4330,HAZARDOUS WASTE ELECTRONIC MANIFEST SYSTEM FUND,304,NS,NS
1396,FY-2025,A-4330,L-5343,"DISCRETIONARY OBLIGATED BALANCE, END OF YEAR",01,10000000.00,0.00,0.00,0.00,0.00,0.00,0.00,0.00,0.00,0.00,0.00,0.00,A-068-4330,HAZARDOUS WASTE ELECTRONIC MANIFEST SYSTEM FUND,304,NS,DISCRETIONARY
1397,FY-2025,A-4330,L-1111,FULL-TIME PERMANENT,01,2000000.00,4000000.00,4000000.00,0.00,0.00,0.00,0.00,0.00,0.00,0.00,0.00,0.00,A-068-4330,HAZARDOUS WASTE ELECTRONIC MANIFEST SYSTEM FUND,304,NS,NS
1398,FY-2025,A-4330,L-1121,CIVILIAN PERSONNEL BENEFITS,01,1000000.00,2000000.00,2000000.00,0.00,0.00,0.00,0.00,0.00,0.00,0.00,0.00,0.00,A-068-4330,HAZARDOUS WASTE ELECTRONIC MANIFEST SYSTEM FUND,304,NS,NS
1399,FY-2025,A-4330,L-1251,ADVISORY AND ASSISTANCE SERVICES,01,8000000.00,18000000.00,14000000.00,0.00,0.00,0.00,0.00,0.00,0.00,0.00,0.00,0.00,A-068-4330,HAZARDOUS WASTE ELECTRONIC MANIFEST SYSTEM FUND,304,NS,NS
1400,FY-2025,A-4330,L-1252,OTHER SERVICES FROM NON-FEDERAL SOURCES,01,0.00,0.00,0.00,0.00,0.00,0.00,0.00,0.00,0.00,0.00,0.00,0.00,A-068-4330,HAZARDOUS WASTE ELECTRONIC MANIFEST SYSTEM FUND,304,NS,NS
1401,FY-2025,A-4330,L-1253,OTHER GOODS AND SERVICES FROM FEDERAL SOURCES,01,0.00,0.00,0.00,0.00,0.00,0.00,0.00,0.00,0.00,0.00,0.00,0.00,A-068-4330,HAZARDOUS WASTE ELECTRONIC MANIFEST SYSTEM FUND,304,NS,NS
1402,FY-2025,A-4330,L-1990,"SUBTOTAL, OBLIGATIONS",01,11000000.00,24000000.00,20000000.00,0.00,0.00,0.00,0.00,0.00,0.00,0.00,0.00,0.00,A-068-4330,HAZARDOUS WASTE ELECTRONIC MANIFEST SYSTEM FUND,304,NS,NS
1403,FY-2025,A-4330,L-2111,FULL-TIME PERMANENT,01,0.00,0.00,0.00,0.00,0.00,0.00,0.00,0.00,0.00,0.00,0.00,0.00,A-068-4330,HAZARDOUS WASTE ELECTRONIC MANIFEST SYSTEM FUND,304,NS,NS
1404,FY-2025,A-4330,L-2115,OTHER PERSONNEL COMPENSATION,01,0.00,0.00,0.00,0.00,0.00,0.00,0.00,0.00,0.00,0.00,0.00,0.00,A-068-4330,HAZARDOUS WASTE ELECTRONIC MANIFEST SYSTEM FUND,304,NS,NS
1405,FY-2025,A-4330,L-2119,TOTAL PERSONNEL COMPENSATION,01,0.00,0.00,0.00,0.00,0.00,0.00,0.00,0.00,0.00,0.00,0.00,0.00,A-068-4330,HAZARDOUS WASTE ELECTRONIC MANIFEST SYSTEM FUND,304,NS,NS
1406,FY-2025,A-4330,L-2251,ADVISORY AND ASSISTANCE SERVICES,01,0.00,0.00,0.00,0.00,0.00,0.00,0.00,0.00,0.00,0.00,0.00,0.00,A-068-4330,HAZARDOUS WASTE ELECTRONIC MANIFEST SYSTEM FUND,304,NS,NS
1407,FY-2025,A-4330,L-2252,OTHER SERVICES FROM NON-FEDERAL SOURCES,01,0.00,0.00,0.00,0.00,0.00,0.00,0.00,0.00,0.00,0.00,0.00,0.00,A-068-4330,HAZARDOUS WASTE ELECTRONIC MANIFEST SYSTEM FUND,304,NS,NS
1408,FY-2025,A-4330,L-2253,OTHER GOODS AND SERVICES FROM FEDERAL SOURCES,01,0.00,0.00,0.00,0.00,0.00,0.00,0.00,0.00,0.00,0.00,0.00,0.00,A-068-4330,HAZARDOUS WASTE ELECTRONIC MANIFEST SYSTEM FUND,304,NS,NS
1409,FY-2025,A-4330,L-2990,"SUBTOTAL, OBLIGATIONS",01,0.00,0.00,0.00,0.00,0.00,0.00,0.00,0.00,0.00,0.00,0.00,0.00,A-068-4330,HAZARDOUS WASTE ELECTRONIC MANIFEST SYSTEM FUND,304,NS,NS
1410,FY-2025,A-4330,L-9999,"TOTAL NEW OBLIGATIONS, UNEXPIRED ACCOUNTS",01,11000000.00,24000000.00,20000000.00,0.00,0.00,0.00,0.00,0.00,0.00,0.00,0.00,0.00,A-068-4330,HAZARDOUS WASTE ELECTRONIC MANIFEST SYSTEM FUND,304,NS,NS
1411,FY-2025,A-4330,L-1001,DIRECT CIVILIAN FULL-TIME EQUIVALENT EMPLOYMENT,01,11000000.00,15000000.00,15000000.00,0.00,0.00,0.00,0.00,0.00,0.00,0.00,0.00,0.00,A-068-4330,HAZARDOUS WASTE ELECTRONIC MANIFEST SYSTEM FUND,304,NS,NS
1412,FY-2025,A-4330,L-2001,REIMBURSABLE CIVILIAN FULL-TIME EQUIVALENT EMPLOYMENT,01,0.00,0.00,0.00,0.00,0.00,0.00,0.00,0.00,0.00,0.00,0.00,0.00,A-068-4330,HAZARDOUS WASTE ELECTRONIC MANIFEST SYSTEM FUND,304,NS,NS
1413,FY-2025,A-4330,L-200401,BUDGET AUTHORITY,01,0.00,0.00,0.00,0.00,0.00,0.00,0.00,0.00,0.00,0.00,0.00,0.00,A-068-4330,HAZARDOUS WASTE ELECTRONIC MANIFEST SYSTEM FUND,304,NS,NS
1414,FY-2025,A-4330,L-200402,OUTLAYS,01,-13000000.00,-5000000.00,-10000000.00,0.00,0.00,0.00,0.00,0.00,0.00,0.00,0.00,0.00,A-068-4330,HAZARDOUS WASTE ELECTRONIC MANIFEST SYSTEM FUND,304,NS,NS
1415,FY-2025,A-4330,L-1000,BUDGET YEAR BUDGETARY RESOURCES [TREAS ACCT],01,0.00,0.00,0.00,0.00,0.00,0.00,0.00,0.00,0.00,0.00,0.00,0.00,A-068-4330,HAZARDOUS WASTE ELECTRONIC MANIFEST SYSTEM FUND,304,NS,NS
1416,FY-2025,A-4365,L-0001,CORE MISSION,01,1000000.00,1000000.00,1000000.00,0.00,0.00,0.00,0.00,0.00,0.00,0.00,0.00,0.00,A-068-4365,DAMAGE ASSESSMENT AND RESTORATION REVOLVING FUND,306,NS,NS
1417,FY-2025,A-4365,L-0803,CLEANING UP COMMUNITIES AND ADVANCING SUSTAINABLE DEVELOPMENT,01,0.00,0.00,0.00,0.00,0.00,0.00,0.00,0.00,0.00,0.00,0.00,0.00,A-068-4365,DAMAGE ASSESSMENT AND RESTORATION REVOLVING FUND,306,NS,NS
1418,FY-2025,A-4365,L-0900,"TOTAL NEW OBLIGATIONS, UNEXPIRED ACCOUNTS",01,1000000.00,1000000.00,1000000.00,0.00,0.00,0.00,0.00,0.00,0.00,0.00,0.00,0.00,A-068-4365,DAMAGE ASSESSMENT AND RESTORATION REVOLVING FUND,306,NS,NS
1419,FY-2025,A-4365,L-1000,"UNOBLIGATED BALANCE BROUGHT FORWARD, OCT 1",01,2000000.00,2000000.00,3000000.00,0.00,0.00,0.00,0.00,0.00,0.00,0.00,0.00,0.00,A-068-4365,DAMAGE ASSESSMENT AND RESTORATION REVOLVING FUND,306,NS,NS
1420,FY-2025,A-4365,L-1011,UNOBLIGATED BALANCE TRANSFER FROM OTHER ACCT,01,0.00,0.00,0.00,0.00,0.00,0.00,0.00,0.00,0.00,0.00,0.00,0.00,A-068-4365,DAMAGE ASSESSMENT AND RESTORATION REVOLVING FUND,306,NS,NS
1421,FY-2025,A-4365,L-1070,UNOBLIGATED BALANCE (TOTAL),01,2000000.00,2000000.00,3000000.00,0.00,0.00,0.00,0.00,0.00,0.00,0.00,0.00,0.00,A-068-4365,DAMAGE ASSESSMENT AND RESTORATION REVOLVING FUND,306,NS,NS
1422,FY-2025,A-4365,L-1221,APPROPRIATIONS TRANSFERRED FROM OTHER ACCT [TREAS ACCT],01,1000000.00,2000000.00,2000000.00,0.00,0.00,0.00,0.00,0.00,0.00,0.00,0.00,0.00,A-068-4365,DAMAGE ASSESSMENT AND RESTORATION REVOLVING FUND,306,NS,MANDATORY
1423,FY-2025,A-4365,L-1260,"APPROPRIATIONS, MANDATORY (TOTAL)",01,1000000.00,2000000.00,2000000.00,0.00,0.00,0.00,0.00,0.00,0.00,0.00,0.00,0.00,A-068-4365,DAMAGE ASSESSMENT AND RESTORATION REVOLVING FUND,306,NS,MANDATORY
1424,FY-2025,A-4365,L-126040,APPROPRIATION [TEXT],01,1000000.00,2000000.00,2000000.00,2000000.00,2000000.00,2000000.00,2000000.00,2000000.00,2000000.00,2000000.00,2000000.00,2000000.00,A-068-4365,DAMAGE ASSESSMENT AND RESTORATION REVOLVING FUND,306,"MANDATORY, AUTHORIZING COMMITTEE",MANDATORY
1425,FY-2025,A-4365,L-126050,BASELINE PAY/NON-PAY,01,1000000.00,0.00,0.00,0.00,0.00,0.00,0.00,0.00,0.00,0.00,0.00,0.00,A-068-4365,DAMAGE ASSESSMENT AND RESTORATION REVOLVING FUND,306,"MANDATORY, AUTHORIZING COMMITTEE",MANDATORY
1426,FY-2025,A-4365,L-126050,BASELINE PAY/NON-PAY,01,0.00,2000000.00,2000000.00,2000000.00,2000000.00,2000000.00,2000000.00,2000000.00,2000000.00,2000000.00,2000000.00,2000000.00,A-068-4365,DAMAGE ASSESSMENT AND RESTORATION REVOLVING FUND,306,"MANDATORY, AUTHORIZING COMMITTEE",MANDATORY
1427,FY-2025,A-4365,L-126061,NEW AUTHORITY,01,0.00,0.00,0.00,0.00,0.00,0.00,0.00,0.00,0.00,0.00,0.00,0.00,A-068-4365,DAMAGE ASSESSMENT AND RESTORATION REVOLVING FUND,306,"MANDATORY, AUTHORIZING COMMITTEE",MANDATORY
1428,FY-2025,A-4365,L-126062,BALANCES (EXCL OF EOY PY BAL),01,0.00,0.00,0.00,0.00,0.00,0.00,0.00,0.00,0.00,0.00,0.00,0.00,A-068-4365,DAMAGE ASSESSMENT AND RESTORATION REVOLVING FUND,306,"MANDATORY, AUTHORIZING COMMITTEE",MANDATORY
1429,FY-2025,A-4365,L-126063,END OF PY BALANCES,01,0.00,2000000.00,0.00,0.00,0.00,0.00,0.00,0.00,0.00,0.00,0.00,0.00,A-068-4365,DAMAGE ASSESSMENT AND RESTORATION REVOLVING FUND,306,"MANDATORY, AUTHORIZING COMMITTEE",MANDATORY
1430,FY-2025,A-4365,L-126081,NEW AUTHORITY,01,0.00,0.00,0.00,0.00,0.00,0.00,0.00,0.00,0.00,0.00,0.00,0.00,A-068-4365,DAMAGE ASSESSMENT AND RESTORATION REVOLVING FUND,306,"MANDATORY, AUTHORIZING COMMITTEE",MANDATORY
1431,FY-2025,A-4365,L-126082,BALANCES (EXCL OF EOY PY BAL),01,0.00,0.00,0.00,0.00,0.00,0.00,0.00,0.00,0.00,0.00,0.00,0.00,A-068-4365,DAMAGE ASSESSMENT AND RESTORATION REVOLVING FUND,306,"MANDATORY, AUTHORIZING COMMITTEE",MANDATORY
1432,FY-2025,A-4365,L-126083,END OF PY BALANCES,01,0.00,2000000.00,0.00,0.00,0.00,0.00,0.00,0.00,0.00,0.00,0.00,0.00,A-068-4365,DAMAGE ASSESSMENT AND RESTORATION REVOLVING FUND,306,"MANDATORY, AUTHORIZING COMMITTEE",MANDATORY
1433,FY-2025,A-4365,L-1850,"SPENDING AUTH FROM OFFSETTING COLLECTIONS, MAND (TOTAL)",01,0.00,0.00,0.00,0.00,0.00,0.00,0.00,0.00,0.00,0.00,0.00,0.00,A-068-4365,DAMAGE ASSESSMENT AND RESTORATION REVOLVING FUND,306,NS,MANDATORY
1434,FY-2025,A-4365,L-1900,BUDGET AUTHORITY (TOTAL),01,1000000.00,2000000.00,2000000.00,0.00,0.00,0.00,0.00,0.00,0.00,0.00,0.00,0.00,A-068-4365,DAMAGE ASSESSMENT AND RESTORATION REVOLVING FUND,306,NS,NS
1435,FY-2025,A-4365,L-1930,TOTAL BUDGETARY RESOURCES AVAILABLE,01,3000000.00,4000000.00,5000000.00,0.00,0.00,0.00,0.00,0.00,0.00,0.00,0.00,0.00,A-068-4365,DAMAGE ASSESSMENT AND RESTORATION REVOLVING FUND,306,NS,NS
1436,FY-2025,A-4365,L-1941,"UNEXPIRED UNOBLIGATED BALANCE, END OF YEAR",01,2000000.00,3000000.00,4000000.00,0.00,0.00,0.00,0.00,0.00,0.00,0.00,0.00,0.00,A-068-4365,DAMAGE ASSESSMENT AND RESTORATION REVOLVING FUND,306,NS,NS
1437,FY-2025,A-4365,L-3000,"UNPAID OBLIGATIONS, BROUGHT FORWARD, OCT 1",01,0.00,1000000.00,0.00,0.00,0.00,0.00,0.00,0.00,0.00,0.00,0.00,0.00,A-068-4365,DAMAGE ASSESSMENT AND RESTORATION REVOLVING FUND,306,NS,NS
1438,FY-2025,A-4365,L-3010,"NEW OBLIGATIONS, UNEXPIRED ACCOUNTS",01,1000000.00,1000000.00,1000000.00,0.00,0.00,0.00,0.00,0.00,0.00,0.00,0.00,0.00,A-068-4365,DAMAGE ASSESSMENT AND RESTORATION REVOLVING FUND,306,NS,NS
1439,FY-2025,A-4365,L-3020,OUTLAYS (GROSS),01,0.00,-2000000.00,0.00,0.00,0.00,0.00,0.00,0.00,0.00,0.00,0.00,0.00,A-068-4365,DAMAGE ASSESSMENT AND RESTORATION REVOLVING FUND,306,NS,NS
1440,FY-2025,A-4365,L-3050,"UNPAID OBLIGATIONS, END OF YEAR",01,1000000.00,0.00,1000000.00,0.00,0.00,0.00,0.00,0.00,0.00,0.00,0.00,0.00,A-068-4365,DAMAGE ASSESSMENT AND RESTORATION REVOLVING FUND,306,NS,NS
1441,FY-2025,A-4365,L-3100,"OBLIGATED BALANCE, START OF YEAR",01,0.00,1000000.00,0.00,0.00,0.00,0.00,0.00,0.00,0.00,0.00,0.00,0.00,A-068-4365,DAMAGE ASSESSMENT AND RESTORATION REVOLVING FUND,306,NS,NS
1442,FY-2025,A-4365,L-3200,"OBLIGATED BALANCE, END OF YEAR",01,1000000.00,0.00,1000000.00,0.00,0.00,0.00,0.00,0.00,0.00,0.00,0.00,0.00,A-068-4365,DAMAGE ASSESSMENT AND RESTORATION REVOLVING FUND,306,NS,NS
1443,FY-2025,A-4365,L-4033,NON-FEDERAL SOURCES,01,0.00,0.00,0.00,0.00,0.00,0.00,0.00,0.00,0.00,0.00,0.00,0.00,A-068-4365,DAMAGE ASSESSMENT AND RESTORATION REVOLVING FUND,306,NS,DISCRETIONARY
1444,FY-2025,A-4365,L-403341,POLICY PROGRAM [TEXT],01,0.00,0.00,0.00,0.00,0.00,0.00,0.00,0.00,0.00,0.00,0.00,0.00,A-068-4365,DAMAGE ASSESSMENT AND RESTORATION REVOLVING FUND,306,"DISCRETIONARY, APPROPRIATIONS COMMITTEE",DISCRETIONARY
1445,FY-2025,A-4365,L-403371,BASELINE PROGRAM [TEXT],01,0.00,0.00,0.00,0.00,0.00,0.00,0.00,0.00,0.00,0.00,0.00,0.00,A-068-4365,DAMAGE ASSESSMENT AND RESTORATION REVOLVING FUND,306,"DISCRETIONARY, APPROPRIATIONS COMMITTEE",DISCRETIONARY
1446,FY-2025,A-4365,L-4070,"BUDGET AUTHORITY, NET (DISCRETIONARY)",01,0.00,0.00,0.00,0.00,0.00,0.00,0.00,0.00,0.00,0.00,0.00,0.00,A-068-4365,DAMAGE ASSESSMENT AND RESTORATION REVOLVING FUND,306,NS,DISCRETIONARY
1447,FY-2025,A-4365,L-4080,"OUTLAYS, NET (DISCRETIONARY)",01,0.00,0.00,0.00,0.00,0.00,0.00,0.00,0.00,0.00,0.00,0.00,0.00,A-068-4365,DAMAGE ASSESSMENT AND RESTORATION REVOLVING FUND,306,NS,DISCRETIONARY
1448,FY-2025,A-4365,L-4090,"BUDGET AUTHORITY, GROSS",01,1000000.00,2000000.00,2000000.00,0.00,0.00,0.00,0.00,0.00,0.00,0.00,0.00,0.00,A-068-4365,DAMAGE ASSESSMENT AND RESTORATION REVOLVING FUND,306,NS,MANDATORY
1449,FY-2025,A-4365,L-4101,OUTLAYS FROM MANDATORY BALANCES,01,0.00,2000000.00,0.00,0.00,0.00,0.00,0.00,0.00,0.00,0.00,0.00,0.00,A-068-4365,DAMAGE ASSESSMENT AND RESTORATION REVOLVING FUND,306,NS,MANDATORY
1450,FY-2025,A-4365,L-4123,NON-FEDERAL SOURCES,01,0.00,0.00,0.00,0.00,0.00,0.00,0.00,0.00,0.00,0.00,0.00,0.00,A-068-4365,DAMAGE ASSESSMENT AND RESTORATION REVOLVING FUND,306,NS,MANDATORY
1451,FY-2025,A-4365,L-412341,POLICY PROGRAM [TEXT],01,0.00,0.00,0.00,0.00,0.00,0.00,0.00,0.00,0.00,0.00,0.00,0.00,A-068-4365,DAMAGE ASSESSMENT AND RESTORATION REVOLVING FUND,306,"MANDATORY, AUTHORIZING COMMITTEE",MANDATORY
1452,FY-2025,A-4365,L-412371,BASELINE PROGRAM [TEXT],01,0.00,0.00,0.00,0.00,0.00,0.00,0.00,0.00,0.00,0.00,0.00,0.00,A-068-4365,DAMAGE ASSESSMENT AND RESTORATION REVOLVING FUND,306,"MANDATORY, AUTHORIZING COMMITTEE",MANDATORY
1453,FY-2025,A-4365,L-4160,"BUDGET AUTHORITY, NET (MANDATORY)",01,1000000.00,2000000.00,2000000.00,0.00,0.00,0.00,0.00,0.00,0.00,0.00,0.00,0.00,A-068-4365,DAMAGE ASSESSMENT AND RESTORATION REVOLVING FUND,306,NS,MANDATORY
1454,FY-2025,A-4365,L-4170,"OUTLAYS, NET (MANDATORY)",01,0.00,2000000.00,0.00,0.00,0.00,0.00,0.00,0.00,0.00,0.00,0.00,0.00,A-068-4365,DAMAGE ASSESSMENT AND RESTORATION REVOLVING FUND,306,NS,MANDATORY
1455,FY-2025,A-4365,L-4180,"BUDGET AUTHORITY, NET (TOTAL)",01,1000000.00,2000000.00,2000000.00,0.00,0.00,0.00,0.00,0.00,0.00,0.00,0.00,0.00,A-068-4365,DAMAGE ASSESSMENT AND RESTORATION REVOLVING FUND,306,NS,NS
1456,FY-2025,A-4365,L-4190,"OUTLAYS, NET (TOTAL)",01,0.00,2000000.00,0.00,0.00,0.00,0.00,0.00,0.00,0.00,0.00,0.00,0.00,A-068-4365,DAMAGE ASSESSMENT AND RESTORATION REVOLVING FUND,306,NS,NS
1457,FY-2025,A-4365,L-5311,"DIRECT UNOBLIGATED BALANCE, START OF YEAR",01,0.00,0.00,0.00,0.00,0.00,0.00,0.00,0.00,0.00,0.00,0.00,0.00,A-068-4365,DAMAGE ASSESSMENT AND RESTORATION REVOLVING FUND,306,NS,NS
1458,FY-2025,A-4365,L-5312,"REIMBURSABLE UNOBLIGATED BALANCE, START OF YEAR",01,2000000.00,2000000.00,0.00,0.00,0.00,0.00,0.00,0.00,0.00,0.00,0.00,0.00,A-068-4365,DAMAGE ASSESSMENT AND RESTORATION REVOLVING FUND,306,NS,NS
1459,FY-2025,A-4365,L-5314,"MANDATORY UNOBLIGATED BALANCE, START OF YEAR",01,2000000.00,2000000.00,0.00,0.00,0.00,0.00,0.00,0.00,0.00,0.00,0.00,0.00,A-068-4365,DAMAGE ASSESSMENT AND RESTORATION REVOLVING FUND,306,NS,MANDATORY
1460,FY-2025,A-4365,L-5322,"REIMBURSABLE UNOBLIGATED BALANCE, END OF YEAR",01,2000000.00,0.00,0.00,0.00,0.00,0.00,0.00,0.00,0.00,0.00,0.00,0.00,A-068-4365,DAMAGE ASSESSMENT AND RESTORATION REVOLVING FUND,306,NS,NS
1461,FY-2025,A-4365,L-5324,"MANDATORY UNOBLIGATED BALANCE, END OF YEAR",01,2000000.00,0.00,0.00,0.00,0.00,0.00,0.00,0.00,0.00,0.00,0.00,0.00,A-068-4365,DAMAGE ASSESSMENT AND RESTORATION REVOLVING FUND,306,NS,MANDATORY
1462,FY-2025,A-4365,L-2111,FULL-TIME PERMANENT,01,0.00,0.00,0.00,0.00,0.00,0.00,0.00,0.00,0.00,0.00,0.00,0.00,A-068-4365,DAMAGE ASSESSMENT AND RESTORATION REVOLVING FUND,306,NS,NS
1463,FY-2025,A-4365,L-2310,EQUIPMENT,01,1000000.00,0.00,0.00,0.00,0.00,0.00,0.00,0.00,0.00,0.00,0.00,0.00,A-068-4365,DAMAGE ASSESSMENT AND RESTORATION REVOLVING FUND,306,NS,NS
1464,FY-2025,A-4365,L-9999,"TOTAL NEW OBLIGATIONS, UNEXPIRED ACCOUNTS",01,1000000.00,0.00,0.00,0.00,0.00,0.00,0.00,0.00,0.00,0.00,0.00,0.00,A-068-4365,DAMAGE ASSESSMENT AND RESTORATION REVOLVING FUND,306,NS,NS
1465,FY-2025,A-4365,L-2001,REIMBURSABLE CIVILIAN FULL-TIME EQUIVALENT EMPLOYMENT,01,4000000.00,0.00,0.00,0.00,0.00,0.00,0.00,0.00,0.00,0.00,0.00,0.00,A-068-4365,DAMAGE ASSESSMENT AND RESTORATION REVOLVING FUND,306,NS,NS
1466,FY-2025,A-4365,L-200401,BUDGET AUTHORITY,01,1000000.00,2000000.00,2000000.00,0.00,0.00,0.00,0.00,0.00,0.00,0.00,0.00,0.00,A-068-4365,DAMAGE ASSESSMENT AND RESTORATION REVOLVING FUND,306,NS,NS
1467,FY-2025,A-4365,L-200402,OUTLAYS,01,0.00,2000000.00,0.00,0.00,0.00,0.00,0.00,0.00,0.00,0.00,0.00,0.00,A-068-4365,DAMAGE ASSESSMENT AND RESTORATION REVOLVING FUND,306,NS,NS
1468,FY-2025,A-4372,L-0710,DIRECT LOAN OBLIGATIONS,01,2893000000.00,8781000000.00,8781000000.00,0.00,0.00,0.00,0.00,0.00,0.00,0.00,0.00,0.00,A-068-4372,WATER INFRASTRUCTURE FINANCE AND INNOVATION DIRECT LOAN FINANCING ACCOUNT,301,NS,NS
1469,FY-2025,A-4372,L-0713,PAYMENT OF INTEREST TO TREASURY,01,92000000.00,94000000.00,112000000.00,0.00,0.00,0.00,0.00,0.00,0.00,0.00,0.00,0.00,A-068-4372,WATER INFRASTRUCTURE FINANCE AND INNOVATION DIRECT LOAN FINANCING ACCOUNT,301,NS,NS
1470,FY-2025,A-4372,L-0742,DOWNWARD REESTIMATES PAID TO RECEIPT ACCOUNTS,01,52000000.00,17000000.00,0.00,0.00,0.00,0.00,0.00,0.00,0.00,0.00,0.00,0.00,A-068-4372,WATER INFRASTRUCTURE FINANCE AND INNOVATION DIRECT LOAN FINANCING ACCOUNT,301,NS,NS
1471,FY-2025,A-4372,L-0743,INTEREST ON DOWNWARD REESTIMATES,01,0.00,1000000.00,0.00,0.00,0.00,0.00,0.00,0.00,0.00,0.00,0.00,0.00,A-068-4372,WATER INFRASTRUCTURE FINANCE AND INNOVATION DIRECT LOAN FINANCING ACCOUNT,301,NS,NS
1472,FY-2025,A-4372,L-0900,"TOTAL NEW OBLIGATIONS, UNEXPIRED ACCOUNTS",01,3037000000.00,8893000000.00,8893000000.00,0.00,0.00,0.00,0.00,0.00,0.00,0.00,0.00,0.00,A-068-4372,WATER INFRASTRUCTURE FINANCE AND INNOVATION DIRECT LOAN FINANCING ACCOUNT,301,NS,NS
1473,FY-2025,A-4372,L-1000,"UNOBLIGATED BALANCE BROUGHT FORWARD, OCT 1",01,0.00,0.00,556000000.00,0.00,0.00,0.00,0.00,0.00,0.00,0.00,0.00,0.00,A-068-4372,WATER INFRASTRUCTURE FINANCE AND INNOVATION DIRECT LOAN FINANCING ACCOUNT,301,NS,NS
1474,FY-2025,A-4372,L-1070,UNOBLIGATED BALANCE (TOTAL),01,0.00,0.00,556000000.00,0.00,0.00,0.00,0.00,0.00,0.00,0.00,0.00,0.00,A-068-4372,WATER INFRASTRUCTURE FINANCE AND INNOVATION DIRECT LOAN FINANCING ACCOUNT,301,NS,NS
1475,FY-2025,A-4372,L-1340,"BORROWING AUTHORITY, DISCRETIONARY (TOTAL)",01,0.00,0.00,0.00,0.00,0.00,0.00,0.00,0.00,0.00,0.00,0.00,0.00,A-068-4372,WATER INFRASTRUCTURE FINANCE AND INNOVATION DIRECT LOAN FINANCING ACCOUNT,301,NS,DISCRETIONARY
1476,FY-2025,A-4372,L-1400,BORROWING AUTHORITY,01,2962000000.00,8763000000.00,8763000000.00,0.00,0.00,0.00,0.00,0.00,0.00,0.00,0.00,0.00,A-068-4372,WATER INFRASTRUCTURE FINANCE AND INNOVATION DIRECT LOAN FINANCING ACCOUNT,301,NS,MANDATORY
1477,FY-2025,A-4372,L-1440,"BORROWING AUTHORITY, MANDATORY (TOTAL)",01,2962000000.00,8763000000.00,8763000000.00,0.00,0.00,0.00,0.00,0.00,0.00,0.00,0.00,0.00,A-068-4372,WATER INFRASTRUCTURE FINANCE AND INNOVATION DIRECT LOAN FINANCING ACCOUNT,301,NS,MANDATORY
1478,FY-2025,A-4372,L-1750,"SPENDING AUTH FROM OFFSETTING COLLECTIONS, DISC (TOTAL)",01,0.00,0.00,0.00,0.00,0.00,0.00,0.00,0.00,0.00,0.00,0.00,0.00,A-068-4372,WATER INFRASTRUCTURE FINANCE AND INNOVATION DIRECT LOAN FINANCING ACCOUNT,301,NS,DISCRETIONARY
1479,FY-2025,A-4372,L-1800,COLLECTED,01,359000000.00,710000000.00,154000000.00,0.00,0.00,0.00,0.00,0.00,0.00,0.00,0.00,0.00,A-068-4372,WATER INFRASTRUCTURE FINANCE AND INNOVATION DIRECT LOAN FINANCING ACCOUNT,301,NS,MANDATORY
1480,FY-2025,A-4372,L-1801,"CHANGE IN UNCOLLECTED PAYMENTS, FEDERAL SOURCES",01,15000000.00,25000000.00,25000000.00,0.00,0.00,0.00,0.00,0.00,0.00,0.00,0.00,0.00,A-068-4372,WATER INFRASTRUCTURE FINANCE AND INNOVATION DIRECT LOAN FINANCING ACCOUNT,301,NS,MANDATORY
1481,FY-2025,A-4372,L-1825,SPENDING AUTHORITY FROM OFFSETTING COLLECTIONS APPLIED TO REPAY DEBT,01,-299000000.00,-49000000.00,-49000000.00,0.00,0.00,0.00,0.00,0.00,0.00,0.00,0.00,0.00,A-068-4372,WATER INFRASTRUCTURE FINANCE AND INNOVATION DIRECT LOAN FINANCING ACCOUNT,301,NS,MANDATORY
1482,FY-2025,A-4372,L-1850,"SPENDING AUTH FROM OFFSETTING COLLECTIONS, MAND (TOTAL)",01,75000000.00,686000000.00,130000000.00,0.00,0.00,0.00,0.00,0.00,0.00,0.00,0.00,0.00,A-068-4372,WATER INFRASTRUCTURE FINANCE AND INNOVATION DIRECT LOAN FINANCING ACCOUNT,301,NS,MANDATORY
1483,FY-2025,A-4372,L-1900,BUDGET AUTHORITY (TOTAL),01,3037000000.00,9449000000.00,8893000000.00,0.00,0.00,0.00,0.00,0.00,0.00,0.00,0.00,0.00,A-068-4372,WATER INFRASTRUCTURE FINANCE AND INNOVATION DIRECT LOAN FINANCING ACCOUNT,301,NS,NS
1484,FY-2025,A-4372,L-1930,TOTAL BUDGETARY RESOURCES AVAILABLE,01,3037000000.00,9449000000.00,9449000000.00,0.00,0.00,0.00,0.00,0.00,0.00,0.00,0.00,0.00,A-068-4372,WATER INFRASTRUCTURE FINANCE AND INNOVATION DIRECT LOAN FINANCING ACCOUNT,301,NS,NS
1485,FY-2025,A-4372,L-1941,"UNEXPIRED UNOBLIGATED BALANCE, END OF YEAR",01,0.00,556000000.00,556000000.00,0.00,0.00,0.00,0.00,0.00,0.00,0.00,0.00,0.00,A-068-4372,WATER INFRASTRUCTURE FINANCE AND INNOVATION DIRECT LOAN FINANCING ACCOUNT,301,NS,NS
1486,FY-2025,A-4372,L-3000,"UNPAID OBLIGATIONS, BROUGHT FORWARD, OCT 1",01,14347000000.00,15645000000.00,17428000000.00,0.00,0.00,0.00,0.00,0.00,0.00,0.00,0.00,0.00,A-068-4372,WATER INFRASTRUCTURE FINANCE AND INNOVATION DIRECT LOAN FINANCING ACCOUNT,301,NS,NS
1487,FY-2025,A-4372,L-3001,"ADJUSTMENTS TO UNPAID OBLIGATIONS, BROUGHT FORWARD, OCT 1",01,0.00,0.00,0.00,0.00,0.00,0.00,0.00,0.00,0.00,0.00,0.00,0.00,A-068-4372,WATER INFRASTRUCTURE FINANCE AND INNOVATION DIRECT LOAN FINANCING ACCOUNT,301,NS,NS
1488,FY-2025,A-4372,L-3010,"NEW OBLIGATIONS, UNEXPIRED ACCOUNTS",01,3037000000.00,8893000000.00,8893000000.00,0.00,0.00,0.00,0.00,0.00,0.00,0.00,0.00,0.00,A-068-4372,WATER INFRASTRUCTURE FINANCE AND INNOVATION DIRECT LOAN FINANCING ACCOUNT,301,NS,NS
1489,FY-2025,A-4372,L-3020,OUTLAYS (GROSS),01,-1739000000.00,-7110000000.00,-7110000000.00,0.00,0.00,0.00,0.00,0.00,0.00,0.00,0.00,0.00,A-068-4372,WATER INFRASTRUCTURE FINANCE AND INNOVATION DIRECT LOAN FINANCING ACCOUNT,301,NS,NS
1490,FY-2025,A-4372,L-3050,"UNPAID OBLIGATIONS, END OF YEAR",01,15645000000.00,17428000000.00,19211000000.00,0.00,0.00,0.00,0.00,0.00,0.00,0.00,0.00,0.00,A-068-4372,WATER INFRASTRUCTURE FINANCE AND INNOVATION DIRECT LOAN FINANCING ACCOUNT,301,NS,NS
1491,FY-2025,A-4372,L-3060,"UNCOLLECTED PYMTS, FED SOURCES, BROUGHT FORWARD, OCT 1",01,-102000000.00,-117000000.00,-142000000.00,0.00,0.00,0.00,0.00,0.00,0.00,0.00,0.00,0.00,A-068-4372,WATER INFRASTRUCTURE FINANCE AND INNOVATION DIRECT LOAN FINANCING ACCOUNT,301,NS,NS
1492,FY-2025,A-4372,L-3061,"ADJUSTMENTS TO UNCOLLECTED PYMTS, FED SOURCES, BROUGHT FORWARD, OCT 1",01,0.00,0.00,0.00,0.00,0.00,0.00,0.00,0.00,0.00,0.00,0.00,0.00,A-068-4372,WATER INFRASTRUCTURE FINANCE AND INNOVATION DIRECT LOAN FINANCING ACCOUNT,301,NS,NS
1493,FY-2025,A-4372,L-3070,"CHANGE IN UNCOLLECTED PYMTS, FED SOURCES, UNEXPIRED",01,-15000000.00,-25000000.00,-25000000.00,0.00,0.00,0.00,0.00,0.00,0.00,0.00,0.00,0.00,A-068-4372,WATER INFRASTRUCTURE FINANCE AND INNOVATION DIRECT LOAN FINANCING ACCOUNT,301,NS,NS
1494,FY-2025,A-4372,L-3090,"UNCOLLECTED PYMTS, FED SOURCES, END OF YEAR",01,-117000000.00,-142000000.00,-167000000.00,0.00,0.00,0.00,0.00,0.00,0.00,0.00,0.00,0.00,A-068-4372,WATER INFRASTRUCTURE FINANCE AND INNOVATION DIRECT LOAN FINANCING ACCOUNT,301,NS,NS
1495,FY-2025,A-4372,L-3100,"OBLIGATED BALANCE, START OF YEAR",01,14245000000.00,15528000000.00,17286000000.00,0.00,0.00,0.00,0.00,0.00,0.00,0.00,0.00,0.00,A-068-4372,WATER INFRASTRUCTURE FINANCE AND INNOVATION DIRECT LOAN FINANCING ACCOUNT,301,NS,NS
1496,FY-2025,A-4372,L-3200,"OBLIGATED BALANCE, END OF YEAR",01,15528000000.00,17286000000.00,19044000000.00,0.00,0.00,0.00,0.00,0.00,0.00,0.00,0.00,0.00,A-068-4372,WATER INFRASTRUCTURE FINANCE AND INNOVATION DIRECT LOAN FINANCING ACCOUNT,301,NS,NS
1497,FY-2025,A-4372,L-4020,"OUTLAYS, GROSS (TOTAL)",01,0.00,0.00,0.00,0.00,0.00,0.00,0.00,0.00,0.00,0.00,0.00,0.00,A-068-4372,WATER INFRASTRUCTURE FINANCE AND INNOVATION DIRECT LOAN FINANCING ACCOUNT,301,NS,DISCRETIONARY
1498,FY-2025,A-4372,L-4030,FEDERAL SOURCES,01,0.00,0.00,0.00,0.00,0.00,0.00,0.00,0.00,0.00,0.00,0.00,0.00,A-068-4372,WATER INFRASTRUCTURE FINANCE AND INNOVATION DIRECT LOAN FINANCING ACCOUNT,301,NS,DISCRETIONARY
1499,FY-2025,A-4372,L-4070,"BUDGET AUTHORITY, NET (DISCRETIONARY)",01,0.00,0.00,0.00,0.00,0.00,0.00,0.00,0.00,0.00,0.00,0.00,0.00,A-068-4372,WATER INFRASTRUCTURE FINANCE AND INNOVATION DIRECT LOAN FINANCING ACCOUNT,301,NS,DISCRETIONARY
1500,FY-2025,A-4372,L-4080,"OUTLAYS, NET (DISCRETIONARY)",01,0.00,0.00,0.00,0.00,0.00,0.00,0.00,0.00,0.00,0.00,0.00,0.00,A-068-4372,WATER INFRASTRUCTURE FINANCE AND INNOVATION DIRECT LOAN FINANCING ACCOUNT,301,NS,DISCRETIONARY
1501,FY-2025,A-4372,L-4090,"BUDGET AUTHORITY, GROSS",01,3037000000.00,9449000000.00,8893000000.00,0.00,0.00,0.00,0.00,0.00,0.00,0.00,0.00,0.00,A-068-4372,WATER INFRASTRUCTURE FINANCE AND INNOVATION DIRECT LOAN FINANCING ACCOUNT,301,NS,MANDATORY
1502,FY-2025,A-4372,L-4110,"OUTLAYS, GROSS (TOTAL)",01,1739000000.00,7110000000.00,7110000000.00,0.00,0.00,0.00,0.00,0.00,0.00,0.00,0.00,0.00,A-068-4372,WATER INFRASTRUCTURE FINANCE AND INNOVATION DIRECT LOAN FINANCING ACCOUNT,301,NS,MANDATORY
1503,FY-2025,A-4372,L-4120,FEDERAL SOURCES,01,-299000000.00,-616000000.00,-60000000.00,0.00,0.00,0.00,0.00,0.00,0.00,0.00,0.00,0.00,A-068-4372,WATER INFRASTRUCTURE FINANCE AND INNOVATION DIRECT LOAN FINANCING ACCOUNT,301,NS,MANDATORY
1504,FY-2025,A-4372,L-4122,INTEREST ON UNINVESTED FUNDS,01,-31000000.00,-45000000.00,-45000000.00,0.00,0.00,0.00,0.00,0.00,0.00,0.00,0.00,0.00,A-068-4372,WATER INFRASTRUCTURE FINANCE AND INNOVATION DIRECT LOAN FINANCING ACCOUNT,301,NS,MANDATORY
1505,FY-2025,A-4372,L-4123,NON-FEDERAL SOURCES,01,-29000000.00,0.00,0.00,0.00,0.00,0.00,0.00,0.00,0.00,0.00,0.00,0.00,A-068-4372,WATER INFRASTRUCTURE FINANCE AND INNOVATION DIRECT LOAN FINANCING ACCOUNT,301,NS,MANDATORY
1506,FY-2025,A-4372,L-4123,NON-FEDERAL SOURCES,02,0.00,-49000000.00,-49000000.00,0.00,0.00,0.00,0.00,0.00,0.00,0.00,0.00,0.00,A-068-4372,WATER INFRASTRUCTURE FINANCE AND INNOVATION DIRECT LOAN FINANCING ACCOUNT,301,NS,MANDATORY
1507,FY-2025,A-4372,L-4130,OFFSETS AGAINST GROSS BUDGET AUTHORITY AND OUTLAYS (TOTAL),01,-359000000.00,-710000000.00,-154000000.00,0.00,0.00,0.00,0.00,0.00,0.00,0.00,0.00,0.00,A-068-4372,WATER INFRASTRUCTURE FINANCE AND INNOVATION DIRECT LOAN FINANCING ACCOUNT,301,NS,MANDATORY
1508,FY-2025,A-4372,L-4140,"CHANGE IN UNCOLLECTED PYMTS, FED SOURCES, UNEXPIRED",01,-15000000.00,-25000000.00,-25000000.00,0.00,0.00,0.00,0.00,0.00,0.00,0.00,0.00,0.00,A-068-4372,WATER INFRASTRUCTURE FINANCE AND INNOVATION DIRECT LOAN FINANCING ACCOUNT,301,NS,MANDATORY
1509,FY-2025,A-4372,L-4160,"BUDGET AUTHORITY, NET (MANDATORY)",01,2663000000.00,8714000000.00,8714000000.00,0.00,0.00,0.00,0.00,0.00,0.00,0.00,0.00,0.00,A-068-4372,WATER INFRASTRUCTURE FINANCE AND INNOVATION DIRECT LOAN FINANCING ACCOUNT,301,NS,MANDATORY
1510,FY-2025,A-4372,L-4170,"OUTLAYS, NET (MANDATORY)",01,1380000000.00,6400000000.00,6956000000.00,0.00,0.00,0.00,0.00,0.00,0.00,0.00,0.00,0.00,A-068-4372,WATER INFRASTRUCTURE FINANCE AND INNOVATION DIRECT LOAN FINANCING ACCOUNT,301,NS,MANDATORY
1511,FY-2025,A-4372,L-4180,"BUDGET AUTHORITY, NET (TOTAL)",01,2663000000.00,8714000000.00,8714000000.00,0.00,0.00,0.00,0.00,0.00,0.00,0.00,0.00,0.00,A-068-4372,WATER INFRASTRUCTURE FINANCE AND INNOVATION DIRECT LOAN FINANCING ACCOUNT,301,NS,NS
1512,FY-2025,A-4372,L-4190,"OUTLAYS, NET (TOTAL)",01,1380000000.00,6400000000.00,6956000000.00,0.00,0.00,0.00,0.00,0.00,0.00,0.00,0.00,0.00,A-068-4372,WATER INFRASTRUCTURE FINANCE AND INNOVATION DIRECT LOAN FINANCING ACCOUNT,301,NS,NS
1513,FY-2025,A-4372,L-5311,"DIRECT UNOBLIGATED BALANCE, START OF YEAR",01,0.00,0.00,0.00,0.00,0.00,0.00,0.00,0.00,0.00,0.00,0.00,0.00,A-068-4372,WATER INFRASTRUCTURE FINANCE AND INNOVATION DIRECT LOAN FINANCING ACCOUNT,301,NS,NS
1514,FY-2025,A-4372,L-5314,"MANDATORY UNOBLIGATED BALANCE, START OF YEAR",01,0.00,0.00,0.00,0.00,0.00,0.00,0.00,0.00,0.00,0.00,0.00,0.00,A-068-4372,WATER INFRASTRUCTURE FINANCE AND INNOVATION DIRECT LOAN FINANCING ACCOUNT,301,NS,MANDATORY
1515,FY-2025,A-4372,L-5321,"DIRECT UNOBLIGATED BALANCE, END OF YEAR",01,0.00,0.00,0.00,0.00,0.00,0.00,0.00,0.00,0.00,0.00,0.00,0.00,A-068-4372,WATER INFRASTRUCTURE FINANCE AND INNOVATION DIRECT LOAN FINANCING ACCOUNT,301,NS,NS
1516,FY-2025,A-4372,L-5324,"MANDATORY UNOBLIGATED BALANCE, END OF YEAR",01,0.00,0.00,0.00,0.00,0.00,0.00,0.00,0.00,0.00,0.00,0.00,0.00,A-068-4372,WATER INFRASTRUCTURE FINANCE AND INNOVATION DIRECT LOAN FINANCING ACCOUNT,301,NS,MANDATORY
1517,FY-2025,A-4372,L-5331,"DIRECT OBLIGATED BALANCE, START OF YEAR",01,14244000000.00,15529000000.00,0.00,0.00,0.00,0.00,0.00,0.00,0.00,0.00,0.00,0.00,A-068-4372,WATER INFRASTRUCTURE FINANCE AND INNOVATION DIRECT LOAN FINANCING ACCOUNT,301,NS,NS
1518,FY-2025,A-4372,L-5334,"MANDATORY OBLIGATED BALANCE, START OF YEAR",01,14244000000.00,15529000000.00,0.00,0.00,0.00,0.00,0.00,0.00,0.00,0.00,0.00,0.00,A-068-4372,WATER INFRASTRUCTURE FINANCE AND INNOVATION DIRECT LOAN FINANCING ACCOUNT,301,NS,MANDATORY
1519,FY-2025,A-4372,L-5341,"DIRECT OBLIGATED BALANCE, END OF YEAR",01,15529000000.00,0.00,0.00,0.00,0.00,0.00,0.00,0.00,0.00,0.00,0.00,0.00,A-068-4372,WATER INFRASTRUCTURE FINANCE AND INNOVATION DIRECT LOAN FINANCING ACCOUNT,301,NS,NS
1520,FY-2025,A-4372,L-5344,"MANDATORY OBLIGATED BALANCE, END OF YEAR",01,15529000000.00,0.00,0.00,0.00,0.00,0.00,0.00,0.00,0.00,0.00,0.00,0.00,A-068-4372,WATER INFRASTRUCTURE FINANCE AND INNOVATION DIRECT LOAN FINANCING ACCOUNT,301,NS,MANDATORY
1521,FY-2025,A-4372,L-1111,DIRECT LOAN OBLIGATIONS FROM CURRENT-YEAR AUTHORITY,01,2893000000.00,7083000000.00,7083000000.00,7083000000.00,7083000000.00,7083000000.00,7083000000.00,0.00,0.00,0.00,0.00,0.00,A-068-4372,WATER INFRASTRUCTURE FINANCE AND INNOVATION DIRECT LOAN FINANCING ACCOUNT,301,NS,NS
1522,FY-2025,A-4372,L-1121,LIMITATION AVAILABLE FROM CARRY-FORWARD,01,0.00,1698000000.00,1698000000.00,1698000000.00,1698000000.00,1698000000.00,1698000000.00,0.00,0.00,0.00,0.00,0.00,A-068-4372,WATER INFRASTRUCTURE FINANCE AND INNOVATION DIRECT LOAN FINANCING ACCOUNT,301,NS,NS
1523,FY-2025,A-4372,L-1143,UNOBLIGATED LIMITATION CARRIED FORWARD (P.L. XX) (-),01,0.00,0.00,0.00,0.00,0.00,0.00,0.00,0.00,0.00,0.00,0.00,0.00,A-068-4372,WATER INFRASTRUCTURE FINANCE AND INNOVATION DIRECT LOAN FINANCING ACCOUNT,301,NS,NS
1524,FY-2025,A-4372,L-1150,TOTAL DIRECT LOAN OBLIGATIONS,01,2893000000.00,8781000000.00,8781000000.00,8781000000.00,8781000000.00,8781000000.00,8781000000.00,0.00,0.00,0.00,0.00,0.00,A-068-4372,WATER INFRASTRUCTURE FINANCE AND INNOVATION DIRECT LOAN FINANCING ACCOUNT,301,NS,NS
1525,FY-2025,A-4372,L-1210,"OUTSTANDING, START OF YEAR",01,1682000000.00,3262000000.00,10247000000.00,17232000000.00,25855000000.00,35095000000.00,44902000000.00,0.00,0.00,0.00,0.00,0.00,A-068-4372,WATER INFRASTRUCTURE FINANCE AND INNOVATION DIRECT LOAN FINANCING ACCOUNT,301,NS,NS
1526,FY-2025,A-4372,L-1231,DIRECT LOAN DISBURSEMENTS,01,1366000000.00,6998000000.00,6998000000.00,8636000000.00,9254000000.00,9827000000.00,8991000000.00,0.00,0.00,0.00,0.00,0.00,A-068-4372,WATER INFRASTRUCTURE FINANCE AND INNOVATION DIRECT LOAN FINANCING ACCOUNT,301,NS,NS
1527,FY-2025,A-4372,L-1251,REPAYMENTS AND PREPAYMENTS,01,-8000000.00,-49000000.00,-49000000.00,-54000000.00,-57000000.00,-60000000.00,-103000000.00,0.00,0.00,0.00,0.00,0.00,A-068-4372,WATER INFRASTRUCTURE FINANCE AND INNOVATION DIRECT LOAN FINANCING ACCOUNT,301,NS,NS
1528,FY-2025,A-4372,L-1261,CAPITALIZED INTEREST,01,0.00,36000000.00,36000000.00,41000000.00,43000000.00,40000000.00,30000000.00,0.00,0.00,0.00,0.00,0.00,A-068-4372,WATER INFRASTRUCTURE FINANCE AND INNOVATION DIRECT LOAN FINANCING ACCOUNT,301,NS,NS
1529,FY-2025,A-4372,L-1264,"OTHER ADJUSTMENTS, NET (+ OR -)",01,222000000.00,0.00,0.00,0.00,0.00,0.00,0.00,0.00,0.00,0.00,0.00,0.00,A-068-4372,WATER INFRASTRUCTURE FINANCE AND INNOVATION DIRECT LOAN FINANCING ACCOUNT,301,NS,NS
1530,FY-2025,A-4372,L-1290,"OUTSTANDING, END OF YEAR",01,3262000000.00,10247000000.00,17232000000.00,25855000000.00,35095000000.00,44902000000.00,53820000000.00,0.00,0.00,0.00,0.00,0.00,A-068-4372,WATER INFRASTRUCTURE FINANCE AND INNOVATION DIRECT LOAN FINANCING ACCOUNT,301,NS,NS
1531,FY-2025,A-4372,L-1101,FUND BALANCES WITH TREASURY,01,17000000.00,0.00,0.00,0.00,0.00,0.00,0.00,0.00,0.00,0.00,0.00,0.00,A-068-4372,WATER INFRASTRUCTURE FINANCE AND INNOVATION DIRECT LOAN FINANCING ACCOUNT,301,NS,NS
1532,FY-2025,A-4372,L-1106,"RECEIVABLES, NET",01,552000000.00,0.00,0.00,0.00,0.00,0.00,0.00,0.00,0.00,0.00,0.00,0.00,A-068-4372,WATER INFRASTRUCTURE FINANCE AND INNOVATION DIRECT LOAN FINANCING ACCOUNT,301,NS,NS
1533,FY-2025,A-4372,L-1401,"DIRECT LOANS RECEIVABLE, GROSS",01,3262000000.00,0.00,0.00,0.00,0.00,0.00,0.00,0.00,0.00,0.00,0.00,0.00,A-068-4372,WATER INFRASTRUCTURE FINANCE AND INNOVATION DIRECT LOAN FINANCING ACCOUNT,301,NS,NS
1534,FY-2025,A-4372,L-1402,INTEREST RECEIVABLE,01,1000000.00,0.00,0.00,0.00,0.00,0.00,0.00,0.00,0.00,0.00,0.00,0.00,A-068-4372,WATER INFRASTRUCTURE FINANCE AND INNOVATION DIRECT LOAN FINANCING ACCOUNT,301,NS,NS
1535,FY-2025,A-4372,L-1405,ALLOWANCE FOR SUBSIDY COST (-),01,-861000000.00,0.00,0.00,0.00,0.00,0.00,0.00,0.00,0.00,0.00,0.00,0.00,A-068-4372,WATER INFRASTRUCTURE FINANCE AND INNOVATION DIRECT LOAN FINANCING ACCOUNT,301,NS,NS
1536,FY-2025,A-4372,L-1499,NET PRESENT VALUE OF ASSETS RELATED TO DIRECT LOANS,01,2402000000.00,0.00,0.00,0.00,0.00,0.00,0.00,0.00,0.00,0.00,0.00,0.00,A-068-4372,WATER INFRASTRUCTURE FINANCE AND INNOVATION DIRECT LOAN FINANCING ACCOUNT,301,NS,NS
1537,FY-2025,A-4372,L-1999,TOTAL ASSETS,01,2971000000.00,0.00,0.00,0.00,0.00,0.00,0.00,0.00,0.00,0.00,0.00,0.00,A-068-4372,WATER INFRASTRUCTURE FINANCE AND INNOVATION DIRECT LOAN FINANCING ACCOUNT,301,NS,NS
1538,FY-2025,A-4372,L-2101,ACCOUNTS PAYABLE,01,0.00,0.00,0.00,0.00,0.00,0.00,0.00,0.00,0.00,0.00,0.00,0.00,A-068-4372,WATER INFRASTRUCTURE FINANCE AND INNOVATION DIRECT LOAN FINANCING ACCOUNT,301,NS,NS
1539,FY-2025,A-4372,L-2103,DEBT,01,2953000000.00,0.00,0.00,0.00,0.00,0.00,0.00,0.00,0.00,0.00,0.00,0.00,A-068-4372,WATER INFRASTRUCTURE FINANCE AND INNOVATION DIRECT LOAN FINANCING ACCOUNT,301,NS,NS
1540,FY-2025,A-4372,L-2105,OTHER,01,18000000.00,0.00,0.00,0.00,0.00,0.00,0.00,0.00,0.00,0.00,0.00,0.00,A-068-4372,WATER INFRASTRUCTURE FINANCE AND INNOVATION DIRECT LOAN FINANCING ACCOUNT,301,NS,NS
1541,FY-2025,A-4372,L-2999,TOTAL LIABILITIES,01,2971000000.00,0.00,0.00,0.00,0.00,0.00,0.00,0.00,0.00,0.00,0.00,0.00,A-068-4372,WATER INFRASTRUCTURE FINANCE AND INNOVATION DIRECT LOAN FINANCING ACCOUNT,301,NS,NS
1542,FY-2025,A-4372,L-3300,CUMULATIVE RESULTS OF OPERATIONS,01,0.00,0.00,0.00,0.00,0.00,0.00,0.00,0.00,0.00,0.00,0.00,0.00,A-068-4372,WATER INFRASTRUCTURE FINANCE AND INNOVATION DIRECT LOAN FINANCING ACCOUNT,301,NS,NS
1543,FY-2025,A-4372,L-4999,TOTAL LIABILITIES AND NET POSITION,01,2971000000.00,0.00,0.00,0.00,0.00,0.00,0.00,0.00,0.00,0.00,0.00,0.00,A-068-4372,WATER INFRASTRUCTURE FINANCE AND INNOVATION DIRECT LOAN FINANCING ACCOUNT,301,NS,NS
1544,FY-2025,A-4372,L-6200,NET FINANCING DISBURSEMENTS - POLICY,01,1380000000.00,6400000000.00,6956000000.00,8290000000.00,8809000000.00,9284000000.00,8414000000.00,8172000000.00,8097000000.00,8083000000.00,7954000000.00,7556000000.00,A-068-4372,WATER INFRASTRUCTURE FINANCE AND INNOVATION DIRECT LOAN FINANCING ACCOUNT,301,NS,NS
1545,FY-2025,A-4372,L-6300,NET FINANCING DISBURSEMENTS - BASELINE,01,0.00,6400000000.00,6956000000.00,8290000000.00,8809000000.00,9284000000.00,8414000000.00,8172000000.00,8097000000.00,8083000000.00,7954000000.00,7556000000.00,A-068-4372,WATER INFRASTRUCTURE FINANCE AND INNOVATION DIRECT LOAN FINANCING ACCOUNT,301,NS,NS
1546,FY-2025,A-4565,L-0801,ETSD OPERATIONS,01,413000000.00,341000000.00,370000000.00,0.00,0.00,0.00,0.00,0.00,0.00,0.00,0.00,0.00,A-068-4565,WORKING CAPITAL FUND,304,NS,NS
1547,FY-2025,A-4565,L-0802,POSTAGE,01,0.00,2000000.00,3000000.00,0.00,0.00,0.00,0.00,0.00,0.00,0.00,0.00,0.00,A-068-4565,WORKING CAPITAL FUND,304,NS,NS
1548,FY-2025,A-4565,L-0803,COMPASS,01,0.00,0.00,0.00,0.00,0.00,0.00,0.00,0.00,0.00,0.00,0.00,0.00,A-068-4565,WORKING CAPITAL FUND,304,NS,NS
1549,FY-2025,A-4565,L-0804,ERELOCATION,01,0.00,47000000.00,51000000.00,0.00,0.00,0.00,0.00,0.00,0.00,0.00,0.00,0.00,A-068-4565,WORKING CAPITAL FUND,304,NS,NS
1550,FY-2025,A-4565,L-0805,COOP,01,0.00,1000000.00,1000000.00,0.00,0.00,0.00,0.00,0.00,0.00,0.00,0.00,0.00,A-068-4565,WORKING CAPITAL FUND,304,NS,NS
1551,FY-2025,A-4565,L-0806,BACKGROUND INVESTIGATIONS,01,0.00,14000000.00,16000000.00,0.00,0.00,0.00,0.00,0.00,0.00,0.00,0.00,0.00,A-068-4565,WORKING CAPITAL FUND,304,NS,NS
1552,FY-2025,A-4565,L-0807,PEOPLE PLUS,01,0.00,0.00,0.00,0.00,0.00,0.00,0.00,0.00,0.00,0.00,0.00,0.00,A-068-4565,WORKING CAPITAL FUND,304,NS,NS
1553,FY-2025,A-4565,L-0808,LEGAL SERVICES,01,0.00,10000000.00,10000000.00,0.00,0.00,0.00,0.00,0.00,0.00,0.00,0.00,0.00,A-068-4565,WORKING CAPITAL FUND,304,NS,NS
1554,FY-2025,A-4565,L-0810,CINCY VOIP,01,0.00,5000000.00,5000000.00,0.00,0.00,0.00,0.00,0.00,0.00,0.00,0.00,0.00,A-068-4565,WORKING CAPITAL FUND,304,NS,NS
1555,FY-2025,A-4565,L-0811,REGIONAL IT,01,0.00,12000000.00,13000000.00,0.00,0.00,0.00,0.00,0.00,0.00,0.00,0.00,0.00,A-068-4565,WORKING CAPITAL FUND,304,NS,NS
1556,FY-2025,A-4565,L-0812,ENTERPRISE HR,01,0.00,11000000.00,12000000.00,0.00,0.00,0.00,0.00,0.00,0.00,0.00,0.00,0.00,A-068-4565,WORKING CAPITAL FUND,304,NS,NS
1557,FY-2025,A-4565,L-0813,AGENCY WIDE CONTRACTS,01,0.00,7000000.00,8000000.00,0.00,0.00,0.00,0.00,0.00,0.00,0.00,0.00,0.00,A-068-4565,WORKING CAPITAL FUND,304,NS,NS
1558,FY-2025,A-4565,L-0814,BUDGET FORMULATION,01,0.00,6000000.00,6000000.00,0.00,0.00,0.00,0.00,0.00,0.00,0.00,0.00,0.00,A-068-4565,WORKING CAPITAL FUND,304,NS,NS
1559,FY-2025,A-4565,L-0815,FINANCIAL AND ADMINISTRATIVE SERVICE,01,0.00,34000000.00,37000000.00,0.00,0.00,0.00,0.00,0.00,0.00,0.00,0.00,0.00,A-068-4565,WORKING CAPITAL FUND,304,NS,NS
1560,FY-2025,A-4565,L-0900,"TOTAL NEW OBLIGATIONS, UNEXPIRED ACCOUNTS",01,413000000.00,490000000.00,532000000.00,0.00,0.00,0.00,0.00,0.00,0.00,0.00,0.00,0.00,A-068-4565,WORKING CAPITAL FUND,304,NS,NS
1561,FY-2025,A-4565,L-1000,"UNOBLIGATED BALANCE BROUGHT FORWARD, OCT 1",01,50000000.00,52000000.00,108000000.00,0.00,0.00,0.00,0.00,0.00,0.00,0.00,0.00,0.00,A-068-4565,WORKING CAPITAL FUND,304,NS,NS
1562,FY-2025,A-4565,L-1021,RECOVERIES OF PRIOR YEAR UNPAID OBLIGATIONS,01,11000000.00,14000000.00,14000000.00,0.00,0.00,0.00,0.00,0.00,0.00,0.00,0.00,0.00,A-068-4565,WORKING CAPITAL FUND,304,NS,NS
1563,FY-2025,A-4565,L-1070,UNOBLIGATED BALANCE (TOTAL),01,61000000.00,66000000.00,122000000.00,0.00,0.00,0.00,0.00,0.00,0.00,0.00,0.00,0.00,A-068-4565,WORKING CAPITAL FUND,304,NS,NS
1564,FY-2025,A-4565,L-1700,COLLECTED,01,389000000.00,532000000.00,540000000.00,0.00,0.00,0.00,0.00,0.00,0.00,0.00,0.00,0.00,A-068-4565,WORKING CAPITAL FUND,304,NS,DISCRETIONARY
1565,FY-2025,A-4565,L-1701,"CHANGE IN UNCOLLECTED PAYMENTS, FEDERAL SOURCES",01,15000000.00,0.00,0.00,0.00,0.00,0.00,0.00,0.00,0.00,0.00,0.00,0.00,A-068-4565,WORKING CAPITAL FUND,304,NS,DISCRETIONARY
1566,FY-2025,A-4565,L-1750,"SPENDING AUTH FROM OFFSETTING COLLECTIONS, DISC (TOTAL)",01,404000000.00,532000000.00,540000000.00,0.00,0.00,0.00,0.00,0.00,0.00,0.00,0.00,0.00,A-068-4565,WORKING CAPITAL FUND,304,NS,DISCRETIONARY
1567,FY-2025,A-4565,L-175040,SPENDING AUTHORITY FROM OFFSETTING COLLECTIONS [PC&B],01,404000000.00,532000000.00,540000000.00,552000000.00,565000000.00,578000000.00,591000000.00,605000000.00,619000000.00,633000000.00,648000000.00,663000000.00,A-068-4565,WORKING CAPITAL FUND,304,"DISCRETIONARY, APPROPRIATIONS COMMITTEE",DISCRETIONARY
1568,FY-2025,A-4565,L-175050,BASELINE PROGRAM [PC&B],01,404000000.00,532000000.00,280000000.00,280000000.00,280000000.00,280000000.00,280000000.00,280000000.00,280000000.00,280000000.00,280000000.00,280000000.00,A-068-4565,WORKING CAPITAL FUND,304,"DISCRETIONARY, APPROPRIATIONS COMMITTEE",DISCRETIONARY
1569,FY-2025,A-4565,L-175061,NEW AUTHORITY,01,232000000.00,372000000.00,378000000.00,386000000.00,396000000.00,405000000.00,414000000.00,424000000.00,433000000.00,443000000.00,454000000.00,464000000.00,A-068-4565,WORKING CAPITAL FUND,304,"DISCRETIONARY, APPROPRIATIONS COMMITTEE",DISCRETIONARY
1570,FY-2025,A-4565,L-175062,BALANCES (EXCL OF EOY PY BAL),01,154000000.00,0.00,53000000.00,107000000.00,162000000.00,166000000.00,170000000.00,173000000.00,177000000.00,182000000.00,186000000.00,190000000.00,A-068-4565,WORKING CAPITAL FUND,304,"DISCRETIONARY, APPROPRIATIONS COMMITTEE",DISCRETIONARY
1571,FY-2025,A-4565,L-175063,END OF PY BALANCES,01,0.00,113000000.00,83000000.00,45000000.00,0.00,0.00,0.00,0.00,0.00,0.00,0.00,0.00,A-068-4565,WORKING CAPITAL FUND,304,"DISCRETIONARY, APPROPRIATIONS COMMITTEE",DISCRETIONARY
1572,FY-2025,A-4565,L-175081,NEW AUTHORITY,01,232000000.00,372000000.00,196000000.00,196000000.00,196000000.00,196000000.00,196000000.00,196000000.00,196000000.00,196000000.00,196000000.00,196000000.00,A-068-4565,WORKING CAPITAL FUND,304,"DISCRETIONARY, APPROPRIATIONS COMMITTEE",DISCRETIONARY
1573,FY-2025,A-4565,L-175082,BALANCES (EXCL OF EOY PY BAL),01,154000000.00,0.00,53000000.00,81000000.00,109000000.00,84000000.00,84000000.00,84000000.00,84000000.00,84000000.00,84000000.00,84000000.00,A-068-4565,WORKING CAPITAL FUND,304,"DISCRETIONARY, APPROPRIATIONS COMMITTEE",DISCRETIONARY
1574,FY-2025,A-4565,L-175083,END OF PY BALANCES,01,0.00,113000000.00,83000000.00,45000000.00,0.00,0.00,0.00,0.00,0.00,0.00,0.00,0.00,A-068-4565,WORKING CAPITAL FUND,304,"DISCRETIONARY, APPROPRIATIONS COMMITTEE",DISCRETIONARY
1575,FY-2025,A-4565,L-1930,TOTAL BUDGETARY RESOURCES AVAILABLE,01,465000000.00,598000000.00,662000000.00,0.00,0.00,0.00,0.00,0.00,0.00,0.00,0.00,0.00,A-068-4565,WORKING CAPITAL FUND,304,NS,NS
1576,FY-2025,A-4565,L-1941,"UNEXPIRED UNOBLIGATED BALANCE, END OF YEAR",01,52000000.00,108000000.00,130000000.00,0.00,0.00,0.00,0.00,0.00,0.00,0.00,0.00,0.00,A-068-4565,WORKING CAPITAL FUND,304,NS,NS
1577,FY-2025,A-4565,L-3000,"UNPAID OBLIGATIONS, BROUGHT FORWARD, OCT 1",01,219000000.00,235000000.00,226000000.00,0.00,0.00,0.00,0.00,0.00,0.00,0.00,0.00,0.00,A-068-4565,WORKING CAPITAL FUND,304,NS,NS
1578,FY-2025,A-4565,L-3010,"NEW OBLIGATIONS, UNEXPIRED ACCOUNTS",01,413000000.00,490000000.00,532000000.00,0.00,0.00,0.00,0.00,0.00,0.00,0.00,0.00,0.00,A-068-4565,WORKING CAPITAL FUND,304,NS,NS
1579,FY-2025,A-4565,L-3020,OUTLAYS (GROSS),01,-386000000.00,-485000000.00,-514000000.00,0.00,0.00,0.00,0.00,0.00,0.00,0.00,0.00,0.00,A-068-4565,WORKING CAPITAL FUND,304,NS,NS
1580,FY-2025,A-4565,L-3040,"RECOVERIES OF PRIOR YEAR UNPAID OBLIGATIONS, UNEXPIRED",01,-11000000.00,-14000000.00,-14000000.00,0.00,0.00,0.00,0.00,0.00,0.00,0.00,0.00,0.00,A-068-4565,WORKING CAPITAL FUND,304,NS,NS
1581,FY-2025,A-4565,L-3050,"UNPAID OBLIGATIONS, END OF YEAR",01,235000000.00,226000000.00,230000000.00,0.00,0.00,0.00,0.00,0.00,0.00,0.00,0.00,0.00,A-068-4565,WORKING CAPITAL FUND,304,NS,NS
1582,FY-2025,A-4565,L-3060,"UNCOLLECTED PYMTS, FED SOURCES, BROUGHT FORWARD, OCT 1",01,-156000000.00,-171000000.00,-171000000.00,0.00,0.00,0.00,0.00,0.00,0.00,0.00,0.00,0.00,A-068-4565,WORKING CAPITAL FUND,304,NS,NS
1583,FY-2025,A-4565,L-3070,"CHANGE IN UNCOLLECTED PYMTS, FED SOURCES, UNEXPIRED",01,-15000000.00,0.00,0.00,0.00,0.00,0.00,0.00,0.00,0.00,0.00,0.00,0.00,A-068-4565,WORKING CAPITAL FUND,304,NS,NS
1584,FY-2025,A-4565,L-3090,"UNCOLLECTED PYMTS, FED SOURCES, END OF YEAR",01,-171000000.00,-171000000.00,-171000000.00,0.00,0.00,0.00,0.00,0.00,0.00,0.00,0.00,0.00,A-068-4565,WORKING CAPITAL FUND,304,NS,NS
1585,FY-2025,A-4565,L-3100,"OBLIGATED BALANCE, START OF YEAR",01,63000000.00,64000000.00,55000000.00,0.00,0.00,0.00,0.00,0.00,0.00,0.00,0.00,0.00,A-068-4565,WORKING CAPITAL FUND,304,NS,NS
1586,FY-2025,A-4565,L-3200,"OBLIGATED BALANCE, END OF YEAR",01,64000000.00,55000000.00,59000000.00,0.00,0.00,0.00,0.00,0.00,0.00,0.00,0.00,0.00,A-068-4565,WORKING CAPITAL FUND,304,NS,NS
1587,FY-2025,A-4565,L-4000,"BUDGET AUTHORITY, GROSS",01,404000000.00,532000000.00,540000000.00,0.00,0.00,0.00,0.00,0.00,0.00,0.00,0.00,0.00,A-068-4565,WORKING CAPITAL FUND,304,NS,DISCRETIONARY
1588,FY-2025,A-4565,L-4010,OUTLAYS FROM NEW DISCRETIONARY AUTHORITY,01,232000000.00,372000000.00,378000000.00,0.00,0.00,0.00,0.00,0.00,0.00,0.00,0.00,0.00,A-068-4565,WORKING CAPITAL FUND,304,NS,DISCRETIONARY
1589,FY-2025,A-4565,L-4011,OUTLAYS FROM DISCRETIONARY BALANCES,01,154000000.00,113000000.00,136000000.00,0.00,0.00,0.00,0.00,0.00,0.00,0.00,0.00,0.00,A-068-4565,WORKING CAPITAL FUND,304,NS,DISCRETIONARY
1590,FY-2025,A-4565,L-4020,"OUTLAYS, GROSS (TOTAL)",01,386000000.00,485000000.00,514000000.00,0.00,0.00,0.00,0.00,0.00,0.00,0.00,0.00,0.00,A-068-4565,WORKING CAPITAL FUND,304,NS,DISCRETIONARY
1591,FY-2025,A-4565,L-4030,FEDERAL SOURCES,01,-389000000.00,-532000000.00,-540000000.00,0.00,0.00,0.00,0.00,0.00,0.00,0.00,0.00,0.00,A-068-4565,WORKING CAPITAL FUND,304,NS,DISCRETIONARY
1592,FY-2025,A-4565,L-403041,POLICY PROGRAM [TEXT],01,-389000000.00,-532000000.00,-540000000.00,-552000000.00,-565000000.00,-578000000.00,-591000000.00,-605000000.00,-619000000.00,-633000000.00,-648000000.00,-663000000.00,A-068-4565,WORKING CAPITAL FUND,304,"DISCRETIONARY, APPROPRIATIONS COMMITTEE",DISCRETIONARY
1593,FY-2025,A-4565,L-403071,BASELINE PROGRAM [TEXT],01,-389000000.00,-532000000.00,-280000000.00,-280000000.00,-280000000.00,-280000000.00,-280000000.00,-280000000.00,-280000000.00,-280000000.00,-280000000.00,-280000000.00,A-068-4565,WORKING CAPITAL FUND,304,"DISCRETIONARY, APPROPRIATIONS COMMITTEE",DISCRETIONARY
1594,FY-2025,A-4565,L-4033,NON-FEDERAL SOURCES,01,0.00,0.00,0.00,0.00,0.00,0.00,0.00,0.00,0.00,0.00,0.00,0.00,A-068-4565,WORKING CAPITAL FUND,304,NS,DISCRETIONARY
1595,FY-2025,A-4565,L-403341,POLICY PROGRAM [TEXT],01,0.00,0.00,0.00,0.00,0.00,0.00,0.00,0.00,0.00,0.00,0.00,0.00,A-068-4565,WORKING CAPITAL FUND,304,"DISCRETIONARY, APPROPRIATIONS COMMITTEE",DISCRETIONARY
1596,FY-2025,A-4565,L-403371,BASELINE PROGRAM [TEXT],01,0.00,0.00,0.00,0.00,0.00,0.00,0.00,0.00,0.00,0.00,0.00,0.00,A-068-4565,WORKING CAPITAL FUND,304,"DISCRETIONARY, APPROPRIATIONS COMMITTEE",DISCRETIONARY
1597,FY-2025,A-4565,L-4040,OFFSETS AGAINST GROSS BUDGET AUTHORITY  AND OUTLAYS (TOTAL),01,-389000000.00,-532000000.00,-540000000.00,0.00,0.00,0.00,0.00,0.00,0.00,0.00,0.00,0.00,A-068-4565,WORKING CAPITAL FUND,304,NS,DISCRETIONARY
1598,FY-2025,A-4565,L-4050,"CHANGE IN UNCOLLECTED PYMTS, FED SOURCES, UNEXPIRED",01,-15000000.00,0.00,0.00,0.00,0.00,0.00,0.00,0.00,0.00,0.00,0.00,0.00,A-068-4565,WORKING CAPITAL FUND,304,NS,DISCRETIONARY
1599,FY-2025,A-4565,L-405041,POLICY PROGRAM [TEXT],01,-15000000.00,0.00,0.00,0.00,0.00,0.00,0.00,0.00,0.00,0.00,0.00,0.00,A-068-4565,WORKING CAPITAL FUND,304,"DISCRETIONARY, APPROPRIATIONS COMMITTEE",DISCRETIONARY
1600,FY-2025,A-4565,L-405071,BASELINE PROGRAM [TEXT],01,-15000000.00,0.00,0.00,0.00,0.00,0.00,0.00,0.00,0.00,0.00,0.00,0.00,A-068-4565,WORKING CAPITAL FUND,304,"DISCRETIONARY, APPROPRIATIONS COMMITTEE",DISCRETIONARY
1601,FY-2025,A-4565,L-4070,"BUDGET AUTHORITY, NET (DISCRETIONARY)",01,0.00,0.00,0.00,0.00,0.00,0.00,0.00,0.00,0.00,0.00,0.00,0.00,A-068-4565,WORKING CAPITAL FUND,304,NS,DISCRETIONARY
1602,FY-2025,A-4565,L-4080,"OUTLAYS, NET (DISCRETIONARY)",01,-3000000.00,-47000000.00,-26000000.00,0.00,0.00,0.00,0.00,0.00,0.00,0.00,0.00,0.00,A-068-4565,WORKING CAPITAL FUND,304,NS,DISCRETIONARY
1603,FY-2025,A-4565,L-4180,"BUDGET AUTHORITY, NET (TOTAL)",01,0.00,0.00,0.00,0.00,0.00,0.00,0.00,0.00,0.00,0.00,0.00,0.00,A-068-4565,WORKING CAPITAL FUND,304,NS,NS
1604,FY-2025,A-4565,L-4190,"OUTLAYS, NET (TOTAL)",01,-3000000.00,-47000000.00,-26000000.00,0.00,0.00,0.00,0.00,0.00,0.00,0.00,0.00,0.00,A-068-4565,WORKING CAPITAL FUND,304,NS,NS
1605,FY-2025,A-4565,L-5312,"REIMBURSABLE UNOBLIGATED BALANCE, START OF YEAR",01,50000000.00,51000000.00,0.00,0.00,0.00,0.00,0.00,0.00,0.00,0.00,0.00,0.00,A-068-4565,WORKING CAPITAL FUND,304,NS,NS
1606,FY-2025,A-4565,L-5313,"DISCRETIONARY UNOBLIGATED BALANCE, START OF YEAR",01,50000000.00,51000000.00,0.00,0.00,0.00,0.00,0.00,0.00,0.00,0.00,0.00,0.00,A-068-4565,WORKING CAPITAL FUND,304,NS,DISCRETIONARY
1607,FY-2025,A-4565,L-5322,"REIMBURSABLE UNOBLIGATED BALANCE, END OF YEAR",01,51000000.00,0.00,0.00,0.00,0.00,0.00,0.00,0.00,0.00,0.00,0.00,0.00,A-068-4565,WORKING CAPITAL FUND,304,NS,NS
1608,FY-2025,A-4565,L-5323,"DISCRETIONARY UNOBLIGATED BALANCE, END OF YEAR",01,51000000.00,0.00,0.00,0.00,0.00,0.00,0.00,0.00,0.00,0.00,0.00,0.00,A-068-4565,WORKING CAPITAL FUND,304,NS,DISCRETIONARY
1609,FY-2025,A-4565,L-5332,"REIMBURSABLE OBLIGATED BALANCE, START OF YEAR",01,63000000.00,65000000.00,0.00,0.00,0.00,0.00,0.00,0.00,0.00,0.00,0.00,0.00,A-068-4565,WORKING CAPITAL FUND,304,NS,NS
1610,FY-2025,A-4565,L-5333,"DISCRETIONARY OBLIGATED BALANCE, START OF YEAR",01,63000000.00,65000000.00,0.00,0.00,0.00,0.00,0.00,0.00,0.00,0.00,0.00,0.00,A-068-4565,WORKING CAPITAL FUND,304,NS,DISCRETIONARY
1611,FY-2025,A-4565,L-5342,"REIMBURSABLE OBLIGATED BALANCE, END OF YEAR",01,65000000.00,0.00,0.00,0.00,0.00,0.00,0.00,0.00,0.00,0.00,0.00,0.00,A-068-4565,WORKING CAPITAL FUND,304,NS,NS
1612,FY-2025,A-4565,L-5343,"DISCRETIONARY OBLIGATED BALANCE, END OF YEAR",01,65000000.00,0.00,0.00,0.00,0.00,0.00,0.00,0.00,0.00,0.00,0.00,0.00,A-068-4565,WORKING CAPITAL FUND,304,NS,DISCRETIONARY
1613,FY-2025,A-4565,L-2111,FULL-TIME PERMANENT,01,29000000.00,35000000.00,37000000.00,0.00,0.00,0.00,0.00,0.00,0.00,0.00,0.00,0.00,A-068-4565,WORKING CAPITAL FUND,304,NS,NS
1614,FY-2025,A-4565,L-2115,OTHER PERSONNEL COMPENSATION,01,1000000.00,1000000.00,2000000.00,0.00,0.00,0.00,0.00,0.00,0.00,0.00,0.00,0.00,A-068-4565,WORKING CAPITAL FUND,304,NS,NS
1615,FY-2025,A-4565,L-2119,TOTAL PERSONNEL COMPENSATION,01,30000000.00,36000000.00,39000000.00,0.00,0.00,0.00,0.00,0.00,0.00,0.00,0.00,0.00,A-068-4565,WORKING CAPITAL FUND,304,NS,NS
1616,FY-2025,A-4565,L-2121,CIVILIAN PERSONNEL BENEFITS,01,36000000.00,43000000.00,46000000.00,0.00,0.00,0.00,0.00,0.00,0.00,0.00,0.00,0.00,A-068-4565,WORKING CAPITAL FUND,304,NS,NS
1617,FY-2025,A-4565,L-2231,RENTAL PAYMENTS TO GSA,01,2000000.00,2000000.00,3000000.00,0.00,0.00,0.00,0.00,0.00,0.00,0.00,0.00,0.00,A-068-4565,WORKING CAPITAL FUND,304,NS,NS
1618,FY-2025,A-4565,L-2233,"COMMUNICATIONS, UTILITIES, AND MISCELLANEOUS CHARGES",01,6000000.00,7000000.00,8000000.00,0.00,0.00,0.00,0.00,0.00,0.00,0.00,0.00,0.00,A-068-4565,WORKING CAPITAL FUND,304,NS,NS
1619,FY-2025,A-4565,L-2251,ADVISORY AND ASSISTANCE SERVICES,01,33000000.00,39000000.00,42000000.00,0.00,0.00,0.00,0.00,0.00,0.00,0.00,0.00,0.00,A-068-4565,WORKING CAPITAL FUND,304,NS,NS
1620,FY-2025,A-4565,L-2252,OTHER SERVICES FROM NON-FEDERAL SOURCES,01,90000000.00,107000000.00,116000000.00,0.00,0.00,0.00,0.00,0.00,0.00,0.00,0.00,0.00,A-068-4565,WORKING CAPITAL FUND,304,NS,NS
1621,FY-2025,A-4565,L-2253,OTHER GOODS AND SERVICES FROM FEDERAL SOURCES,01,195000000.00,231000000.00,251000000.00,0.00,0.00,0.00,0.00,0.00,0.00,0.00,0.00,0.00,A-068-4565,WORKING CAPITAL FUND,304,NS,NS
1622,FY-2025,A-4565,L-2254,OPERATION AND MAINTENANCE OF FACILITIES,01,1000000.00,1000000.00,1000000.00,0.00,0.00,0.00,0.00,0.00,0.00,0.00,0.00,0.00,A-068-4565,WORKING CAPITAL FUND,304,NS,NS
1623,FY-2025,A-4565,L-2257,OPERATION AND MAINTENANCE OF EQUIPMENT,01,3000000.00,4000000.00,4000000.00,0.00,0.00,0.00,0.00,0.00,0.00,0.00,0.00,0.00,A-068-4565,WORKING CAPITAL FUND,304,NS,NS
1624,FY-2025,A-4565,L-2260,SUPPLIES AND MATERIALS,01,1000000.00,1000000.00,1000000.00,0.00,0.00,0.00,0.00,0.00,0.00,0.00,0.00,0.00,A-068-4565,WORKING CAPITAL FUND,304,NS,NS
1625,FY-2025,A-4565,L-2310,EQUIPMENT,01,16000000.00,19000000.00,21000000.00,0.00,0.00,0.00,0.00,0.00,0.00,0.00,0.00,0.00,A-068-4565,WORKING CAPITAL FUND,304,NS,NS
1626,FY-2025,A-4565,L-9999,"TOTAL NEW OBLIGATIONS, UNEXPIRED ACCOUNTS",01,413000000.00,490000000.00,532000000.00,0.00,0.00,0.00,0.00,0.00,0.00,0.00,0.00,0.00,A-068-4565,WORKING CAPITAL FUND,304,NS,NS
1627,FY-2025,A-4565,L-2001,REIMBURSABLE CIVILIAN FULL-TIME EQUIVALENT EMPLOYMENT,01,233000000.00,278000000.00,298000000.00,0.00,0.00,0.00,0.00,0.00,0.00,0.00,0.00,0.00,A-068-4565,WORKING CAPITAL FUND,304,NS,NS
1628,FY-2025,A-4565,L-142201,BUDGET AUTHORITY,01,0.00,0.00,0.00,0.00,0.00,0.00,0.00,0.00,0.00,0.00,0.00,0.00,A-068-4565,WORKING CAPITAL FUND,304,NS,NS
1629,FY-2025,A-4565,L-200402,OUTLAYS,01,-3000000.00,-47000000.00,-26000000.00,0.00,0.00,0.00,0.00,0.00,0.00,0.00,0.00,0.00,A-068-4565,WORKING CAPITAL FUND,304,NS,NS
1630,FY-2025,A-4565,L-1000,BUDGET YEAR BUDGETARY RESOURCES [TREAS ACCT],01,0.00,0.00,0.00,0.00,0.00,0.00,0.00,0.00,0.00,0.00,0.00,0.00,A-068-4565,WORKING CAPITAL FUND,304,NS,NS
1631,FY-2025,A-5374,L-0100,"BALANCE, START OF YEAR",01,1000000.00,0.00,0.00,0.00,0.00,0.00,0.00,0.00,0.00,0.00,0.00,0.00,A-068-5374,PESTICIDE REGISTRATION FUND,304,NS,NS
1632,FY-2025,A-5374,L-1130,"REGISTRATION SERVICE FEES, PESTICIDE REGISTRATION FUND",01,20000000.00,26000000.00,26000000.00,0.00,0.00,0.00,0.00,0.00,0.00,0.00,0.00,0.00,A-068-5374,PESTICIDE REGISTRATION FUND,304,NS,NS
1633,FY-2025,A-5374,L-2000,TOTAL: BALANCES AND RECEIPTS,01,21000000.00,26000000.00,26000000.00,0.00,0.00,0.00,0.00,0.00,0.00,0.00,0.00,0.00,A-068-5374,PESTICIDE REGISTRATION FUND,304,NS,NS
1634,FY-2025,A-5374,L-2101,PESTICIDE REGISTRATION FUND,01,-21000000.00,-26000000.00,-26000000.00,0.00,0.00,0.00,0.00,0.00,0.00,0.00,0.00,0.00,A-068-5374,PESTICIDE REGISTRATION FUND,304,NS,NS
1635,FY-2025,A-5374,L-5099,"BALANCE, END OF YEAR",01,0.00,0.00,0.00,0.00,0.00,0.00,0.00,0.00,0.00,0.00,0.00,0.00,A-068-5374,PESTICIDE REGISTRATION FUND,304,NS,NS
1636,FY-2025,A-5374,L-0001,CORE MISSION,01,22000000.00,26000000.00,29000000.00,0.00,0.00,0.00,0.00,0.00,0.00,0.00,0.00,0.00,A-068-5374,PESTICIDE REGISTRATION FUND,304,NS,NS
1637,FY-2025,A-5374,L-0900,"TOTAL NEW OBLIGATIONS, UNEXPIRED ACCOUNTS",01,22000000.00,26000000.00,29000000.00,0.00,0.00,0.00,0.00,0.00,0.00,0.00,0.00,0.00,A-068-5374,PESTICIDE REGISTRATION FUND,304,NS,NS
1638,FY-2025,A-5374,L-1000,"UNOBLIGATED BALANCE BROUGHT FORWARD, OCT 1",01,11000000.00,10000000.00,11000000.00,0.00,0.00,0.00,0.00,0.00,0.00,0.00,0.00,0.00,A-068-5374,PESTICIDE REGISTRATION FUND,304,NS,NS
1639,FY-2025,A-5374,L-1021,RECOVERIES OF PRIOR YEAR UNPAID OBLIGATIONS,01,0.00,1000000.00,1000000.00,0.00,0.00,0.00,0.00,0.00,0.00,0.00,0.00,0.00,A-068-5374,PESTICIDE REGISTRATION FUND,304,NS,NS
1640,FY-2025,A-5374,L-1070,UNOBLIGATED BALANCE (TOTAL),01,11000000.00,11000000.00,12000000.00,0.00,0.00,0.00,0.00,0.00,0.00,0.00,0.00,0.00,A-068-5374,PESTICIDE REGISTRATION FUND,304,NS,NS
1641,FY-2025,A-5374,L-1101,APPROPRIATION (SPECIAL OR TRUST),01,21000000.00,26000000.00,26000000.00,0.00,0.00,0.00,0.00,0.00,0.00,0.00,0.00,0.00,A-068-5374,PESTICIDE REGISTRATION FUND,304,NS,DISCRETIONARY
1642,FY-2025,A-5374,L-1160,"APPROPRIATION, DISCRETIONARY (TOTAL)",01,21000000.00,26000000.00,26000000.00,0.00,0.00,0.00,0.00,0.00,0.00,0.00,0.00,0.00,A-068-5374,PESTICIDE REGISTRATION FUND,304,NS,DISCRETIONARY
1643,FY-2025,A-5374,L-116040,APPROPRIATION [REGISTRATION SERVICE FEE],01,21000000.00,26000000.00,26000000.00,27000000.00,27000000.00,28000000.00,28000000.00,29000000.00,30000000.00,30000000.00,31000000.00,32000000.00,A-068-5374,PESTICIDE REGISTRATION FUND,304,"DISCRETIONARY, APPROPRIATIONS COMMITTEE",DISCRETIONARY
1644,FY-2025,A-5374,L-116050,BASELINE PAY/NON-PAY,01,21000000.00,0.00,0.00,0.00,0.00,0.00,0.00,0.00,0.00,0.00,0.00,0.00,A-068-5374,PESTICIDE REGISTRATION FUND,304,"DISCRETIONARY, APPROPRIATIONS COMMITTEE",DISCRETIONARY
1645,FY-2025,A-5374,L-116050,BASELINE PAY/NON-PAY,01,0.00,22000000.00,23000000.00,24000000.00,24000000.00,25000000.00,26000000.00,27000000.00,27000000.00,28000000.00,29000000.00,30000000.00,A-068-5374,PESTICIDE REGISTRATION FUND,304,"DISCRETIONARY, APPROPRIATIONS COMMITTEE",DISCRETIONARY
1646,FY-2025,A-5374,L-116050,BASELINE PAY/NON-PAY,01,0.00,4000000.00,4000000.00,4000000.00,4000000.00,4000000.00,4000000.00,5000000.00,5000000.00,5000000.00,5000000.00,5000000.00,A-068-5374,PESTICIDE REGISTRATION FUND,304,"DISCRETIONARY, APPROPRIATIONS COMMITTEE",DISCRETIONARY
1647,FY-2025,A-5374,L-116061,NEW AUTHORITY,01,16000000.00,16000000.00,16000000.00,16000000.00,16000000.00,17000000.00,17000000.00,17000000.00,18000000.00,18000000.00,19000000.00,19000000.00,A-068-5374,PESTICIDE REGISTRATION FUND,304,"DISCRETIONARY, APPROPRIATIONS COMMITTEE",DISCRETIONARY
1648,FY-2025,A-5374,L-116062,BALANCES (EXCL OF EOY PY BAL),01,6000000.00,0.00,10000000.00,10000000.00,11000000.00,11000000.00,11000000.00,11000000.00,12000000.00,12000000.00,12000000.00,12000000.00,A-068-5374,PESTICIDE REGISTRATION FUND,304,"DISCRETIONARY, APPROPRIATIONS COMMITTEE",DISCRETIONARY
1649,FY-2025,A-5374,L-116063,END OF PY BALANCES,01,0.00,10000000.00,1000000.00,0.00,0.00,0.00,0.00,0.00,0.00,0.00,0.00,0.00,A-068-5374,PESTICIDE REGISTRATION FUND,304,"DISCRETIONARY, APPROPRIATIONS COMMITTEE",DISCRETIONARY
1650,FY-2025,A-5374,L-116081,NEW AUTHORITY,01,16000000.00,16000000.00,16000000.00,17000000.00,17000000.00,17000000.00,18000000.00,19000000.00,19000000.00,20000000.00,20000000.00,21000000.00,A-068-5374,PESTICIDE REGISTRATION FUND,304,"DISCRETIONARY, APPROPRIATIONS COMMITTEE",DISCRETIONARY
1651,FY-2025,A-5374,L-116082,BALANCES (EXCL OF EOY PY BAL),01,6000000.00,0.00,10000000.00,11000000.00,11000000.00,11000000.00,12000000.00,12000000.00,13000000.00,13000000.00,13000000.00,14000000.00,A-068-5374,PESTICIDE REGISTRATION FUND,304,"DISCRETIONARY, APPROPRIATIONS COMMITTEE",DISCRETIONARY
1652,FY-2025,A-5374,L-116083,END OF PY BALANCES,01,0.00,10000000.00,1000000.00,0.00,0.00,0.00,0.00,0.00,0.00,0.00,0.00,0.00,A-068-5374,PESTICIDE REGISTRATION FUND,304,"DISCRETIONARY, APPROPRIATIONS COMMITTEE",DISCRETIONARY
1653,FY-2025,A-5374,L-1930,TOTAL BUDGETARY RESOURCES AVAILABLE,01,32000000.00,37000000.00,38000000.00,0.00,0.00,0.00,0.00,0.00,0.00,0.00,0.00,0.00,A-068-5374,PESTICIDE REGISTRATION FUND,304,NS,NS
1654,FY-2025,A-5374,L-1941,"UNEXPIRED UNOBLIGATED BALANCE, END OF YEAR",01,10000000.00,11000000.00,9000000.00,0.00,0.00,0.00,0.00,0.00,0.00,0.00,0.00,0.00,A-068-5374,PESTICIDE REGISTRATION FUND,304,NS,NS
1655,FY-2025,A-5374,L-3000,"UNPAID OBLIGATIONS, BROUGHT FORWARD, OCT 1",01,8000000.00,8000000.00,7000000.00,0.00,0.00,0.00,0.00,0.00,0.00,0.00,0.00,0.00,A-068-5374,PESTICIDE REGISTRATION FUND,304,NS,NS
1656,FY-2025,A-5374,L-3010,"NEW OBLIGATIONS, UNEXPIRED ACCOUNTS",01,22000000.00,26000000.00,29000000.00,0.00,0.00,0.00,0.00,0.00,0.00,0.00,0.00,0.00,A-068-5374,PESTICIDE REGISTRATION FUND,304,NS,NS
1657,FY-2025,A-5374,L-3020,OUTLAYS (GROSS),01,-22000000.00,-26000000.00,-27000000.00,0.00,0.00,0.00,0.00,0.00,0.00,0.00,0.00,0.00,A-068-5374,PESTICIDE REGISTRATION FUND,304,NS,NS
1658,FY-2025,A-5374,L-3040,"RECOVERIES OF PRIOR YEAR UNPAID OBLIGATIONS, UNEXPIRED",01,0.00,-1000000.00,-1000000.00,0.00,0.00,0.00,0.00,0.00,0.00,0.00,0.00,0.00,A-068-5374,PESTICIDE REGISTRATION FUND,304,NS,NS
1659,FY-2025,A-5374,L-3050,"UNPAID OBLIGATIONS, END OF YEAR",01,8000000.00,7000000.00,8000000.00,0.00,0.00,0.00,0.00,0.00,0.00,0.00,0.00,0.00,A-068-5374,PESTICIDE REGISTRATION FUND,304,NS,NS
1660,FY-2025,A-5374,L-3100,"OBLIGATED BALANCE, START OF YEAR",01,8000000.00,8000000.00,7000000.00,0.00,0.00,0.00,0.00,0.00,0.00,0.00,0.00,0.00,A-068-5374,PESTICIDE REGISTRATION FUND,304,NS,NS
1661,FY-2025,A-5374,L-3200,"OBLIGATED BALANCE, END OF YEAR",01,8000000.00,7000000.00,8000000.00,0.00,0.00,0.00,0.00,0.00,0.00,0.00,0.00,0.00,A-068-5374,PESTICIDE REGISTRATION FUND,304,NS,NS
1662,FY-2025,A-5374,L-4000,"BUDGET AUTHORITY, GROSS",01,21000000.00,26000000.00,26000000.00,0.00,0.00,0.00,0.00,0.00,0.00,0.00,0.00,0.00,A-068-5374,PESTICIDE REGISTRATION FUND,304,NS,DISCRETIONARY
1663,FY-2025,A-5374,L-4010,OUTLAYS FROM NEW DISCRETIONARY AUTHORITY,01,16000000.00,16000000.00,16000000.00,0.00,0.00,0.00,0.00,0.00,0.00,0.00,0.00,0.00,A-068-5374,PESTICIDE REGISTRATION FUND,304,NS,DISCRETIONARY
1664,FY-2025,A-5374,L-4011,OUTLAYS FROM DISCRETIONARY BALANCES,01,6000000.00,10000000.00,11000000.00,0.00,0.00,0.00,0.00,0.00,0.00,0.00,0.00,0.00,A-068-5374,PESTICIDE REGISTRATION FUND,304,NS,DISCRETIONARY
1665,FY-2025,A-5374,L-4020,"OUTLAYS, GROSS (TOTAL)",01,22000000.00,26000000.00,27000000.00,0.00,0.00,0.00,0.00,0.00,0.00,0.00,0.00,0.00,A-068-5374,PESTICIDE REGISTRATION FUND,304,NS,DISCRETIONARY
1666,FY-2025,A-5374,L-4070,"BUDGET AUTHORITY, NET (DISCRETIONARY)",01,21000000.00,26000000.00,26000000.00,0.00,0.00,0.00,0.00,0.00,0.00,0.00,0.00,0.00,A-068-5374,PESTICIDE REGISTRATION FUND,304,NS,DISCRETIONARY
1667,FY-2025,A-5374,L-4080,"OUTLAYS, NET (DISCRETIONARY)",01,22000000.00,26000000.00,27000000.00,0.00,0.00,0.00,0.00,0.00,0.00,0.00,0.00,0.00,A-068-5374,PESTICIDE REGISTRATION FUND,304,NS,DISCRETIONARY
1668,FY-2025,A-5374,L-4180,"BUDGET AUTHORITY, NET (TOTAL)",01,21000000.00,26000000.00,26000000.00,0.00,0.00,0.00,0.00,0.00,0.00,0.00,0.00,0.00,A-068-5374,PESTICIDE REGISTRATION FUND,304,NS,NS
1669,FY-2025,A-5374,L-4190,"OUTLAYS, NET (TOTAL)",01,22000000.00,26000000.00,27000000.00,0.00,0.00,0.00,0.00,0.00,0.00,0.00,0.00,0.00,A-068-5374,PESTICIDE REGISTRATION FUND,304,NS,NS
1670,FY-2025,A-5374,L-5311,"DIRECT UNOBLIGATED BALANCE, START OF YEAR",01,11000000.00,11000000.00,0.00,0.00,0.00,0.00,0.00,0.00,0.00,0.00,0.00,0.00,A-068-5374,PESTICIDE REGISTRATION FUND,304,NS,NS
1671,FY-2025,A-5374,L-5313,"DISCRETIONARY UNOBLIGATED BALANCE, START OF YEAR",01,11000000.00,11000000.00,0.00,0.00,0.00,0.00,0.00,0.00,0.00,0.00,0.00,0.00,A-068-5374,PESTICIDE REGISTRATION FUND,304,NS,DISCRETIONARY
1672,FY-2025,A-5374,L-5321,"DIRECT UNOBLIGATED BALANCE, END OF YEAR",01,11000000.00,0.00,0.00,0.00,0.00,0.00,0.00,0.00,0.00,0.00,0.00,0.00,A-068-5374,PESTICIDE REGISTRATION FUND,304,NS,NS
1673,FY-2025,A-5374,L-5323,"DISCRETIONARY UNOBLIGATED BALANCE, END OF YEAR",01,11000000.00,0.00,0.00,0.00,0.00,0.00,0.00,0.00,0.00,0.00,0.00,0.00,A-068-5374,PESTICIDE REGISTRATION FUND,304,NS,DISCRETIONARY
1674,FY-2025,A-5374,L-5331,"DIRECT OBLIGATED BALANCE, START OF YEAR",01,8000000.00,6000000.00,0.00,0.00,0.00,0.00,0.00,0.00,0.00,0.00,0.00,0.00,A-068-5374,PESTICIDE REGISTRATION FUND,304,NS,NS
1675,FY-2025,A-5374,L-5332,"REIMBURSABLE OBLIGATED BALANCE, START OF YEAR",01,0.00,2000000.00,0.00,0.00,0.00,0.00,0.00,0.00,0.00,0.00,0.00,0.00,A-068-5374,PESTICIDE REGISTRATION FUND,304,NS,NS
1676,FY-2025,A-5374,L-5333,"DISCRETIONARY OBLIGATED BALANCE, START OF YEAR",01,8000000.00,6000000.00,0.00,0.00,0.00,0.00,0.00,0.00,0.00,0.00,0.00,0.00,A-068-5374,PESTICIDE REGISTRATION FUND,304,NS,DISCRETIONARY
1677,FY-2025,A-5374,L-5334,"MANDATORY OBLIGATED BALANCE, START OF YEAR",01,0.00,2000000.00,0.00,0.00,0.00,0.00,0.00,0.00,0.00,0.00,0.00,0.00,A-068-5374,PESTICIDE REGISTRATION FUND,304,NS,MANDATORY
1678,FY-2025,A-5374,L-5341,"DIRECT OBLIGATED BALANCE, END OF YEAR",01,6000000.00,0.00,0.00,0.00,0.00,0.00,0.00,0.00,0.00,0.00,0.00,0.00,A-068-5374,PESTICIDE REGISTRATION FUND,304,NS,NS
1679,FY-2025,A-5374,L-5342,"REIMBURSABLE OBLIGATED BALANCE, END OF YEAR",01,2000000.00,0.00,0.00,0.00,0.00,0.00,0.00,0.00,0.00,0.00,0.00,0.00,A-068-5374,PESTICIDE REGISTRATION FUND,304,NS,NS
1680,FY-2025,A-5374,L-5343,"DISCRETIONARY OBLIGATED BALANCE, END OF YEAR",01,6000000.00,0.00,0.00,0.00,0.00,0.00,0.00,0.00,0.00,0.00,0.00,0.00,A-068-5374,PESTICIDE REGISTRATION FUND,304,NS,DISCRETIONARY
1681,FY-2025,A-5374,L-5344,"MANDATORY OBLIGATED BALANCE, END OF YEAR",01,2000000.00,0.00,0.00,0.00,0.00,0.00,0.00,0.00,0.00,0.00,0.00,0.00,A-068-5374,PESTICIDE REGISTRATION FUND,304,NS,MANDATORY
1682,FY-2025,A-5374,L-1111,FULL-TIME PERMANENT,01,11000000.00,13000000.00,15000000.00,0.00,0.00,0.00,0.00,0.00,0.00,0.00,0.00,0.00,A-068-5374,PESTICIDE REGISTRATION FUND,304,NS,NS
1683,FY-2025,A-5374,L-1113,OTHER THAN FULL-TIME PERMANENT,01,1000000.00,1000000.00,1000000.00,0.00,0.00,0.00,0.00,0.00,0.00,0.00,0.00,0.00,A-068-5374,PESTICIDE REGISTRATION FUND,304,NS,NS
1684,FY-2025,A-5374,L-1119,TOTAL PERSONNEL COMPENSATION,01,12000000.00,14000000.00,16000000.00,0.00,0.00,0.00,0.00,0.00,0.00,0.00,0.00,0.00,A-068-5374,PESTICIDE REGISTRATION FUND,304,NS,NS
1685,FY-2025,A-5374,L-1121,CIVILIAN PERSONNEL BENEFITS,01,4000000.00,5000000.00,5000000.00,0.00,0.00,0.00,0.00,0.00,0.00,0.00,0.00,0.00,A-068-5374,PESTICIDE REGISTRATION FUND,304,NS,NS
1686,FY-2025,A-5374,L-1251,ADVISORY AND ASSISTANCE SERVICES,01,3000000.00,4000000.00,4000000.00,0.00,0.00,0.00,0.00,0.00,0.00,0.00,0.00,0.00,A-068-5374,PESTICIDE REGISTRATION FUND,304,NS,NS
1687,FY-2025,A-5374,L-1252,OTHER SERVICES FROM NON-FEDERAL SOURCES,01,2000000.00,2000000.00,3000000.00,0.00,0.00,0.00,0.00,0.00,0.00,0.00,0.00,0.00,A-068-5374,PESTICIDE REGISTRATION FUND,304,NS,NS
1688,FY-2025,A-5374,L-1253,OTHER GOODS AND SERVICES FROM FEDERAL SOURCES,01,1000000.00,1000000.00,1000000.00,0.00,0.00,0.00,0.00,0.00,0.00,0.00,0.00,0.00,A-068-5374,PESTICIDE REGISTRATION FUND,304,NS,NS
1689,FY-2025,A-5374,L-1257,OPERATION AND MAINTENANCE OF EQUIPMENT,01,0.00,0.00,0.00,0.00,0.00,0.00,0.00,0.00,0.00,0.00,0.00,0.00,A-068-5374,PESTICIDE REGISTRATION FUND,304,NS,NS
1690,FY-2025,A-5374,L-1410,"GRANTS, SUBSIDIES, AND CONTRIBUTIONS",01,0.00,0.00,0.00,0.00,0.00,0.00,0.00,0.00,0.00,0.00,0.00,0.00,A-068-5374,PESTICIDE REGISTRATION FUND,304,NS,NS
1691,FY-2025,A-5374,L-9999,"TOTAL NEW OBLIGATIONS, UNEXPIRED ACCOUNTS",01,22000000.00,26000000.00,29000000.00,0.00,0.00,0.00,0.00,0.00,0.00,0.00,0.00,0.00,A-068-5374,PESTICIDE REGISTRATION FUND,304,NS,NS
1692,FY-2025,A-5374,L-1001,DIRECT CIVILIAN FULL-TIME EQUIVALENT EMPLOYMENT,01,134000000.00,134000000.00,134000000.00,0.00,0.00,0.00,0.00,0.00,0.00,0.00,0.00,0.00,A-068-5374,PESTICIDE REGISTRATION FUND,304,NS,NS
1693,FY-2025,A-5374,L-200401,BUDGET AUTHORITY,01,21000000.00,26000000.00,26000000.00,0.00,0.00,0.00,0.00,0.00,0.00,0.00,0.00,0.00,A-068-5374,PESTICIDE REGISTRATION FUND,304,NS,NS
1694,FY-2025,A-5374,L-200402,OUTLAYS,01,22000000.00,26000000.00,27000000.00,0.00,0.00,0.00,0.00,0.00,0.00,0.00,0.00,0.00,A-068-5374,PESTICIDE REGISTRATION FUND,304,NS,NS
1695,FY-2025,A-5374,L-1000,BUDGET YEAR BUDGETARY RESOURCES [TREAS ACCT],01,0.00,0.00,26000000000.00,0.00,0.00,0.00,0.00,0.00,0.00,0.00,0.00,0.00,A-068-5374,PESTICIDE REGISTRATION FUND,304,NS,NS
1696,FY-2025,A-5664,L-0100,"BALANCE, START OF YEAR",01,0.00,0.00,0.00,0.00,0.00,0.00,0.00,0.00,0.00,0.00,0.00,0.00,A-068-5664,TSCA SERVICE FEE FUND,304,NS,NS
1697,FY-2025,A-5664,L-1130,"USER FEES, TSCA SERVICE FEE FUND",01,4000000.00,36000000.00,31000000.00,0.00,0.00,0.00,0.00,0.00,0.00,0.00,0.00,0.00,A-068-5664,TSCA SERVICE FEE FUND,304,NS,NS
1698,FY-2025,A-5664,L-2000,TOTAL: BALANCES AND RECEIPTS,01,4000000.00,36000000.00,31000000.00,0.00,0.00,0.00,0.00,0.00,0.00,0.00,0.00,0.00,A-068-5664,TSCA SERVICE FEE FUND,304,NS,NS
1699,FY-2025,A-5664,L-2101,TSCA SERVICE FEE FUND,01,0.00,-36000000.00,-31000000.00,0.00,0.00,0.00,0.00,0.00,0.00,0.00,0.00,0.00,A-068-5664,TSCA SERVICE FEE FUND,304,NS,NS
1700,FY-2025,A-5664,L-2103,TSCA SERVICE FEE FUND,01,-4000000.00,0.00,0.00,0.00,0.00,0.00,0.00,0.00,0.00,0.00,0.00,0.00,A-068-5664,TSCA SERVICE FEE FUND,304,NS,NS
1701,FY-2025,A-5664,L-2199,TOTAL CURRENT LAW APPROPRIATIONS,01,-4000000.00,-36000000.00,-31000000.00,0.00,0.00,0.00,0.00,0.00,0.00,0.00,0.00,0.00,A-068-5664,TSCA SERVICE FEE FUND,304,NS,NS
1702,FY-2025,A-5664,L-2999,TOTAL APPROPRIATIONS,01,-4000000.00,-36000000.00,-31000000.00,0.00,0.00,0.00,0.00,0.00,0.00,0.00,0.00,0.00,A-068-5664,TSCA SERVICE FEE FUND,304,NS,NS
1703,FY-2025,A-5664,L-5099,"BALANCE, END OF YEAR",01,0.00,0.00,0.00,0.00,0.00,0.00,0.00,0.00,0.00,0.00,0.00,0.00,A-068-5664,TSCA SERVICE FEE FUND,304,NS,NS
1704,FY-2025,A-5664,L-0011,ENSURE SAFETY OF CHEMICALS FOR PEOPLE AND THE ENVIRONMENT,01,0.00,0.00,31000000.00,0.00,0.00,0.00,0.00,0.00,0.00,0.00,0.00,0.00,A-068-5664,TSCA SERVICE FEE FUND,304,NS,NS
1705,FY-2025,A-5664,L-0900,"TOTAL NEW OBLIGATIONS, UNEXPIRED ACCOUNTS",01,0.00,0.00,31000000.00,0.00,0.00,0.00,0.00,0.00,0.00,0.00,0.00,0.00,A-068-5664,TSCA SERVICE FEE FUND,304,NS,NS
1706,FY-2025,A-5664,L-1000,"UNOBLIGATED BALANCE BROUGHT FORWARD, OCT 1",01,0.00,0.00,0.00,0.00,0.00,0.00,0.00,0.00,0.00,0.00,0.00,0.00,A-068-5664,TSCA SERVICE FEE FUND,304,NS,NS
1707,FY-2025,A-5664,L-1070,UNOBLIGATED BALANCE (TOTAL),01,0.00,0.00,0.00,0.00,0.00,0.00,0.00,0.00,0.00,0.00,0.00,0.00,A-068-5664,TSCA SERVICE FEE FUND,304,NS,NS
1708,FY-2025,A-5664,L-1101,APPROPRIATION (SPECIAL OR TRUST),01,0.00,36000000.00,31000000.00,0.00,0.00,0.00,0.00,0.00,0.00,0.00,0.00,0.00,A-068-5664,TSCA SERVICE FEE FUND,304,NS,DISCRETIONARY
1709,FY-2025,A-5664,L-1103,APPROPRIATION (PREVIOUSLY UNAVAILABLE)(SPECIAL OR TRUST),01,4000000.00,0.00,0.00,0.00,0.00,0.00,0.00,0.00,0.00,0.00,0.00,0.00,A-068-5664,TSCA SERVICE FEE FUND,304,NS,DISCRETIONARY
1710,FY-2025,A-5664,L-1120,APPROPRIATIONS TRANSFERRED TO OTHER ACCT [TREAS ACCT],01,-4000000.00,-36000000.00,0.00,0.00,0.00,0.00,0.00,0.00,0.00,0.00,0.00,0.00,A-068-5664,TSCA SERVICE FEE FUND,304,NS,DISCRETIONARY
1711,FY-2025,A-5664,L-1160,"APPROPRIATION, DISCRETIONARY (TOTAL)",01,0.00,0.00,31000000.00,0.00,0.00,0.00,0.00,0.00,0.00,0.00,0.00,0.00,A-068-5664,TSCA SERVICE FEE FUND,304,NS,DISCRETIONARY
1712,FY-2025,A-5664,L-116040,APPROPRIATION [TSCA SERVICE FEE],01,0.00,0.00,31000000.00,32000000.00,32000000.00,33000000.00,34000000.00,35000000.00,36000000.00,36000000.00,37000000.00,38000000.00,A-068-5664,TSCA SERVICE FEE FUND,304,"DISCRETIONARY, APPROPRIATIONS COMMITTEE",DISCRETIONARY
1713,FY-2025,A-5664,L-116050,BASELINE PAY/NON-PAY,01,0.00,0.00,0.00,0.00,0.00,0.00,0.00,0.00,0.00,0.00,0.00,0.00,A-068-5664,TSCA SERVICE FEE FUND,304,"DISCRETIONARY, APPROPRIATIONS COMMITTEE",DISCRETIONARY
1714,FY-2025,A-5664,L-116050,BASELINE PAY/NON-PAY,01,0.00,0.00,0.00,0.00,0.00,0.00,0.00,0.00,0.00,0.00,0.00,0.00,A-068-5664,TSCA SERVICE FEE FUND,304,"DISCRETIONARY, APPROPRIATIONS COMMITTEE",DISCRETIONARY
1715,FY-2025,A-5664,L-116050,BASELINE PAY/NON-PAY,01,0.00,0.00,0.00,0.00,0.00,0.00,0.00,0.00,0.00,0.00,0.00,0.00,A-068-5664,TSCA SERVICE FEE FUND,304,"DISCRETIONARY, APPROPRIATIONS COMMITTEE",DISCRETIONARY
1716,FY-2025,A-5664,L-116061,NEW AUTHORITY,01,0.00,0.00,3000000.00,3000000.00,3000000.00,3000000.00,3000000.00,4000000.00,4000000.00,4000000.00,4000000.00,4000000.00,A-068-5664,TSCA SERVICE FEE FUND,304,"DISCRETIONARY, APPROPRIATIONS COMMITTEE",DISCRETIONARY
1717,FY-2025,A-5664,L-116062,BALANCES (EXCL OF EOY PY BAL),01,0.00,0.00,0.00,3000000.00,6000000.00,10000000.00,13000000.00,16000000.00,20000000.00,23000000.00,27000000.00,31000000.00,A-068-5664,TSCA SERVICE FEE FUND,304,"DISCRETIONARY, APPROPRIATIONS COMMITTEE",DISCRETIONARY
1718,FY-2025,A-5664,L-116063,END OF PY BALANCES,01,0.00,0.00,0.00,0.00,0.00,0.00,0.00,0.00,0.00,0.00,0.00,0.00,A-068-5664,TSCA SERVICE FEE FUND,304,"DISCRETIONARY, APPROPRIATIONS COMMITTEE",DISCRETIONARY
1719,FY-2025,A-5664,L-116081,NEW AUTHORITY,01,0.00,0.00,0.00,0.00,0.00,0.00,0.00,0.00,0.00,0.00,0.00,0.00,A-068-5664,TSCA SERVICE FEE FUND,304,"DISCRETIONARY, APPROPRIATIONS COMMITTEE",DISCRETIONARY
1720,FY-2025,A-5664,L-116082,BALANCES (EXCL OF EOY PY BAL),01,0.00,0.00,0.00,0.00,0.00,0.00,0.00,0.00,0.00,0.00,0.00,0.00,A-068-5664,TSCA SERVICE FEE FUND,304,"DISCRETIONARY, APPROPRIATIONS COMMITTEE",DISCRETIONARY
1721,FY-2025,A-5664,L-116083,END OF PY BALANCES,01,0.00,0.00,0.00,0.00,0.00,0.00,0.00,0.00,0.00,0.00,0.00,0.00,A-068-5664,TSCA SERVICE FEE FUND,304,"DISCRETIONARY, APPROPRIATIONS COMMITTEE",DISCRETIONARY
1722,FY-2025,A-5664,L-1930,TOTAL BUDGETARY RESOURCES AVAILABLE,01,0.00,0.00,31000000.00,0.00,0.00,0.00,0.00,0.00,0.00,0.00,0.00,0.00,A-068-5664,TSCA SERVICE FEE FUND,304,NS,NS
1723,FY-2025,A-5664,L-3000,"UNPAID OBLIGATIONS, BROUGHT FORWARD, OCT 1",01,0.00,0.00,0.00,0.00,0.00,0.00,0.00,0.00,0.00,0.00,0.00,0.00,A-068-5664,TSCA SERVICE FEE FUND,304,NS,NS
1724,FY-2025,A-5664,L-3010,"NEW OBLIGATIONS, UNEXPIRED ACCOUNTS",01,0.00,0.00,31000000.00,0.00,0.00,0.00,0.00,0.00,0.00,0.00,0.00,0.00,A-068-5664,TSCA SERVICE FEE FUND,304,NS,NS
1725,FY-2025,A-5664,L-3020,OUTLAYS (GROSS),01,0.00,0.00,-3000000.00,0.00,0.00,0.00,0.00,0.00,0.00,0.00,0.00,0.00,A-068-5664,TSCA SERVICE FEE FUND,304,NS,NS
1726,FY-2025,A-5664,L-3050,"UNPAID OBLIGATIONS, END OF YEAR",01,0.00,0.00,28000000.00,0.00,0.00,0.00,0.00,0.00,0.00,0.00,0.00,0.00,A-068-5664,TSCA SERVICE FEE FUND,304,NS,NS
1727,FY-2025,A-5664,L-3100,"OBLIGATED BALANCE, START OF YEAR",01,0.00,0.00,0.00,0.00,0.00,0.00,0.00,0.00,0.00,0.00,0.00,0.00,A-068-5664,TSCA SERVICE FEE FUND,304,NS,NS
1728,FY-2025,A-5664,L-3200,"OBLIGATED BALANCE, END OF YEAR",01,0.00,0.00,28000000.00,0.00,0.00,0.00,0.00,0.00,0.00,0.00,0.00,0.00,A-068-5664,TSCA SERVICE FEE FUND,304,NS,NS
1729,FY-2025,A-5664,L-4000,"BUDGET AUTHORITY, GROSS",01,0.00,0.00,31000000.00,0.00,0.00,0.00,0.00,0.00,0.00,0.00,0.00,0.00,A-068-5664,TSCA SERVICE FEE FUND,304,NS,DISCRETIONARY
1730,FY-2025,A-5664,L-4010,OUTLAYS FROM NEW DISCRETIONARY AUTHORITY,01,0.00,0.00,3000000.00,0.00,0.00,0.00,0.00,0.00,0.00,0.00,0.00,0.00,A-068-5664,TSCA SERVICE FEE FUND,304,NS,DISCRETIONARY
1731,FY-2025,A-5664,L-4070,"BUDGET AUTHORITY, NET (DISCRETIONARY)",01,0.00,0.00,31000000.00,0.00,0.00,0.00,0.00,0.00,0.00,0.00,0.00,0.00,A-068-5664,TSCA SERVICE FEE FUND,304,NS,DISCRETIONARY
1732,FY-2025,A-5664,L-4080,"OUTLAYS, NET (DISCRETIONARY)",01,0.00,0.00,3000000.00,0.00,0.00,0.00,0.00,0.00,0.00,0.00,0.00,0.00,A-068-5664,TSCA SERVICE FEE FUND,304,NS,DISCRETIONARY
1733,FY-2025,A-5664,L-4180,"BUDGET AUTHORITY, NET (TOTAL)",01,0.00,0.00,31000000.00,0.00,0.00,0.00,0.00,0.00,0.00,0.00,0.00,0.00,A-068-5664,TSCA SERVICE FEE FUND,304,NS,NS
1734,FY-2025,A-5664,L-4190,"OUTLAYS, NET (TOTAL)",01,0.00,0.00,3000000.00,0.00,0.00,0.00,0.00,0.00,0.00,0.00,0.00,0.00,A-068-5664,TSCA SERVICE FEE FUND,304,NS,NS
1735,FY-2025,A-5664,L-1111,FULL-TIME PERMANENT,01,0.00,0.00,0.00,0.00,0.00,0.00,0.00,0.00,0.00,0.00,0.00,0.00,A-068-5664,TSCA SERVICE FEE FUND,304,NS,NS
1736,FY-2025,A-5664,L-1115,OTHER PERSONNEL COMPENSATION,01,0.00,0.00,0.00,0.00,0.00,0.00,0.00,0.00,0.00,0.00,0.00,0.00,A-068-5664,TSCA SERVICE FEE FUND,304,NS,NS
1737,FY-2025,A-5664,L-1119,TOTAL PERSONNEL COMPENSATION,01,0.00,0.00,0.00,0.00,0.00,0.00,0.00,0.00,0.00,0.00,0.00,0.00,A-068-5664,TSCA SERVICE FEE FUND,304,NS,NS
1738,FY-2025,A-5664,L-1251,ADVISORY AND ASSISTANCE SERVICES,01,0.00,0.00,31000000.00,0.00,0.00,0.00,0.00,0.00,0.00,0.00,0.00,0.00,A-068-5664,TSCA SERVICE FEE FUND,304,NS,NS
1739,FY-2025,A-5664,L-1252,OTHER SERVICES FROM NON-FEDERAL SOURCES,01,0.00,0.00,0.00,0.00,0.00,0.00,0.00,0.00,0.00,0.00,0.00,0.00,A-068-5664,TSCA SERVICE FEE FUND,304,NS,NS
1740,FY-2025,A-5664,L-1253,OTHER GOODS AND SERVICES FROM FEDERAL SOURCES,01,0.00,0.00,0.00,0.00,0.00,0.00,0.00,0.00,0.00,0.00,0.00,0.00,A-068-5664,TSCA SERVICE FEE FUND,304,NS,NS
1741,FY-2025,A-5664,L-9999,"TOTAL NEW OBLIGATIONS, UNEXPIRED ACCOUNTS",01,0.00,0.00,31000000.00,0.00,0.00,0.00,0.00,0.00,0.00,0.00,0.00,0.00,A-068-5664,TSCA SERVICE FEE FUND,304,NS,NS
1742,FY-2025,A-5664,L-1001,DIRECT CIVILIAN FULL-TIME EQUIVALENT EMPLOYMENT,01,0.00,0.00,0.00,0.00,0.00,0.00,0.00,0.00,0.00,0.00,0.00,0.00,A-068-5664,TSCA SERVICE FEE FUND,304,NS,NS
1743,FY-2025,A-5664,L-200401,BUDGET AUTHORITY,01,0.00,0.00,31000000.00,0.00,0.00,0.00,0.00,0.00,0.00,0.00,0.00,0.00,A-068-5664,TSCA SERVICE FEE FUND,304,NS,NS
1744,FY-2025,A-5664,L-200402,OUTLAYS,01,0.00,0.00,3000000.00,0.00,0.00,0.00,0.00,0.00,0.00,0.00,0.00,0.00,A-068-5664,TSCA SERVICE FEE FUND,304,NS,NS
1745,FY-2025,A-5664,L-1000,BUDGET YEAR BUDGETARY RESOURCES [TREAS ACCT],01,0.00,0.00,31000000000.00,0.00,0.00,0.00,0.00,0.00,0.00,0.00,0.00,0.00,A-068-5664,TSCA SERVICE FEE FUND,304,NS,NS
1746,FY-2025,A-8145,L-0100,"BALANCE, START OF YEAR",01,509000000.00,1745000000.00,2650000000.00,0.00,0.00,0.00,0.00,0.00,0.00,0.00,0.00,0.00,A-068-8145,HAZARDOUS SUBSTANCE SUPERFUND,304,NS,NS
1747,FY-2025,A-8145,L-1110,"EXCISE TAXES, HAZARDOUS SUBSTANCE SUPERFUND",01,1205000000.00,2174000000.00,2330000000.00,0.00,0.00,0.00,0.00,0.00,0.00,0.00,0.00,0.00,A-068-8145,HAZARDOUS SUBSTANCE SUPERFUND,304,NS,NS
1748,FY-2025,A-8145,L-1110,"FINES AND PENALTIES, AND MISCELLANEOUS, HAZARDOUS SUBSTANCE SUPERFUND",02,1000000.00,1000000.00,1000000.00,0.00,0.00,0.00,0.00,0.00,0.00,0.00,0.00,0.00,A-068-8145,HAZARDOUS SUBSTANCE SUPERFUND,304,NS,NS
1749,FY-2025,A-8145,L-1130,"RECOVERIES, HAZARDOUS SUBSTANCE SUPERFUND",01,60000000.00,60000000.00,60000000.00,0.00,0.00,0.00,0.00,0.00,0.00,0.00,0.00,0.00,A-068-8145,HAZARDOUS SUBSTANCE SUPERFUND,304,NS,NS
1750,FY-2025,A-8145,L-1130,"FUTURE CLEAN UP COST SETTLEMENTS, HAZARDOUS SUBSTANCE SUPERFUND TRUST FUND",02,178000000.00,350000000.00,350000000.00,0.00,0.00,0.00,0.00,0.00,0.00,0.00,0.00,0.00,A-068-8145,HAZARDOUS SUBSTANCE SUPERFUND,304,NS,NS
1751,FY-2025,A-8145,L-1140,"INTEREST AND PROFITS ON INVESTMENTS, HAZARDOUS SUBSTANCE SUPERFUND",01,295000000.00,65000000.00,66000000.00,0.00,0.00,0.00,0.00,0.00,0.00,0.00,0.00,0.00,A-068-8145,HAZARDOUS SUBSTANCE SUPERFUND,304,NS,NS
1752,FY-2025,A-8145,L-1140,"INTEREST AND PROFITS ON INVESTMENTS, HAZARDOUS SUBSTANCE SUPERFUND",02,0.00,164000000.00,168000000.00,0.00,0.00,0.00,0.00,0.00,0.00,0.00,0.00,0.00,A-068-8145,HAZARDOUS SUBSTANCE SUPERFUND,304,NS,NS
1753,FY-2025,A-8145,L-1140,"INTERFUND TRANSACTIONS, HAZARDOUS SUBSTANCE SUPERFUND",03,0.00,1028000000.00,406000000.00,0.00,0.00,0.00,0.00,0.00,0.00,0.00,0.00,0.00,A-068-8145,HAZARDOUS SUBSTANCE SUPERFUND,304,NS,NS
1754,FY-2025,A-8145,L-1140,"INTERFUND TRANSACTIONS, HAZARDOUS SUBSTANCE SUPERFUND",04,1218000000.00,0.00,0.00,0.00,0.00,0.00,0.00,0.00,0.00,0.00,0.00,0.00,A-068-8145,HAZARDOUS SUBSTANCE SUPERFUND,304,NS,NS
1755,FY-2025,A-8145,L-1199,TOTAL CURRENT LAW RECEIPTS,01,2957000000.00,3842000000.00,3381000000.00,0.00,0.00,0.00,0.00,0.00,0.00,0.00,0.00,0.00,A-068-8145,HAZARDOUS SUBSTANCE SUPERFUND,304,NS,NS
1756,FY-2025,A-8145,L-1999,TOTAL RECEIPTS,01,2957000000.00,3842000000.00,3381000000.00,0.00,0.00,0.00,0.00,0.00,0.00,0.00,0.00,0.00,A-068-8145,HAZARDOUS SUBSTANCE SUPERFUND,304,NS,NS
1757,FY-2025,A-8145,L-2000,TOTAL: BALANCES AND RECEIPTS,01,3466000000.00,5587000000.00,6031000000.00,0.00,0.00,0.00,0.00,0.00,0.00,0.00,0.00,0.00,A-068-8145,HAZARDOUS SUBSTANCE SUPERFUND,304,NS,NS
1758,FY-2025,A-8145,L-2101,HAZARDOUS SUBSTANCE SUPERFUND,01,-101000000.00,-100000000.00,-100000000.00,0.00,0.00,0.00,0.00,0.00,0.00,0.00,0.00,0.00,A-068-8145,HAZARDOUS SUBSTANCE SUPERFUND,304,NS,NS
1759,FY-2025,A-8145,L-2101,HAZARDOUS SUBSTANCE SUPERFUND,02,-180000000.00,-350000000.00,-350000000.00,0.00,0.00,0.00,0.00,0.00,0.00,0.00,0.00,0.00,A-068-8145,HAZARDOUS SUBSTANCE SUPERFUND,304,NS,NS
1760,FY-2025,A-8145,L-2101,HAZARDOUS SUBSTANCE SUPERFUND,03,-160000000.00,-1205000000.00,-2174000000.00,0.00,0.00,0.00,0.00,0.00,0.00,0.00,0.00,0.00,A-068-8145,HAZARDOUS SUBSTANCE SUPERFUND,304,NS,NS
1761,FY-2025,A-8145,L-2101,HAZARDOUS SUBSTANCE SUPERFUND,04,-31000000.00,-31000000.00,-32000000.00,0.00,0.00,0.00,0.00,0.00,0.00,0.00,0.00,0.00,A-068-8145,HAZARDOUS SUBSTANCE SUPERFUND,304,NS,NS
1762,FY-2025,A-8145,L-2101,HAZARDOUS SUBSTANCE SUPERFUND,05,-12000000.00,-12000000.00,-14000000.00,0.00,0.00,0.00,0.00,0.00,0.00,0.00,0.00,0.00,A-068-8145,HAZARDOUS SUBSTANCE SUPERFUND,304,NS,NS
1763,FY-2025,A-8145,L-2101,HAZARDOUS SUBSTANCE SUPERFUND,06,-1239000000.00,-1239000000.00,-615000000.00,0.00,0.00,0.00,0.00,0.00,0.00,0.00,0.00,0.00,A-068-8145,HAZARDOUS SUBSTANCE SUPERFUND,304,NS,NS
1764,FY-2025,A-8145,L-2103,HAZARDOUS SUBSTANCE SUPERFUND,01,-4000000.00,-6000000.00,-6000000.00,0.00,0.00,0.00,0.00,0.00,0.00,0.00,0.00,0.00,A-068-8145,HAZARDOUS SUBSTANCE SUPERFUND,304,NS,NS
1765,FY-2025,A-8145,L-2132,HAZARDOUS SUBSTANCE SUPERFUND,01,6000000.00,6000000.00,6000000.00,0.00,0.00,0.00,0.00,0.00,0.00,0.00,0.00,0.00,A-068-8145,HAZARDOUS SUBSTANCE SUPERFUND,304,NS,NS
1766,FY-2025,A-8145,L-2198,ROUNDING ADJUSTMENT,01,-1000000.00,0.00,0.00,0.00,0.00,0.00,0.00,0.00,0.00,0.00,0.00,0.00,A-068-8145,HAZARDOUS SUBSTANCE SUPERFUND,304,NS,NS
1767,FY-2025,A-8145,L-2199,TOTAL CURRENT LAW APPROPRIATIONS,01,-1722000000.00,-2937000000.00,-3285000000.00,0.00,0.00,0.00,0.00,0.00,0.00,0.00,0.00,0.00,A-068-8145,HAZARDOUS SUBSTANCE SUPERFUND,304,NS,NS
1768,FY-2025,A-8145,L-2999,TOTAL APPROPRIATIONS,01,-1722000000.00,-2937000000.00,-3285000000.00,0.00,0.00,0.00,0.00,0.00,0.00,0.00,0.00,0.00,A-068-8145,HAZARDOUS SUBSTANCE SUPERFUND,304,NS,NS
1769,FY-2025,A-8145,L-3010,HAZARDOUS SUBSTANCE SUPERFUND,01,1000000.00,0.00,0.00,0.00,0.00,0.00,0.00,0.00,0.00,0.00,0.00,0.00,A-068-8145,HAZARDOUS SUBSTANCE SUPERFUND,304,NS,NS
1770,FY-2025,A-8145,L-3010,HAZARDOUS SUBSTANCE SUPERFUND,02,1000000.00,0.00,0.00,0.00,0.00,0.00,0.00,0.00,0.00,0.00,0.00,0.00,A-068-8145,HAZARDOUS SUBSTANCE SUPERFUND,304,NS,NS
1771,FY-2025,A-8145,L-5098,RECONCILIATION ADJUSTMENT,01,-1000000.00,0.00,0.00,0.00,0.00,0.00,0.00,0.00,0.00,0.00,0.00,0.00,A-068-8145,HAZARDOUS SUBSTANCE SUPERFUND,304,NS,NS
1772,FY-2025,A-8145,L-5099,"BALANCE, END OF YEAR",01,1745000000.00,2650000000.00,2746000000.00,0.00,0.00,0.00,0.00,0.00,0.00,0.00,0.00,0.00,A-068-8145,HAZARDOUS SUBSTANCE SUPERFUND,304,NS,NS
1773,FY-2025,A-8145,L-0001,ENVIRONMENTAL JUSTICE AND CIVIL RIGHTS,01,0.00,0.00,0.00,0.00,0.00,0.00,0.00,0.00,0.00,0.00,0.00,0.00,A-068-8145,HAZARDOUS SUBSTANCE SUPERFUND,304,NS,NS
1774,FY-2025,A-8145,L-0002,ENFORCE ENVIRONMENTAL LAWS AND ENSURE COMPLIANCE,01,1000000.00,1000000.00,1000000.00,0.00,0.00,0.00,0.00,0.00,0.00,0.00,0.00,0.00,A-068-8145,HAZARDOUS SUBSTANCE SUPERFUND,304,NS,NS
1775,FY-2025,A-8145,L-0003,ENSURE CLEAN AND HEALTHY AIR FOR ALL COMMUNITIES,01,191000000.00,191000000.00,232000000.00,0.00,0.00,0.00,0.00,0.00,0.00,0.00,0.00,0.00,A-068-8145,HAZARDOUS SUBSTANCE SUPERFUND,304,NS,NS
1776,FY-2025,A-8145,L-0004,SAFEGUARD AND REVITALIZE COMMUNITIES,01,2000000.00,2000000.00,2000000.00,0.00,0.00,0.00,0.00,0.00,0.00,0.00,0.00,0.00,A-068-8145,HAZARDOUS SUBSTANCE SUPERFUND,304,NS,NS
1777,FY-2025,A-8145,L-0005,CROSS AGENCY STATEGIES,01,0.00,0.00,0.00,0.00,0.00,0.00,0.00,0.00,0.00,0.00,0.00,0.00,A-068-8145,HAZARDOUS SUBSTANCE SUPERFUND,304,NS,NS
1778,FY-2025,A-8145,L-0006,SAFEGUARD AND REVITALIZE COMMUNITIES,01,2239000000.00,2239000000.00,2721000000.00,0.00,0.00,0.00,0.00,0.00,0.00,0.00,0.00,0.00,A-068-8145,HAZARDOUS SUBSTANCE SUPERFUND,304,NS,NS
1779,FY-2025,A-8145,L-0100,SUBTOTAL DIRECT PROGRAM,01,2433000000.00,2433000000.00,2956000000.00,0.00,0.00,0.00,0.00,0.00,0.00,0.00,0.00,0.00,A-068-8145,HAZARDOUS SUBSTANCE SUPERFUND,304,NS,NS
1780,FY-2025,A-8145,L-0799,TOTAL DIRECT OBLIGATIONS,01,2433000000.00,2433000000.00,2956000000.00,0.00,0.00,0.00,0.00,0.00,0.00,0.00,0.00,0.00,A-068-8145,HAZARDOUS SUBSTANCE SUPERFUND,304,NS,NS
1781,FY-2025,A-8145,L-0801,HAZARDOUS SUBSTANCE SUPERFUND (REIMBURSABLE),01,411000000.00,295000000.00,295000000.00,0.00,0.00,0.00,0.00,0.00,0.00,0.00,0.00,0.00,A-068-8145,HAZARDOUS SUBSTANCE SUPERFUND,304,NS,NS
1782,FY-2025,A-8145,L-0900,"TOTAL NEW OBLIGATIONS, UNEXPIRED ACCOUNTS",01,2844000000.00,2728000000.00,3251000000.00,0.00,0.00,0.00,0.00,0.00,0.00,0.00,0.00,0.00,A-068-8145,HAZARDOUS SUBSTANCE SUPERFUND,304,NS,NS
1783,FY-2025,A-8145,L-1000,"UNOBLIGATED BALANCE BROUGHT FORWARD, OCT 1",01,6216000000.00,5265000000.00,5790000000.00,0.00,0.00,0.00,0.00,0.00,0.00,0.00,0.00,0.00,A-068-8145,HAZARDOUS SUBSTANCE SUPERFUND,304,NS,NS
1784,FY-2025,A-8145,L-1001,"DISCRETIONARY UNOBLIGATED BALANCE BROUGHT FWD, OCT 1",01,2754000000.00,0.00,0.00,0.00,0.00,0.00,0.00,0.00,0.00,0.00,0.00,0.00,A-068-8145,HAZARDOUS SUBSTANCE SUPERFUND,304,NS,DISCRETIONARY
1785,FY-2025,A-8145,L-1021,RECOVERIES OF PRIOR YEAR UNPAID OBLIGATIONS,01,144000000.00,250000000.00,250000000.00,0.00,0.00,0.00,0.00,0.00,0.00,0.00,0.00,0.00,A-068-8145,HAZARDOUS SUBSTANCE SUPERFUND,304,NS,NS
1786,FY-2025,A-8145,L-1033,RECOVERIES OF PRIOR YEAR PAID OBLIGATIONS,01,13000000.00,0.00,0.00,0.00,0.00,0.00,0.00,0.00,0.00,0.00,0.00,0.00,A-068-8145,HAZARDOUS SUBSTANCE SUPERFUND,304,NS,NS
1787,FY-2025,A-8145,L-1070,UNOBLIGATED BALANCE (TOTAL),01,6373000000.00,5515000000.00,6040000000.00,0.00,0.00,0.00,0.00,0.00,0.00,0.00,0.00,0.00,A-068-8145,HAZARDOUS SUBSTANCE SUPERFUND,304,NS,NS
1788,FY-2025,A-8145,L-1101,APPROPRIATION (SPECIAL OR TRUST),01,1239000000.00,1239000000.00,615000000.00,0.00,0.00,0.00,0.00,0.00,0.00,0.00,0.00,0.00,A-068-8145,HAZARDOUS SUBSTANCE SUPERFUND,304,NS,DISCRETIONARY
1789,FY-2025,A-8145,L-1101,APPROPRIATION (SPECIAL OR TRUST),02,12000000.00,12000000.00,14000000.00,0.00,0.00,0.00,0.00,0.00,0.00,0.00,0.00,0.00,A-068-8145,HAZARDOUS SUBSTANCE SUPERFUND,304,NS,DISCRETIONARY
1790,FY-2025,A-8145,L-1101,APPROPRIATION (SPECIAL OR TRUST),03,31000000.00,31000000.00,32000000.00,0.00,0.00,0.00,0.00,0.00,0.00,0.00,0.00,0.00,A-068-8145,HAZARDOUS SUBSTANCE SUPERFUND,304,NS,DISCRETIONARY
1791,FY-2025,A-8145,L-1101,APPROPRIATION (SPECIAL OR TRUST),04,160000000.00,1205000000.00,2174000000.00,0.00,0.00,0.00,0.00,0.00,0.00,0.00,0.00,0.00,A-068-8145,HAZARDOUS SUBSTANCE SUPERFUND,304,NS,DISCRETIONARY
1792,FY-2025,A-8145,L-1101,APPROPRIATION (SPECIAL OR TRUST),05,0.00,0.00,0.00,0.00,0.00,0.00,0.00,0.00,0.00,0.00,0.00,0.00,A-068-8145,HAZARDOUS SUBSTANCE SUPERFUND,304,NS,DISCRETIONARY
1793,FY-2025,A-8145,L-1101,APPROPRIATION (SPECIAL OR TRUST),06,0.00,0.00,0.00,0.00,0.00,0.00,0.00,0.00,0.00,0.00,0.00,0.00,A-068-8145,HAZARDOUS SUBSTANCE SUPERFUND,304,NS,DISCRETIONARY
1794,FY-2025,A-8145,L-1160,"APPROPRIATION, DISCRETIONARY (TOTAL)",01,1442000000.00,2487000000.00,2835000000.00,0.00,0.00,0.00,0.00,0.00,0.00,0.00,0.00,0.00,A-068-8145,HAZARDOUS SUBSTANCE SUPERFUND,304,NS,DISCRETIONARY
1795,FY-2025,A-8145,L-116040,APPROPRIATION [SUPERFUND PC & B],01,251000000.00,251000000.00,123000000.00,126000000.00,129000000.00,132000000.00,135000000.00,138000000.00,141000000.00,144000000.00,148000000.00,151000000.00,A-068-8145,HAZARDOUS SUBSTANCE SUPERFUND,304,"DISCRETIONARY, APPROPRIATIONS COMMITTEE",DISCRETIONARY
1796,FY-2025,A-8145,L-116050,BASELINE PAY/NON-PAY,01,251000000.00,0.00,0.00,0.00,0.00,0.00,0.00,0.00,0.00,0.00,0.00,0.00,A-068-8145,HAZARDOUS SUBSTANCE SUPERFUND,304,"DISCRETIONARY, APPROPRIATIONS COMMITTEE",DISCRETIONARY
1797,FY-2025,A-8145,L-116050,BASELINE PAY/NON-PAY,01,0.00,251000000.00,262000000.00,270000000.00,278000000.00,286000000.00,295000000.00,303000000.00,313000000.00,322000000.00,332000000.00,342000000.00,A-068-8145,HAZARDOUS SUBSTANCE SUPERFUND,304,"DISCRETIONARY, APPROPRIATIONS COMMITTEE",DISCRETIONARY
1798,FY-2025,A-8145,L-116050,BASELINE PAY/NON-PAY,01,0.00,0.00,0.00,0.00,0.00,0.00,0.00,0.00,0.00,0.00,0.00,0.00,A-068-8145,HAZARDOUS SUBSTANCE SUPERFUND,304,"DISCRETIONARY, APPROPRIATIONS COMMITTEE",DISCRETIONARY
1799,FY-2025,A-8145,L-116061,NEW AUTHORITY,01,163000000.00,185000000.00,91000000.00,93000000.00,95000000.00,97000000.00,99000000.00,102000000.00,104000000.00,106000000.00,109000000.00,111000000.00,A-068-8145,HAZARDOUS SUBSTANCE SUPERFUND,304,"DISCRETIONARY, APPROPRIATIONS COMMITTEE",DISCRETIONARY
1800,FY-2025,A-8145,L-116062,BALANCES (EXCL OF EOY PY BAL),01,9000000.00,0.00,25000000.00,53000000.00,33000000.00,34000000.00,34000000.00,35000000.00,36000000.00,37000000.00,38000000.00,38000000.00,A-068-8145,HAZARDOUS SUBSTANCE SUPERFUND,304,"DISCRETIONARY, APPROPRIATIONS COMMITTEE",DISCRETIONARY
1801,FY-2025,A-8145,L-116063,END OF PY BALANCES,01,0.00,64000000.00,41000000.00,0.00,0.00,0.00,0.00,0.00,0.00,0.00,0.00,0.00,A-068-8145,HAZARDOUS SUBSTANCE SUPERFUND,304,"DISCRETIONARY, APPROPRIATIONS COMMITTEE",DISCRETIONARY
1802,FY-2025,A-8145,L-116081,NEW AUTHORITY,01,163000000.00,185000000.00,193000000.00,199000000.00,205000000.00,210000000.00,217000000.00,223000000.00,230000000.00,237000000.00,244000000.00,252000000.00,A-068-8145,HAZARDOUS SUBSTANCE SUPERFUND,304,"DISCRETIONARY, APPROPRIATIONS COMMITTEE",DISCRETIONARY
1803,FY-2025,A-8145,L-116082,BALANCES (EXCL OF EOY PY BAL),01,9000000.00,0.00,25000000.00,67000000.00,70000000.00,72000000.00,74000000.00,76000000.00,79000000.00,81000000.00,84000000.00,86000000.00,A-068-8145,HAZARDOUS SUBSTANCE SUPERFUND,304,"DISCRETIONARY, APPROPRIATIONS COMMITTEE",DISCRETIONARY
1804,FY-2025,A-8145,L-116083,END OF PY BALANCES,01,0.00,64000000.00,41000000.00,0.00,0.00,0.00,0.00,0.00,0.00,0.00,0.00,0.00,A-068-8145,HAZARDOUS SUBSTANCE SUPERFUND,304,"DISCRETIONARY, APPROPRIATIONS COMMITTEE",DISCRETIONARY
1805,FY-2025,A-8145,L-116040,APPROPRIATION [IG TRANSFER],02,12000000.00,12000000.00,14000000.00,14000000.00,15000000.00,15000000.00,15000000.00,16000000.00,16000000.00,16000000.00,17000000.00,17000000.00,A-068-8145,HAZARDOUS SUBSTANCE SUPERFUND,304,"DISCRETIONARY, APPROPRIATIONS COMMITTEE",DISCRETIONARY
1806,FY-2025,A-8145,L-116050,BASELINE PAY/NON-PAY,02,12000000.00,0.00,0.00,0.00,0.00,0.00,0.00,0.00,0.00,0.00,0.00,0.00,A-068-8145,HAZARDOUS SUBSTANCE SUPERFUND,304,"DISCRETIONARY, APPROPRIATIONS COMMITTEE",DISCRETIONARY
1807,FY-2025,A-8145,L-116050,BASELINE PAY/NON-PAY,02,0.00,8000000.00,8000000.00,9000000.00,9000000.00,9000000.00,9000000.00,10000000.00,10000000.00,10000000.00,11000000.00,11000000.00,A-068-8145,HAZARDOUS SUBSTANCE SUPERFUND,304,"DISCRETIONARY, APPROPRIATIONS COMMITTEE",DISCRETIONARY
1808,FY-2025,A-8145,L-116050,BASELINE PAY/NON-PAY,02,0.00,4000000.00,4000000.00,4000000.00,4000000.00,4000000.00,4000000.00,5000000.00,5000000.00,5000000.00,5000000.00,5000000.00,A-068-8145,HAZARDOUS SUBSTANCE SUPERFUND,304,"DISCRETIONARY, APPROPRIATIONS COMMITTEE",DISCRETIONARY
1809,FY-2025,A-8145,L-116061,NEW AUTHORITY,02,9000000.00,12000000.00,14000000.00,14000000.00,15000000.00,15000000.00,15000000.00,16000000.00,16000000.00,16000000.00,17000000.00,17000000.00,A-068-8145,HAZARDOUS SUBSTANCE SUPERFUND,304,"DISCRETIONARY, APPROPRIATIONS COMMITTEE",DISCRETIONARY
1810,FY-2025,A-8145,L-116062,BALANCES (EXCL OF EOY PY BAL),02,4000000.00,0.00,0.00,0.00,0.00,0.00,0.00,0.00,0.00,0.00,0.00,0.00,A-068-8145,HAZARDOUS SUBSTANCE SUPERFUND,304,"DISCRETIONARY, APPROPRIATIONS COMMITTEE",DISCRETIONARY
1811,FY-2025,A-8145,L-116063,END OF PY BALANCES,02,0.00,0.00,0.00,0.00,0.00,0.00,0.00,0.00,0.00,0.00,0.00,0.00,A-068-8145,HAZARDOUS SUBSTANCE SUPERFUND,304,"DISCRETIONARY, APPROPRIATIONS COMMITTEE",DISCRETIONARY
1812,FY-2025,A-8145,L-116081,NEW AUTHORITY,02,9000000.00,12000000.00,12000000.00,13000000.00,13000000.00,13000000.00,13000000.00,15000000.00,15000000.00,15000000.00,16000000.00,16000000.00,A-068-8145,HAZARDOUS SUBSTANCE SUPERFUND,304,"DISCRETIONARY, APPROPRIATIONS COMMITTEE",DISCRETIONARY
1813,FY-2025,A-8145,L-116082,BALANCES (EXCL OF EOY PY BAL),02,4000000.00,0.00,0.00,0.00,0.00,0.00,0.00,0.00,0.00,0.00,0.00,0.00,A-068-8145,HAZARDOUS SUBSTANCE SUPERFUND,304,"DISCRETIONARY, APPROPRIATIONS COMMITTEE",DISCRETIONARY
1814,FY-2025,A-8145,L-116083,END OF PY BALANCES,02,0.00,0.00,0.00,0.00,0.00,0.00,0.00,0.00,0.00,0.00,0.00,0.00,A-068-8145,HAZARDOUS SUBSTANCE SUPERFUND,304,"DISCRETIONARY, APPROPRIATIONS COMMITTEE",DISCRETIONARY
1815,FY-2025,A-8145,L-116040,APPROPRIATION [S & T TRANSFER],03,31000000.00,31000000.00,32000000.00,33000000.00,33000000.00,34000000.00,35000000.00,36000000.00,37000000.00,38000000.00,38000000.00,39000000.00,A-068-8145,HAZARDOUS SUBSTANCE SUPERFUND,304,"DISCRETIONARY, APPROPRIATIONS COMMITTEE",DISCRETIONARY
1816,FY-2025,A-8145,L-116050,BASELINE PAY/NON-PAY,03,31000000.00,0.00,0.00,0.00,0.00,0.00,0.00,0.00,0.00,0.00,0.00,0.00,A-068-8145,HAZARDOUS SUBSTANCE SUPERFUND,304,"DISCRETIONARY, APPROPRIATIONS COMMITTEE",DISCRETIONARY
1817,FY-2025,A-8145,L-116050,BASELINE PAY/NON-PAY,03,0.00,12000000.00,13000000.00,13000000.00,13000000.00,14000000.00,14000000.00,15000000.00,15000000.00,15000000.00,16000000.00,16000000.00,A-068-8145,HAZARDOUS SUBSTANCE SUPERFUND,304,"DISCRETIONARY, APPROPRIATIONS COMMITTEE",DISCRETIONARY
1818,FY-2025,A-8145,L-116050,BASELINE PAY/NON-PAY,03,0.00,19000000.00,19000000.00,20000000.00,20000000.00,21000000.00,21000000.00,22000000.00,22000000.00,22000000.00,23000000.00,23000000.00,A-068-8145,HAZARDOUS SUBSTANCE SUPERFUND,304,"DISCRETIONARY, APPROPRIATIONS COMMITTEE",DISCRETIONARY
1819,FY-2025,A-8145,L-116061,NEW AUTHORITY,03,15000000.00,31000000.00,32000000.00,33000000.00,33000000.00,34000000.00,35000000.00,36000000.00,37000000.00,38000000.00,38000000.00,39000000.00,A-068-8145,HAZARDOUS SUBSTANCE SUPERFUND,304,"DISCRETIONARY, APPROPRIATIONS COMMITTEE",DISCRETIONARY
1820,FY-2025,A-8145,L-116062,BALANCES (EXCL OF EOY PY BAL),03,17000000.00,0.00,0.00,0.00,0.00,0.00,0.00,0.00,0.00,0.00,0.00,0.00,A-068-8145,HAZARDOUS SUBSTANCE SUPERFUND,304,"DISCRETIONARY, APPROPRIATIONS COMMITTEE",DISCRETIONARY
1821,FY-2025,A-8145,L-116063,END OF PY BALANCES,03,0.00,0.00,0.00,0.00,0.00,0.00,0.00,0.00,0.00,0.00,0.00,0.00,A-068-8145,HAZARDOUS SUBSTANCE SUPERFUND,304,"DISCRETIONARY, APPROPRIATIONS COMMITTEE",DISCRETIONARY
1822,FY-2025,A-8145,L-116081,NEW AUTHORITY,03,15000000.00,31000000.00,32000000.00,33000000.00,33000000.00,35000000.00,35000000.00,37000000.00,37000000.00,37000000.00,39000000.00,39000000.00,A-068-8145,HAZARDOUS SUBSTANCE SUPERFUND,304,"DISCRETIONARY, APPROPRIATIONS COMMITTEE",DISCRETIONARY
1823,FY-2025,A-8145,L-116082,BALANCES (EXCL OF EOY PY BAL),03,17000000.00,0.00,0.00,0.00,0.00,0.00,0.00,0.00,0.00,0.00,0.00,0.00,A-068-8145,HAZARDOUS SUBSTANCE SUPERFUND,304,"DISCRETIONARY, APPROPRIATIONS COMMITTEE",DISCRETIONARY
1824,FY-2025,A-8145,L-116083,END OF PY BALANCES,03,0.00,0.00,0.00,0.00,0.00,0.00,0.00,0.00,0.00,0.00,0.00,0.00,A-068-8145,HAZARDOUS SUBSTANCE SUPERFUND,304,"DISCRETIONARY, APPROPRIATIONS COMMITTEE",DISCRETIONARY
1825,FY-2025,A-8145,L-116040,APPROPRIATION [SF CONTRACTS AND EXPENSES],04,140000000.00,140000000.00,135000000.00,138000000.00,141000000.00,145000000.00,148000000.00,151000000.00,155000000.00,158000000.00,162000000.00,166000000.00,A-068-8145,HAZARDOUS SUBSTANCE SUPERFUND,304,"DISCRETIONARY, APPROPRIATIONS COMMITTEE",DISCRETIONARY
1826,FY-2025,A-8145,L-116050,BASELINE PAY/NON-PAY,04,140000000.00,0.00,0.00,0.00,0.00,0.00,0.00,0.00,0.00,0.00,0.00,0.00,A-068-8145,HAZARDOUS SUBSTANCE SUPERFUND,304,"DISCRETIONARY, APPROPRIATIONS COMMITTEE",DISCRETIONARY
1827,FY-2025,A-8145,L-116050,BASELINE PAY/NON-PAY,04,0.00,0.00,0.00,0.00,0.00,0.00,0.00,0.00,0.00,0.00,0.00,0.00,A-068-8145,HAZARDOUS SUBSTANCE SUPERFUND,304,"DISCRETIONARY, APPROPRIATIONS COMMITTEE",DISCRETIONARY
1828,FY-2025,A-8145,L-116050,BASELINE PAY/NON-PAY,04,0.00,140000000.00,143000000.00,146000000.00,149000000.00,152000000.00,155000000.00,159000000.00,162000000.00,165000000.00,169000000.00,173000000.00,A-068-8145,HAZARDOUS SUBSTANCE SUPERFUND,304,"DISCRETIONARY, APPROPRIATIONS COMMITTEE",DISCRETIONARY
1829,FY-2025,A-8145,L-116061,NEW AUTHORITY,04,129000000.00,42000000.00,40000000.00,41000000.00,42000000.00,44000000.00,44000000.00,45000000.00,46000000.00,47000000.00,49000000.00,50000000.00,A-068-8145,HAZARDOUS SUBSTANCE SUPERFUND,304,"DISCRETIONARY, APPROPRIATIONS COMMITTEE",DISCRETIONARY
1830,FY-2025,A-8145,L-116062,BALANCES (EXCL OF EOY PY BAL),04,78000000.00,0.00,64000000.00,79000000.00,84000000.00,90000000.00,96000000.00,102000000.00,104000000.00,107000000.00,109000000.00,111000000.00,A-068-8145,HAZARDOUS SUBSTANCE SUPERFUND,304,"DISCRETIONARY, APPROPRIATIONS COMMITTEE",DISCRETIONARY
1831,FY-2025,A-8145,L-116063,END OF PY BALANCES,04,0.00,146000000.00,67000000.00,34000000.00,12000000.00,8000000.00,4000000.00,0.00,0.00,0.00,0.00,0.00,A-068-8145,HAZARDOUS SUBSTANCE SUPERFUND,304,"DISCRETIONARY, APPROPRIATIONS COMMITTEE",DISCRETIONARY
1832,FY-2025,A-8145,L-116081,NEW AUTHORITY,04,129000000.00,42000000.00,43000000.00,44000000.00,45000000.00,46000000.00,46000000.00,48000000.00,49000000.00,50000000.00,51000000.00,52000000.00,A-068-8145,HAZARDOUS SUBSTANCE SUPERFUND,304,"DISCRETIONARY, APPROPRIATIONS COMMITTEE",DISCRETIONARY
1833,FY-2025,A-8145,L-116082,BALANCES (EXCL OF EOY PY BAL),04,78000000.00,0.00,64000000.00,83000000.00,89000000.00,95000000.00,101000000.00,107000000.00,109000000.00,112000000.00,114000000.00,116000000.00,A-068-8145,HAZARDOUS SUBSTANCE SUPERFUND,304,"DISCRETIONARY, APPROPRIATIONS COMMITTEE",DISCRETIONARY
1834,FY-2025,A-8145,L-116083,END OF PY BALANCES,04,0.00,146000000.00,67000000.00,34000000.00,12000000.00,8000000.00,4000000.00,0.00,0.00,0.00,0.00,0.00,A-068-8145,HAZARDOUS SUBSTANCE SUPERFUND,304,"DISCRETIONARY, APPROPRIATIONS COMMITTEE",DISCRETIONARY
1835,FY-2025,A-8145,L-116040,APPROPRIATION [SUPERFUND HOMELAND PC&B]],05,12000000.00,12000000.00,13000000.00,13000000.00,14000000.00,14000000.00,14000000.00,15000000.00,15000000.00,15000000.00,16000000.00,16000000.00,A-068-8145,HAZARDOUS SUBSTANCE SUPERFUND,304,"DISCRETIONARY, APPROPRIATIONS COMMITTEE",DISCRETIONARY
1836,FY-2025,A-8145,L-116050,BASELINE PAY/NON-PAY,05,12000000.00,0.00,0.00,0.00,0.00,0.00,0.00,0.00,0.00,0.00,0.00,0.00,A-068-8145,HAZARDOUS SUBSTANCE SUPERFUND,304,"DISCRETIONARY, APPROPRIATIONS COMMITTEE",DISCRETIONARY
1837,FY-2025,A-8145,L-116050,BASELINE PAY/NON-PAY,05,0.00,12000000.00,13000000.00,13000000.00,13000000.00,14000000.00,14000000.00,15000000.00,15000000.00,15000000.00,16000000.00,16000000.00,A-068-8145,HAZARDOUS SUBSTANCE SUPERFUND,304,"DISCRETIONARY, APPROPRIATIONS COMMITTEE",DISCRETIONARY
1838,FY-2025,A-8145,L-116050,BASELINE PAY/NON-PAY,05,0.00,0.00,0.00,0.00,0.00,0.00,0.00,0.00,0.00,0.00,0.00,0.00,A-068-8145,HAZARDOUS SUBSTANCE SUPERFUND,304,"DISCRETIONARY, APPROPRIATIONS COMMITTEE",DISCRETIONARY
1839,FY-2025,A-8145,L-116061,NEW AUTHORITY,05,0.00,11000000.00,12000000.00,12000000.00,13000000.00,13000000.00,13000000.00,14000000.00,14000000.00,14000000.00,14000000.00,14000000.00,A-068-8145,HAZARDOUS SUBSTANCE SUPERFUND,304,"DISCRETIONARY, APPROPRIATIONS COMMITTEE",DISCRETIONARY
1840,FY-2025,A-8145,L-116062,BALANCES (EXCL OF EOY PY BAL),05,8000000.00,0.00,1000000.00,1000000.00,1000000.00,1000000.00,1000000.00,1000000.00,2000000.00,2000000.00,2000000.00,2000000.00,A-068-8145,HAZARDOUS SUBSTANCE SUPERFUND,304,"DISCRETIONARY, APPROPRIATIONS COMMITTEE",DISCRETIONARY
1841,FY-2025,A-8145,L-116063,END OF PY BALANCES,05,0.00,1000000.00,0.00,0.00,0.00,0.00,0.00,0.00,0.00,0.00,0.00,0.00,A-068-8145,HAZARDOUS SUBSTANCE SUPERFUND,304,"DISCRETIONARY, APPROPRIATIONS COMMITTEE",DISCRETIONARY
1842,FY-2025,A-8145,L-116081,NEW AUTHORITY,05,0.00,11000000.00,12000000.00,12000000.00,12000000.00,13000000.00,13000000.00,14000000.00,14000000.00,14000000.00,14000000.00,14000000.00,A-068-8145,HAZARDOUS SUBSTANCE SUPERFUND,304,"DISCRETIONARY, APPROPRIATIONS COMMITTEE",DISCRETIONARY
1843,FY-2025,A-8145,L-116082,BALANCES (EXCL OF EOY PY BAL),05,8000000.00,0.00,1000000.00,1000000.00,1000000.00,1000000.00,1000000.00,1000000.00,2000000.00,2000000.00,2000000.00,2000000.00,A-068-8145,HAZARDOUS SUBSTANCE SUPERFUND,304,"DISCRETIONARY, APPROPRIATIONS COMMITTEE",DISCRETIONARY
1844,FY-2025,A-8145,L-116083,END OF PY BALANCES,05,0.00,1000000.00,0.00,0.00,0.00,0.00,0.00,0.00,0.00,0.00,0.00,0.00,A-068-8145,HAZARDOUS SUBSTANCE SUPERFUND,304,"DISCRETIONARY, APPROPRIATIONS COMMITTEE",DISCRETIONARY
1845,FY-2025,A-8145,L-116040,APPROPRIATION [HOMELAND CONTRACTS AND EXPENSES],06,22000000.00,22000000.00,44000000.00,45000000.00,46000000.00,47000000.00,48000000.00,49000000.00,50000000.00,52000000.00,53000000.00,54000000.00,A-068-8145,HAZARDOUS SUBSTANCE SUPERFUND,304,"DISCRETIONARY, APPROPRIATIONS COMMITTEE",DISCRETIONARY
1846,FY-2025,A-8145,L-116050,BASELINE PAY/NON-PAY,06,22000000.00,0.00,0.00,0.00,0.00,0.00,0.00,0.00,0.00,0.00,0.00,0.00,A-068-8145,HAZARDOUS SUBSTANCE SUPERFUND,304,"DISCRETIONARY, APPROPRIATIONS COMMITTEE",DISCRETIONARY
1847,FY-2025,A-8145,L-116050,BASELINE PAY/NON-PAY,06,0.00,0.00,0.00,0.00,0.00,0.00,0.00,0.00,0.00,0.00,0.00,0.00,A-068-8145,HAZARDOUS SUBSTANCE SUPERFUND,304,"DISCRETIONARY, APPROPRIATIONS COMMITTEE",DISCRETIONARY
1848,FY-2025,A-8145,L-116050,BASELINE PAY/NON-PAY,06,0.00,22000000.00,22000000.00,23000000.00,23000000.00,24000000.00,24000000.00,25000000.00,25000000.00,26000000.00,27000000.00,27000000.00,A-068-8145,HAZARDOUS SUBSTANCE SUPERFUND,304,"DISCRETIONARY, APPROPRIATIONS COMMITTEE",DISCRETIONARY
1849,FY-2025,A-8145,L-116061,NEW AUTHORITY,06,8000000.00,7000000.00,13000000.00,14000000.00,14000000.00,14000000.00,14000000.00,15000000.00,15000000.00,16000000.00,16000000.00,16000000.00,A-068-8145,HAZARDOUS SUBSTANCE SUPERFUND,304,"DISCRETIONARY, APPROPRIATIONS COMMITTEE",DISCRETIONARY
1850,FY-2025,A-8145,L-116062,BALANCES (EXCL OF EOY PY BAL),06,16000000.00,0.00,7000000.00,19000000.00,26000000.00,30000000.00,32000000.00,33000000.00,34000000.00,34000000.00,35000000.00,36000000.00,A-068-8145,HAZARDOUS SUBSTANCE SUPERFUND,304,"DISCRETIONARY, APPROPRIATIONS COMMITTEE",DISCRETIONARY
1851,FY-2025,A-8145,L-116063,END OF PY BALANCES,06,0.00,16000000.00,9000000.00,4000000.00,2000000.00,0.00,0.00,0.00,0.00,0.00,0.00,0.00,A-068-8145,HAZARDOUS SUBSTANCE SUPERFUND,304,"DISCRETIONARY, APPROPRIATIONS COMMITTEE",DISCRETIONARY
1852,FY-2025,A-8145,L-116081,NEW AUTHORITY,06,8000000.00,7000000.00,7000000.00,7000000.00,7000000.00,7000000.00,7000000.00,8000000.00,8000000.00,8000000.00,8000000.00,8000000.00,A-068-8145,HAZARDOUS SUBSTANCE SUPERFUND,304,"DISCRETIONARY, APPROPRIATIONS COMMITTEE",DISCRETIONARY
1853,FY-2025,A-8145,L-116082,BALANCES (EXCL OF EOY PY BAL),06,16000000.00,0.00,7000000.00,12000000.00,14000000.00,16000000.00,16000000.00,17000000.00,17000000.00,17000000.00,18000000.00,18000000.00,A-068-8145,HAZARDOUS SUBSTANCE SUPERFUND,304,"DISCRETIONARY, APPROPRIATIONS COMMITTEE",DISCRETIONARY
1854,FY-2025,A-8145,L-116083,END OF PY BALANCES,06,0.00,16000000.00,9000000.00,4000000.00,2000000.00,0.00,0.00,0.00,0.00,0.00,0.00,0.00,A-068-8145,HAZARDOUS SUBSTANCE SUPERFUND,304,"DISCRETIONARY, APPROPRIATIONS COMMITTEE",DISCRETIONARY
1855,FY-2025,A-8145,L-116040,APPROPRIATION [INFRASTRUCTURE-REMEDIAL PROGRAM],07,619000000.00,619000000.00,300000000.00,307000000.00,314000000.00,321000000.00,329000000.00,336000000.00,344000000.00,352000000.00,360000000.00,368000000.00,A-068-8145,HAZARDOUS SUBSTANCE SUPERFUND,304,"DISCRETIONARY, APPROPRIATIONS COMMITTEE",DISCRETIONARY
1856,FY-2025,A-8145,L-116050,BASELINE PAY/NON-PAY,07,619000000.00,0.00,0.00,0.00,0.00,0.00,0.00,0.00,0.00,0.00,0.00,0.00,A-068-8145,HAZARDOUS SUBSTANCE SUPERFUND,304,"DISCRETIONARY, APPROPRIATIONS COMMITTEE",DISCRETIONARY
1857,FY-2025,A-8145,L-116050,BASELINE PAY/NON-PAY,07,0.00,157000000.00,164000000.00,169000000.00,174000000.00,179000000.00,184000000.00,190000000.00,196000000.00,201000000.00,207000000.00,214000000.00,A-068-8145,HAZARDOUS SUBSTANCE SUPERFUND,304,"DISCRETIONARY, APPROPRIATIONS COMMITTEE",DISCRETIONARY
1858,FY-2025,A-8145,L-116050,BASELINE PAY/NON-PAY,07,0.00,462000000.00,472000000.00,482000000.00,492000000.00,503000000.00,513000000.00,524000000.00,535000000.00,546000000.00,558000000.00,569000000.00,A-068-8145,HAZARDOUS SUBSTANCE SUPERFUND,304,"DISCRETIONARY, APPROPRIATIONS COMMITTEE",DISCRETIONARY
1859,FY-2025,A-8145,L-116061,NEW AUTHORITY,07,182000000.00,0.00,0.00,0.00,0.00,0.00,0.00,0.00,0.00,0.00,0.00,0.00,A-068-8145,HAZARDOUS SUBSTANCE SUPERFUND,304,"DISCRETIONARY, APPROPRIATIONS COMMITTEE",DISCRETIONARY
1860,FY-2025,A-8145,L-116062,BALANCES (EXCL OF EOY PY BAL),07,368000000.00,0.00,186000000.00,307000000.00,352000000.00,308000000.00,310000000.00,323000000.00,330000000.00,335000000.00,342000000.00,350000000.00,A-068-8145,HAZARDOUS SUBSTANCE SUPERFUND,304,"DISCRETIONARY, APPROPRIATIONS COMMITTEE",DISCRETIONARY
1861,FY-2025,A-8145,L-116063,END OF PY BALANCES,07,0.00,543000000.00,397000000.00,198000000.00,55000000.00,30000000.00,18000000.00,6000000.00,0.00,0.00,0.00,0.00,A-068-8145,HAZARDOUS SUBSTANCE SUPERFUND,304,"DISCRETIONARY, APPROPRIATIONS COMMITTEE",DISCRETIONARY
1862,FY-2025,A-8145,L-116081,NEW AUTHORITY,07,182000000.00,0.00,0.00,0.00,0.00,0.00,0.00,0.00,0.00,0.00,0.00,0.00,A-068-8145,HAZARDOUS SUBSTANCE SUPERFUND,304,"DISCRETIONARY, APPROPRIATIONS COMMITTEE",DISCRETIONARY
1863,FY-2025,A-8145,L-116082,BALANCES (EXCL OF EOY PY BAL),07,368000000.00,0.00,186000000.00,407000000.00,573000000.00,618000000.00,645000000.00,672000000.00,694000000.00,710000000.00,727000000.00,744000000.00,A-068-8145,HAZARDOUS SUBSTANCE SUPERFUND,304,"DISCRETIONARY, APPROPRIATIONS COMMITTEE",DISCRETIONARY
1864,FY-2025,A-8145,L-116083,END OF PY BALANCES,07,0.00,543000000.00,397000000.00,198000000.00,55000000.00,30000000.00,18000000.00,6000000.00,0.00,0.00,0.00,0.00,A-068-8145,HAZARDOUS SUBSTANCE SUPERFUND,304,"DISCRETIONARY, APPROPRIATIONS COMMITTEE",DISCRETIONARY
1865,FY-2025,A-8145,L-116040,APPROPRIATION [INFRASTRUCTURE-EMERGENCY RESPONSE AND REMOVAL PROGRAM],08,195000000.00,195000000.00,0.00,0.00,0.00,0.00,0.00,0.00,0.00,0.00,0.00,0.00,A-068-8145,HAZARDOUS SUBSTANCE SUPERFUND,304,"DISCRETIONARY, APPROPRIATIONS COMMITTEE",DISCRETIONARY
1866,FY-2025,A-8145,L-116050,BASELINE PAY/NON-PAY,08,195000000.00,0.00,0.00,0.00,0.00,0.00,0.00,0.00,0.00,0.00,0.00,0.00,A-068-8145,HAZARDOUS SUBSTANCE SUPERFUND,304,"DISCRETIONARY, APPROPRIATIONS COMMITTEE",DISCRETIONARY
1867,FY-2025,A-8145,L-116050,BASELINE PAY/NON-PAY,08,0.00,46000000.00,48000000.00,49000000.00,51000000.00,52000000.00,54000000.00,56000000.00,57000000.00,59000000.00,61000000.00,63000000.00,A-068-8145,HAZARDOUS SUBSTANCE SUPERFUND,304,"DISCRETIONARY, APPROPRIATIONS COMMITTEE",DISCRETIONARY
1868,FY-2025,A-8145,L-116050,BASELINE PAY/NON-PAY,08,0.00,149000000.00,152000000.00,155000000.00,159000000.00,162000000.00,165000000.00,169000000.00,173000000.00,176000000.00,180000000.00,184000000.00,A-068-8145,HAZARDOUS SUBSTANCE SUPERFUND,304,"DISCRETIONARY, APPROPRIATIONS COMMITTEE",DISCRETIONARY
1869,FY-2025,A-8145,L-116061,NEW AUTHORITY,08,77000000.00,98000000.00,0.00,0.00,0.00,0.00,0.00,0.00,0.00,0.00,0.00,0.00,A-068-8145,HAZARDOUS SUBSTANCE SUPERFUND,304,"DISCRETIONARY, APPROPRIATIONS COMMITTEE",DISCRETIONARY
1870,FY-2025,A-8145,L-116062,BALANCES (EXCL OF EOY PY BAL),08,125000000.00,0.00,98000000.00,0.00,0.00,0.00,0.00,0.00,0.00,0.00,0.00,0.00,A-068-8145,HAZARDOUS SUBSTANCE SUPERFUND,304,"DISCRETIONARY, APPROPRIATIONS COMMITTEE",DISCRETIONARY
1871,FY-2025,A-8145,L-116063,END OF PY BALANCES,08,0.00,98000000.00,0.00,0.00,0.00,0.00,0.00,0.00,0.00,0.00,0.00,0.00,A-068-8145,HAZARDOUS SUBSTANCE SUPERFUND,304,"DISCRETIONARY, APPROPRIATIONS COMMITTEE",DISCRETIONARY
1872,FY-2025,A-8145,L-116081,NEW AUTHORITY,08,77000000.00,98000000.00,100000000.00,102000000.00,105000000.00,107000000.00,110000000.00,112000000.00,115000000.00,118000000.00,120000000.00,124000000.00,A-068-8145,HAZARDOUS SUBSTANCE SUPERFUND,304,"DISCRETIONARY, APPROPRIATIONS COMMITTEE",DISCRETIONARY
1873,FY-2025,A-8145,L-116082,BALANCES (EXCL OF EOY PY BAL),08,125000000.00,0.00,98000000.00,100000000.00,102000000.00,105000000.00,107000000.00,110000000.00,112000000.00,115000000.00,118000000.00,120000000.00,A-068-8145,HAZARDOUS SUBSTANCE SUPERFUND,304,"DISCRETIONARY, APPROPRIATIONS COMMITTEE",DISCRETIONARY
1874,FY-2025,A-8145,L-116083,END OF PY BALANCES,08,0.00,98000000.00,0.00,0.00,0.00,0.00,0.00,0.00,0.00,0.00,0.00,0.00,A-068-8145,HAZARDOUS SUBSTANCE SUPERFUND,304,"DISCRETIONARY, APPROPRIATIONS COMMITTEE",DISCRETIONARY
1875,FY-2025,A-8145,L-116040,APPROPRIATION [IIJA PL 117-58],09,0.00,0.00,0.00,0.00,0.00,0.00,0.00,0.00,0.00,0.00,0.00,0.00,A-068-8145,HAZARDOUS SUBSTANCE SUPERFUND,304,"DISCRETIONARY, APPROPRIATIONS COMMITTEE",DISCRETIONARY
1876,FY-2025,A-8145,L-116050,BASELINE PAY/NON-PAY,09,0.00,0.00,0.00,0.00,0.00,0.00,0.00,0.00,0.00,0.00,0.00,0.00,A-068-8145,HAZARDOUS SUBSTANCE SUPERFUND,304,"DISCRETIONARY, APPROPRIATIONS COMMITTEE",DISCRETIONARY
1877,FY-2025,A-8145,L-116050,BASELINE PAY/NON-PAY,09,0.00,0.00,0.00,0.00,0.00,0.00,0.00,0.00,0.00,0.00,0.00,0.00,A-068-8145,HAZARDOUS SUBSTANCE SUPERFUND,304,"DISCRETIONARY, APPROPRIATIONS COMMITTEE",DISCRETIONARY
1878,FY-2025,A-8145,L-116050,BASELINE PAY/NON-PAY,09,0.00,0.00,0.00,0.00,0.00,0.00,0.00,0.00,0.00,0.00,0.00,0.00,A-068-8145,HAZARDOUS SUBSTANCE SUPERFUND,304,"DISCRETIONARY, APPROPRIATIONS COMMITTEE",DISCRETIONARY
1879,FY-2025,A-8145,L-116061,NEW AUTHORITY,09,0.00,0.00,0.00,0.00,0.00,0.00,0.00,0.00,0.00,0.00,0.00,0.00,A-068-8145,HAZARDOUS SUBSTANCE SUPERFUND,304,"DISCRETIONARY, APPROPRIATIONS COMMITTEE",DISCRETIONARY
1880,FY-2025,A-8145,L-116062,BALANCES (EXCL OF EOY PY BAL),09,276000000.00,0.00,0.00,0.00,0.00,0.00,0.00,0.00,0.00,0.00,0.00,0.00,A-068-8145,HAZARDOUS SUBSTANCE SUPERFUND,304,"DISCRETIONARY, APPROPRIATIONS COMMITTEE",DISCRETIONARY
1881,FY-2025,A-8145,L-116063,END OF PY BALANCES,09,0.00,1050000000.00,0.00,0.00,0.00,0.00,0.00,0.00,0.00,0.00,0.00,0.00,A-068-8145,HAZARDOUS SUBSTANCE SUPERFUND,304,"DISCRETIONARY, APPROPRIATIONS COMMITTEE",DISCRETIONARY
1882,FY-2025,A-8145,L-116081,NEW AUTHORITY,09,0.00,0.00,0.00,0.00,0.00,0.00,0.00,0.00,0.00,0.00,0.00,0.00,A-068-8145,HAZARDOUS SUBSTANCE SUPERFUND,304,"DISCRETIONARY, APPROPRIATIONS COMMITTEE",DISCRETIONARY
1883,FY-2025,A-8145,L-116082,BALANCES (EXCL OF EOY PY BAL),09,276000000.00,0.00,0.00,0.00,0.00,0.00,0.00,0.00,0.00,0.00,0.00,0.00,A-068-8145,HAZARDOUS SUBSTANCE SUPERFUND,304,"DISCRETIONARY, APPROPRIATIONS COMMITTEE",DISCRETIONARY
1884,FY-2025,A-8145,L-116083,END OF PY BALANCES,09,0.00,1050000000.00,0.00,0.00,0.00,0.00,0.00,0.00,0.00,0.00,0.00,0.00,A-068-8145,HAZARDOUS SUBSTANCE SUPERFUND,304,"DISCRETIONARY, APPROPRIATIONS COMMITTEE",DISCRETIONARY
1885,FY-2025,A-8145,L-116040,"APPROPRIATION [SF EXCISE TAX - REMEDIAL, RESPONSE, ENFORCEMENT]",10,0.00,0.00,0.00,0.00,0.00,0.00,0.00,0.00,0.00,0.00,0.00,0.00,A-068-8145,HAZARDOUS SUBSTANCE SUPERFUND,304,"DISCRETIONARY, APPROPRIATIONS COMMITTEE",DISCRETIONARY
1886,FY-2025,A-8145,L-116050,BASELINE PAY/NON-PAY,10,0.00,0.00,0.00,0.00,0.00,0.00,0.00,0.00,0.00,0.00,0.00,0.00,A-068-8145,HAZARDOUS SUBSTANCE SUPERFUND,304,"DISCRETIONARY, APPROPRIATIONS COMMITTEE",DISCRETIONARY
1887,FY-2025,A-8145,L-116050,BASELINE PAY/NON-PAY,10,0.00,0.00,0.00,0.00,0.00,0.00,0.00,0.00,0.00,0.00,0.00,0.00,A-068-8145,HAZARDOUS SUBSTANCE SUPERFUND,304,"DISCRETIONARY, APPROPRIATIONS COMMITTEE",DISCRETIONARY
1888,FY-2025,A-8145,L-116050,BASELINE PAY/NON-PAY,10,0.00,0.00,0.00,0.00,0.00,0.00,0.00,0.00,0.00,0.00,0.00,0.00,A-068-8145,HAZARDOUS SUBSTANCE SUPERFUND,304,"DISCRETIONARY, APPROPRIATIONS COMMITTEE",DISCRETIONARY
1889,FY-2025,A-8145,L-116061,NEW AUTHORITY,10,0.00,0.00,0.00,0.00,0.00,0.00,0.00,0.00,0.00,0.00,0.00,0.00,A-068-8145,HAZARDOUS SUBSTANCE SUPERFUND,304,"DISCRETIONARY, APPROPRIATIONS COMMITTEE",DISCRETIONARY
1890,FY-2025,A-8145,L-116062,BALANCES (EXCL OF EOY PY BAL),10,0.00,0.00,0.00,0.00,0.00,0.00,0.00,0.00,0.00,0.00,0.00,0.00,A-068-8145,HAZARDOUS SUBSTANCE SUPERFUND,304,"DISCRETIONARY, APPROPRIATIONS COMMITTEE",DISCRETIONARY
1891,FY-2025,A-8145,L-116063,END OF PY BALANCES,10,0.00,0.00,0.00,0.00,0.00,0.00,0.00,0.00,0.00,0.00,0.00,0.00,A-068-8145,HAZARDOUS SUBSTANCE SUPERFUND,304,"DISCRETIONARY, APPROPRIATIONS COMMITTEE",DISCRETIONARY
1892,FY-2025,A-8145,L-116081,NEW AUTHORITY,10,0.00,0.00,0.00,0.00,0.00,0.00,0.00,0.00,0.00,0.00,0.00,0.00,A-068-8145,HAZARDOUS SUBSTANCE SUPERFUND,304,"DISCRETIONARY, APPROPRIATIONS COMMITTEE",DISCRETIONARY
1893,FY-2025,A-8145,L-116082,BALANCES (EXCL OF EOY PY BAL),10,0.00,0.00,0.00,0.00,0.00,0.00,0.00,0.00,0.00,0.00,0.00,0.00,A-068-8145,HAZARDOUS SUBSTANCE SUPERFUND,304,"DISCRETIONARY, APPROPRIATIONS COMMITTEE",DISCRETIONARY
1894,FY-2025,A-8145,L-116083,END OF PY BALANCES,10,0.00,0.00,0.00,0.00,0.00,0.00,0.00,0.00,0.00,0.00,0.00,0.00,A-068-8145,HAZARDOUS SUBSTANCE SUPERFUND,304,"DISCRETIONARY, APPROPRIATIONS COMMITTEE",DISCRETIONARY
1895,FY-2025,A-8145,L-116040,APPROPRIATION [SF EXCISE TAX],11,160000000.00,0.00,0.00,0.00,0.00,0.00,0.00,0.00,0.00,0.00,0.00,0.00,A-068-8145,HAZARDOUS SUBSTANCE SUPERFUND,304,"DISCRETIONARY, APPROPRIATIONS COMMITTEE",DISCRETIONARY
1896,FY-2025,A-8145,L-116050,BASELINE PAY/NON-PAY,11,160000000.00,0.00,0.00,0.00,0.00,0.00,0.00,0.00,0.00,0.00,0.00,0.00,A-068-8145,HAZARDOUS SUBSTANCE SUPERFUND,304,"DISCRETIONARY, APPROPRIATIONS COMMITTEE",DISCRETIONARY
1897,FY-2025,A-8145,L-116050,BASELINE PAY/NON-PAY,11,0.00,0.00,0.00,0.00,0.00,0.00,0.00,0.00,0.00,0.00,0.00,0.00,A-068-8145,HAZARDOUS SUBSTANCE SUPERFUND,304,"DISCRETIONARY, APPROPRIATIONS COMMITTEE",DISCRETIONARY
1898,FY-2025,A-8145,L-116050,BASELINE PAY/NON-PAY,11,0.00,0.00,0.00,0.00,0.00,0.00,0.00,0.00,0.00,0.00,0.00,0.00,A-068-8145,HAZARDOUS SUBSTANCE SUPERFUND,304,"DISCRETIONARY, APPROPRIATIONS COMMITTEE",DISCRETIONARY
1899,FY-2025,A-8145,L-116061,NEW AUTHORITY,11,7000000.00,0.00,0.00,0.00,0.00,0.00,0.00,0.00,0.00,0.00,0.00,0.00,A-068-8145,HAZARDOUS SUBSTANCE SUPERFUND,304,"DISCRETIONARY, APPROPRIATIONS COMMITTEE",DISCRETIONARY
1900,FY-2025,A-8145,L-116062,BALANCES (EXCL OF EOY PY BAL),11,0.00,0.00,0.00,0.00,0.00,0.00,0.00,0.00,0.00,0.00,0.00,0.00,A-068-8145,HAZARDOUS SUBSTANCE SUPERFUND,304,"DISCRETIONARY, APPROPRIATIONS COMMITTEE",DISCRETIONARY
1901,FY-2025,A-8145,L-116063,END OF PY BALANCES,11,0.00,0.00,0.00,0.00,0.00,0.00,0.00,0.00,0.00,0.00,0.00,0.00,A-068-8145,HAZARDOUS SUBSTANCE SUPERFUND,304,"DISCRETIONARY, APPROPRIATIONS COMMITTEE",DISCRETIONARY
1902,FY-2025,A-8145,L-116081,NEW AUTHORITY,11,7000000.00,0.00,0.00,0.00,0.00,0.00,0.00,0.00,0.00,0.00,0.00,0.00,A-068-8145,HAZARDOUS SUBSTANCE SUPERFUND,304,"DISCRETIONARY, APPROPRIATIONS COMMITTEE",DISCRETIONARY
1903,FY-2025,A-8145,L-116082,BALANCES (EXCL OF EOY PY BAL),11,0.00,0.00,0.00,0.00,0.00,0.00,0.00,0.00,0.00,0.00,0.00,0.00,A-068-8145,HAZARDOUS SUBSTANCE SUPERFUND,304,"DISCRETIONARY, APPROPRIATIONS COMMITTEE",DISCRETIONARY
1904,FY-2025,A-8145,L-116083,END OF PY BALANCES,11,0.00,0.00,0.00,0.00,0.00,0.00,0.00,0.00,0.00,0.00,0.00,0.00,A-068-8145,HAZARDOUS SUBSTANCE SUPERFUND,304,"DISCRETIONARY, APPROPRIATIONS COMMITTEE",DISCRETIONARY
1905,FY-2025,A-8145,L-116040,APPROPRIATION [SF - EXCISE TAX],01,0.00,1205000000.00,2174000000.00,2224000000.00,2275000000.00,2327000000.00,2381000000.00,2436000000.00,2492000000.00,2549000000.00,2608000000.00,2668000000.00,A-068-8145,HAZARDOUS SUBSTANCE SUPERFUND,304,"DISCRETIONARY, BBEDCA SCOREKEEPING ADJUSTMENT PURSUANT TO AUTHORIZING STATUTE, APPROPRIATIONS COMMITTEE",DISCRETIONARY
1906,FY-2025,A-8145,L-116050,BASELINE PAY/NON-PAY,01,0.00,0.00,0.00,0.00,0.00,0.00,0.00,0.00,0.00,0.00,0.00,0.00,A-068-8145,HAZARDOUS SUBSTANCE SUPERFUND,304,"DISCRETIONARY, BBEDCA SCOREKEEPING ADJUSTMENT PURSUANT TO AUTHORIZING STATUTE, APPROPRIATIONS COMMITTEE",DISCRETIONARY
1907,FY-2025,A-8145,L-116050,BASELINE PAY/NON-PAY,01,0.00,0.00,0.00,0.00,0.00,0.00,0.00,0.00,0.00,0.00,0.00,0.00,A-068-8145,HAZARDOUS SUBSTANCE SUPERFUND,304,"DISCRETIONARY, BBEDCA SCOREKEEPING ADJUSTMENT PURSUANT TO AUTHORIZING STATUTE, APPROPRIATIONS COMMITTEE",DISCRETIONARY
1908,FY-2025,A-8145,L-116050,BASELINE PAY/NON-PAY,01,0.00,1205000000.00,1232000000.00,1257000000.00,1284000000.00,1311000000.00,1338000000.00,1366000000.00,1395000000.00,1424000000.00,1454000000.00,1485000000.00,A-068-8145,HAZARDOUS SUBSTANCE SUPERFUND,304,"DISCRETIONARY, BBEDCA SCOREKEEPING ADJUSTMENT PURSUANT TO AUTHORIZING STATUTE, APPROPRIATIONS COMMITTEE",DISCRETIONARY
1909,FY-2025,A-8145,L-116061,NEW AUTHORITY,01,0.00,120000000.00,217000000.00,222000000.00,228000000.00,233000000.00,238000000.00,244000000.00,249000000.00,255000000.00,261000000.00,267000000.00,A-068-8145,HAZARDOUS SUBSTANCE SUPERFUND,304,"DISCRETIONARY, BBEDCA SCOREKEEPING ADJUSTMENT PURSUANT TO AUTHORIZING STATUTE, APPROPRIATIONS COMMITTEE",DISCRETIONARY
1910,FY-2025,A-8145,L-116062,BALANCES (EXCL OF EOY PY BAL),01,0.00,0.00,362000000.00,1014000000.00,1681000000.00,2002000000.00,2048000000.00,2095000000.00,2143000000.00,2193000000.00,2243000000.00,2295000000.00,A-068-8145,HAZARDOUS SUBSTANCE SUPERFUND,304,"DISCRETIONARY, BBEDCA SCOREKEEPING ADJUSTMENT PURSUANT TO AUTHORIZING STATUTE, APPROPRIATIONS COMMITTEE",DISCRETIONARY
1911,FY-2025,A-8145,L-116063,END OF PY BALANCES,01,0.00,0.00,0.00,0.00,0.00,0.00,0.00,0.00,0.00,0.00,0.00,0.00,A-068-8145,HAZARDOUS SUBSTANCE SUPERFUND,304,"DISCRETIONARY, BBEDCA SCOREKEEPING ADJUSTMENT PURSUANT TO AUTHORIZING STATUTE, APPROPRIATIONS COMMITTEE",DISCRETIONARY
1912,FY-2025,A-8145,L-116081,NEW AUTHORITY,01,0.00,120000000.00,123000000.00,126000000.00,128000000.00,131000000.00,134000000.00,137000000.00,140000000.00,142000000.00,145000000.00,148000000.00,A-068-8145,HAZARDOUS SUBSTANCE SUPERFUND,304,"DISCRETIONARY, BBEDCA SCOREKEEPING ADJUSTMENT PURSUANT TO AUTHORIZING STATUTE, APPROPRIATIONS COMMITTEE",DISCRETIONARY
1913,FY-2025,A-8145,L-116082,BALANCES (EXCL OF EOY PY BAL),01,0.00,0.00,362000000.00,731000000.00,1108000000.00,1132000000.00,1156000000.00,1180000000.00,1204000000.00,1230000000.00,1256000000.00,1282000000.00,A-068-8145,HAZARDOUS SUBSTANCE SUPERFUND,304,"DISCRETIONARY, BBEDCA SCOREKEEPING ADJUSTMENT PURSUANT TO AUTHORIZING STATUTE, APPROPRIATIONS COMMITTEE",DISCRETIONARY
1914,FY-2025,A-8145,L-116083,END OF PY BALANCES,01,0.00,0.00,0.00,0.00,0.00,0.00,0.00,0.00,0.00,0.00,0.00,0.00,A-068-8145,HAZARDOUS SUBSTANCE SUPERFUND,304,"DISCRETIONARY, BBEDCA SCOREKEEPING ADJUSTMENT PURSUANT TO AUTHORIZING STATUTE, APPROPRIATIONS COMMITTEE",DISCRETIONARY
1915,FY-2025,A-8145,L-1201,APPROPRIATION (SPECIAL OR TRUST FUND),01,180000000.00,350000000.00,350000000.00,0.00,0.00,0.00,0.00,0.00,0.00,0.00,0.00,0.00,A-068-8145,HAZARDOUS SUBSTANCE SUPERFUND,304,NS,MANDATORY
1916,FY-2025,A-8145,L-1201,APPROPRIATION (SPECIAL OR TRUST FUND),02,101000000.00,100000000.00,100000000.00,0.00,0.00,0.00,0.00,0.00,0.00,0.00,0.00,0.00,A-068-8145,HAZARDOUS SUBSTANCE SUPERFUND,304,NS,MANDATORY
1917,FY-2025,A-8145,L-1203,APPROPRIATION (PREVIOUSLY UNAVAILABLE)(SPECIAL OR TRUST),01,4000000.00,6000000.00,6000000.00,0.00,0.00,0.00,0.00,0.00,0.00,0.00,0.00,0.00,A-068-8145,HAZARDOUS SUBSTANCE SUPERFUND,304,NS,MANDATORY
1918,FY-2025,A-8145,L-1232,APPROPRIATIONS AND/OR UNOBLIGATED BALANCE OF APPROPRIATIONS TEMPORARILY REDUCED,01,-6000000.00,-6000000.00,-6000000.00,0.00,0.00,0.00,0.00,0.00,0.00,0.00,0.00,0.00,A-068-8145,HAZARDOUS SUBSTANCE SUPERFUND,304,NS,MANDATORY
1919,FY-2025,A-8145,L-1260,"APPROPRIATIONS, MANDATORY (TOTAL)",01,279000000.00,450000000.00,450000000.00,0.00,0.00,0.00,0.00,0.00,0.00,0.00,0.00,0.00,A-068-8145,HAZARDOUS SUBSTANCE SUPERFUND,304,NS,MANDATORY
1920,FY-2025,A-8145,L-126040,APPROPRIATION [SPECIAL ACCOUNT COLLECTIONS],01,180000000.00,350000000.00,350000000.00,350000000.00,350000000.00,350000000.00,350000000.00,350000000.00,350000000.00,350000000.00,350000000.00,0.00,A-068-8145,HAZARDOUS SUBSTANCE SUPERFUND,304,"MANDATORY, AUTHORIZING COMMITTEE",MANDATORY
1921,FY-2025,A-8145,L-126050,BASELINE PAY/NON-PAY,01,180000000.00,0.00,0.00,0.00,0.00,0.00,0.00,0.00,0.00,0.00,0.00,0.00,A-068-8145,HAZARDOUS SUBSTANCE SUPERFUND,304,"MANDATORY, AUTHORIZING COMMITTEE",MANDATORY
1922,FY-2025,A-8145,L-126050,BASELINE PAY/NON-PAY,01,0.00,0.00,0.00,0.00,0.00,0.00,0.00,0.00,0.00,0.00,0.00,0.00,A-068-8145,HAZARDOUS SUBSTANCE SUPERFUND,304,"MANDATORY, AUTHORIZING COMMITTEE",MANDATORY
1923,FY-2025,A-8145,L-126050,BASELINE PAY/NON-PAY,01,0.00,350000000.00,350000000.00,350000000.00,350000000.00,350000000.00,350000000.00,350000000.00,350000000.00,350000000.00,350000000.00,0.00,A-068-8145,HAZARDOUS SUBSTANCE SUPERFUND,304,"MANDATORY, AUTHORIZING COMMITTEE",MANDATORY
1924,FY-2025,A-8145,L-126061,NEW AUTHORITY,01,48000000.00,117000000.00,117000000.00,117000000.00,117000000.00,117000000.00,117000000.00,117000000.00,117000000.00,117000000.00,117000000.00,0.00,A-068-8145,HAZARDOUS SUBSTANCE SUPERFUND,304,"MANDATORY, AUTHORIZING COMMITTEE",MANDATORY
1925,FY-2025,A-8145,L-126062,BALANCES (EXCL OF EOY PY BAL),01,138000000.00,0.00,230000000.00,230000000.00,230000000.00,230000000.00,230000000.00,230000000.00,230000000.00,230000000.00,230000000.00,0.00,A-068-8145,HAZARDOUS SUBSTANCE SUPERFUND,304,"MANDATORY, AUTHORIZING COMMITTEE",MANDATORY
1926,FY-2025,A-8145,L-126063,END OF PY BALANCES,01,0.00,230000000.00,0.00,0.00,0.00,0.00,0.00,0.00,0.00,0.00,0.00,0.00,A-068-8145,HAZARDOUS SUBSTANCE SUPERFUND,304,"MANDATORY, AUTHORIZING COMMITTEE",MANDATORY
1927,FY-2025,A-8145,L-126081,NEW AUTHORITY,01,48000000.00,117000000.00,117000000.00,117000000.00,117000000.00,117000000.00,117000000.00,117000000.00,117000000.00,117000000.00,117000000.00,0.00,A-068-8145,HAZARDOUS SUBSTANCE SUPERFUND,304,"MANDATORY, AUTHORIZING COMMITTEE",MANDATORY
1928,FY-2025,A-8145,L-126082,BALANCES (EXCL OF EOY PY BAL),01,138000000.00,0.00,230000000.00,230000000.00,230000000.00,230000000.00,230000000.00,230000000.00,230000000.00,230000000.00,230000000.00,0.00,A-068-8145,HAZARDOUS SUBSTANCE SUPERFUND,304,"MANDATORY, AUTHORIZING COMMITTEE",MANDATORY
1929,FY-2025,A-8145,L-126083,END OF PY BALANCES,01,0.00,230000000.00,0.00,0.00,0.00,0.00,0.00,0.00,0.00,0.00,0.00,0.00,A-068-8145,HAZARDOUS SUBSTANCE SUPERFUND,304,"MANDATORY, AUTHORIZING COMMITTEE",MANDATORY
1930,FY-2025,A-8145,L-126040,APPROPRIATION [SPECIAL ACCOUNT INTEREST],02,101000000.00,100000000.00,100000000.00,100000000.00,100000000.00,100000000.00,100000000.00,100000000.00,100000000.00,100000000.00,100000000.00,100000000.00,A-068-8145,HAZARDOUS SUBSTANCE SUPERFUND,304,"MANDATORY, AUTHORIZING COMMITTEE",MANDATORY
1931,FY-2025,A-8145,L-126050,BASELINE PAY/NON-PAY,02,101000000.00,0.00,0.00,0.00,0.00,0.00,0.00,0.00,0.00,0.00,0.00,0.00,A-068-8145,HAZARDOUS SUBSTANCE SUPERFUND,304,"MANDATORY, AUTHORIZING COMMITTEE",MANDATORY
1932,FY-2025,A-8145,L-126050,BASELINE PAY/NON-PAY,02,0.00,0.00,0.00,0.00,0.00,0.00,0.00,0.00,0.00,0.00,0.00,0.00,A-068-8145,HAZARDOUS SUBSTANCE SUPERFUND,304,"MANDATORY, AUTHORIZING COMMITTEE",MANDATORY
1933,FY-2025,A-8145,L-126050,BASELINE PAY/NON-PAY,02,0.00,100000000.00,100000000.00,100000000.00,100000000.00,100000000.00,100000000.00,100000000.00,100000000.00,100000000.00,100000000.00,100000000.00,A-068-8145,HAZARDOUS SUBSTANCE SUPERFUND,304,"MANDATORY, AUTHORIZING COMMITTEE",MANDATORY
1934,FY-2025,A-8145,L-126061,NEW AUTHORITY,02,0.00,2000000.00,2000000.00,2000000.00,2000000.00,2000000.00,2000000.00,2000000.00,2000000.00,2000000.00,2000000.00,2000000.00,A-068-8145,HAZARDOUS SUBSTANCE SUPERFUND,304,"MANDATORY, AUTHORIZING COMMITTEE",MANDATORY
1935,FY-2025,A-8145,L-126062,BALANCES (EXCL OF EOY PY BAL),02,0.00,0.00,10000000.00,20000000.00,30000000.00,40000000.00,50000000.00,60000000.00,70000000.00,80000000.00,90000000.00,98000000.00,A-068-8145,HAZARDOUS SUBSTANCE SUPERFUND,304,"MANDATORY, AUTHORIZING COMMITTEE",MANDATORY
1936,FY-2025,A-8145,L-126063,END OF PY BALANCES,02,0.00,37000000.00,37000000.00,37000000.00,37000000.00,37000000.00,34000000.00,31000000.00,25000000.00,17000000.00,7000000.00,0.00,A-068-8145,HAZARDOUS SUBSTANCE SUPERFUND,304,"MANDATORY, AUTHORIZING COMMITTEE",MANDATORY
1937,FY-2025,A-8145,L-126081,NEW AUTHORITY,02,0.00,2000000.00,2000000.00,2000000.00,2000000.00,2000000.00,2000000.00,2000000.00,2000000.00,2000000.00,2000000.00,2000000.00,A-068-8145,HAZARDOUS SUBSTANCE SUPERFUND,304,"MANDATORY, AUTHORIZING COMMITTEE",MANDATORY
1938,FY-2025,A-8145,L-126082,BALANCES (EXCL OF EOY PY BAL),02,0.00,0.00,10000000.00,20000000.00,30000000.00,40000000.00,50000000.00,60000000.00,70000000.00,80000000.00,90000000.00,98000000.00,A-068-8145,HAZARDOUS SUBSTANCE SUPERFUND,304,"MANDATORY, AUTHORIZING COMMITTEE",MANDATORY
1939,FY-2025,A-8145,L-126083,END OF PY BALANCES,02,0.00,37000000.00,37000000.00,37000000.00,37000000.00,37000000.00,34000000.00,31000000.00,25000000.00,17000000.00,7000000.00,0.00,A-068-8145,HAZARDOUS SUBSTANCE SUPERFUND,304,"MANDATORY, AUTHORIZING COMMITTEE",MANDATORY
1940,FY-2025,A-8145,L-126040,"[MANDATORY, SEQUESTRATION REDUCTION, AUTHORIZING COMMITTEE]",03,-6000000.00,-6000000.00,-6000000.00,-6000000.00,-6000000.00,-6000000.00,-6000000.00,-6000000.00,-6000000.00,0.00,0.00,0.00,A-068-8145,HAZARDOUS SUBSTANCE SUPERFUND,304,"MANDATORY, SEQUESTRATION REDUCTION, AUTHORIZING COMMITTEE",MANDATORY
1941,FY-2025,A-8145,L-126050,BASELINE PAY/NON-PAY,03,-6000000.00,0.00,0.00,0.00,0.00,0.00,0.00,0.00,0.00,0.00,0.00,0.00,A-068-8145,HAZARDOUS SUBSTANCE SUPERFUND,304,"MANDATORY, SEQUESTRATION REDUCTION, AUTHORIZING COMMITTEE",MANDATORY
1942,FY-2025,A-8145,L-126050,BASELINE PAY/NON-PAY,03,0.00,0.00,0.00,0.00,0.00,0.00,0.00,0.00,0.00,0.00,0.00,0.00,A-068-8145,HAZARDOUS SUBSTANCE SUPERFUND,304,"MANDATORY, SEQUESTRATION REDUCTION, AUTHORIZING COMMITTEE",MANDATORY
1943,FY-2025,A-8145,L-126050,BASELINE PAY/NON-PAY,03,0.00,-6000000.00,-6000000.00,-6000000.00,-6000000.00,-6000000.00,-6000000.00,-6000000.00,-6000000.00,0.00,0.00,0.00,A-068-8145,HAZARDOUS SUBSTANCE SUPERFUND,304,"MANDATORY, SEQUESTRATION REDUCTION, AUTHORIZING COMMITTEE",MANDATORY
1944,FY-2025,A-8145,L-126061,NEW AUTHORITY,03,0.00,-6000000.00,-6000000.00,-6000000.00,-6000000.00,-6000000.00,-6000000.00,-6000000.00,-6000000.00,0.00,0.00,0.00,A-068-8145,HAZARDOUS SUBSTANCE SUPERFUND,304,"MANDATORY, SEQUESTRATION REDUCTION, AUTHORIZING COMMITTEE",MANDATORY
1945,FY-2025,A-8145,L-126062,BALANCES (EXCL OF EOY PY BAL),03,0.00,0.00,0.00,0.00,0.00,0.00,0.00,0.00,0.00,0.00,0.00,0.00,A-068-8145,HAZARDOUS SUBSTANCE SUPERFUND,304,"MANDATORY, SEQUESTRATION REDUCTION, AUTHORIZING COMMITTEE",MANDATORY
1946,FY-2025,A-8145,L-126063,END OF PY BALANCES,03,0.00,0.00,0.00,0.00,0.00,0.00,0.00,0.00,0.00,0.00,0.00,0.00,A-068-8145,HAZARDOUS SUBSTANCE SUPERFUND,304,"MANDATORY, SEQUESTRATION REDUCTION, AUTHORIZING COMMITTEE",MANDATORY
1947,FY-2025,A-8145,L-126081,NEW AUTHORITY,03,0.00,-6000000.00,-6000000.00,-6000000.00,-6000000.00,-6000000.00,-6000000.00,-6000000.00,-6000000.00,0.00,0.00,0.00,A-068-8145,HAZARDOUS SUBSTANCE SUPERFUND,304,"MANDATORY, SEQUESTRATION REDUCTION, AUTHORIZING COMMITTEE",MANDATORY
1948,FY-2025,A-8145,L-126082,BALANCES (EXCL OF EOY PY BAL),03,0.00,0.00,0.00,0.00,0.00,0.00,0.00,0.00,0.00,0.00,0.00,0.00,A-068-8145,HAZARDOUS SUBSTANCE SUPERFUND,304,"MANDATORY, SEQUESTRATION REDUCTION, AUTHORIZING COMMITTEE",MANDATORY
1949,FY-2025,A-8145,L-126083,END OF PY BALANCES,03,0.00,0.00,0.00,0.00,0.00,0.00,0.00,0.00,0.00,0.00,0.00,0.00,A-068-8145,HAZARDOUS SUBSTANCE SUPERFUND,304,"MANDATORY, SEQUESTRATION REDUCTION, AUTHORIZING COMMITTEE",MANDATORY
1950,FY-2025,A-8145,L-126040,APPROPRIATION [SEQUESTRATION POP-UP],04,4000000.00,6000000.00,6000000.00,6000000.00,6000000.00,6000000.00,6000000.00,6000000.00,6000000.00,6000000.00,0.00,0.00,A-068-8145,HAZARDOUS SUBSTANCE SUPERFUND,304,"MANDATORY, SEQUESTRATION POP-UP, AUTHORIZING COMMITTEE",MANDATORY
1951,FY-2025,A-8145,L-126050,BASELINE PAY/NON-PAY,04,4000000.00,0.00,0.00,0.00,0.00,0.00,0.00,0.00,0.00,0.00,0.00,0.00,A-068-8145,HAZARDOUS SUBSTANCE SUPERFUND,304,"MANDATORY, SEQUESTRATION POP-UP, AUTHORIZING COMMITTEE",MANDATORY
1952,FY-2025,A-8145,L-126050,BASELINE PAY/NON-PAY,04,0.00,0.00,0.00,0.00,0.00,0.00,0.00,0.00,0.00,0.00,0.00,0.00,A-068-8145,HAZARDOUS SUBSTANCE SUPERFUND,304,"MANDATORY, SEQUESTRATION POP-UP, AUTHORIZING COMMITTEE",MANDATORY
1953,FY-2025,A-8145,L-126050,BASELINE PAY/NON-PAY,04,0.00,6000000.00,6000000.00,6000000.00,6000000.00,6000000.00,6000000.00,6000000.00,6000000.00,6000000.00,0.00,0.00,A-068-8145,HAZARDOUS SUBSTANCE SUPERFUND,304,"MANDATORY, SEQUESTRATION POP-UP, AUTHORIZING COMMITTEE",MANDATORY
1954,FY-2025,A-8145,L-126061,NEW AUTHORITY,04,0.00,6000000.00,6000000.00,6000000.00,6000000.00,6000000.00,6000000.00,6000000.00,6000000.00,6000000.00,0.00,0.00,A-068-8145,HAZARDOUS SUBSTANCE SUPERFUND,304,"MANDATORY, SEQUESTRATION POP-UP, AUTHORIZING COMMITTEE",MANDATORY
1955,FY-2025,A-8145,L-126062,BALANCES (EXCL OF EOY PY BAL),04,0.00,0.00,0.00,0.00,0.00,0.00,0.00,0.00,0.00,0.00,0.00,0.00,A-068-8145,HAZARDOUS SUBSTANCE SUPERFUND,304,"MANDATORY, SEQUESTRATION POP-UP, AUTHORIZING COMMITTEE",MANDATORY
1956,FY-2025,A-8145,L-126063,END OF PY BALANCES,04,0.00,0.00,0.00,0.00,0.00,0.00,0.00,0.00,0.00,0.00,0.00,0.00,A-068-8145,HAZARDOUS SUBSTANCE SUPERFUND,304,"MANDATORY, SEQUESTRATION POP-UP, AUTHORIZING COMMITTEE",MANDATORY
1957,FY-2025,A-8145,L-126081,NEW AUTHORITY,04,0.00,6000000.00,6000000.00,6000000.00,6000000.00,6000000.00,6000000.00,6000000.00,6000000.00,6000000.00,0.00,0.00,A-068-8145,HAZARDOUS SUBSTANCE SUPERFUND,304,"MANDATORY, SEQUESTRATION POP-UP, AUTHORIZING COMMITTEE",MANDATORY
1958,FY-2025,A-8145,L-126082,BALANCES (EXCL OF EOY PY BAL),04,0.00,0.00,0.00,0.00,0.00,0.00,0.00,0.00,0.00,0.00,0.00,0.00,A-068-8145,HAZARDOUS SUBSTANCE SUPERFUND,304,"MANDATORY, SEQUESTRATION POP-UP, AUTHORIZING COMMITTEE",MANDATORY
1959,FY-2025,A-8145,L-126083,END OF PY BALANCES,04,0.00,0.00,0.00,0.00,0.00,0.00,0.00,0.00,0.00,0.00,0.00,0.00,A-068-8145,HAZARDOUS SUBSTANCE SUPERFUND,304,"MANDATORY, SEQUESTRATION POP-UP, AUTHORIZING COMMITTEE",MANDATORY
1960,FY-2025,A-8145,L-1700,COLLECTED,01,14000000.00,66000000.00,67000000.00,0.00,0.00,0.00,0.00,0.00,0.00,0.00,0.00,0.00,A-068-8145,HAZARDOUS SUBSTANCE SUPERFUND,304,NS,DISCRETIONARY
1961,FY-2025,A-8145,L-1701,"CHANGE IN UNCOLLECTED PAYMENTS, FEDERAL SOURCES",01,1000000.00,0.00,0.00,0.00,0.00,0.00,0.00,0.00,0.00,0.00,0.00,0.00,A-068-8145,HAZARDOUS SUBSTANCE SUPERFUND,304,NS,DISCRETIONARY
1962,FY-2025,A-8145,L-1750,"SPENDING AUTH FROM OFFSETTING COLLECTIONS, DISC (TOTAL)",01,15000000.00,66000000.00,67000000.00,0.00,0.00,0.00,0.00,0.00,0.00,0.00,0.00,0.00,A-068-8145,HAZARDOUS SUBSTANCE SUPERFUND,304,NS,DISCRETIONARY
1963,FY-2025,A-8145,L-175040,SPENDING AUTHORITY FROM OFFSETTING COLLECTIONS [SSCS],01,14000000.00,50000000.00,51000000.00,52000000.00,53000000.00,55000000.00,56000000.00,57000000.00,58000000.00,60000000.00,61000000.00,63000000.00,A-068-8145,HAZARDOUS SUBSTANCE SUPERFUND,304,"DISCRETIONARY, APPROPRIATIONS COMMITTEE",DISCRETIONARY
1964,FY-2025,A-8145,L-175050,SPENDING AUTHORITY FROM OFFSETTING COLLECTIONS [SSCS],01,14000000.00,50000000.00,57000000.00,58000000.00,58000000.00,58000000.00,58000000.00,58000000.00,58000000.00,58000000.00,58000000.00,58000000.00,A-068-8145,HAZARDOUS SUBSTANCE SUPERFUND,304,"DISCRETIONARY, APPROPRIATIONS COMMITTEE",DISCRETIONARY
1965,FY-2025,A-8145,L-175061,NEW AUTHORITY,01,0.00,14000000.00,14000000.00,14000000.00,14000000.00,15000000.00,15000000.00,15000000.00,16000000.00,16000000.00,16000000.00,17000000.00,A-068-8145,HAZARDOUS SUBSTANCE SUPERFUND,304,"DISCRETIONARY, APPROPRIATIONS COMMITTEE",DISCRETIONARY
1966,FY-2025,A-8145,L-175062,BALANCES (EXCL OF EOY PY BAL),01,5000000.00,0.00,12000000.00,25000000.00,37000000.00,38000000.00,39000000.00,40000000.00,41000000.00,42000000.00,43000000.00,44000000.00,A-068-8145,HAZARDOUS SUBSTANCE SUPERFUND,304,"DISCRETIONARY, APPROPRIATIONS COMMITTEE",DISCRETIONARY
1967,FY-2025,A-8145,L-175063,END OF PY BALANCES,01,0.00,36000000.00,24000000.00,12000000.00,0.00,0.00,0.00,0.00,0.00,0.00,0.00,0.00,A-068-8145,HAZARDOUS SUBSTANCE SUPERFUND,304,"DISCRETIONARY, APPROPRIATIONS COMMITTEE",DISCRETIONARY
1968,FY-2025,A-8145,L-175081,NEW AUTHORITY,01,0.00,14000000.00,15000000.00,16000000.00,16000000.00,16000000.00,16000000.00,16000000.00,16000000.00,16000000.00,16000000.00,16000000.00,A-068-8145,HAZARDOUS SUBSTANCE SUPERFUND,304,"DISCRETIONARY, APPROPRIATIONS COMMITTEE",DISCRETIONARY
1969,FY-2025,A-8145,L-175082,BALANCES (EXCL OF EOY PY BAL),01,5000000.00,0.00,12000000.00,26000000.00,40000000.00,42000000.00,42000000.00,42000000.00,42000000.00,42000000.00,42000000.00,42000000.00,A-068-8145,HAZARDOUS SUBSTANCE SUPERFUND,304,"DISCRETIONARY, APPROPRIATIONS COMMITTEE",DISCRETIONARY
1970,FY-2025,A-8145,L-175083,END OF PY BALANCES,01,0.00,36000000.00,24000000.00,12000000.00,0.00,0.00,0.00,0.00,0.00,0.00,0.00,0.00,A-068-8145,HAZARDOUS SUBSTANCE SUPERFUND,304,"DISCRETIONARY, APPROPRIATIONS COMMITTEE",DISCRETIONARY
1971,FY-2025,A-8145,L-175040,SPENDING AUTHORITY FROM OFFSETTING COLLECTIONS [FEDERAL/NON-FED IAS AND IPAS],02,1000000.00,16000000.00,16000000.00,16000000.00,17000000.00,17000000.00,18000000.00,18000000.00,18000000.00,19000000.00,19000000.00,20000000.00,A-068-8145,HAZARDOUS SUBSTANCE SUPERFUND,304,"DISCRETIONARY, APPROPRIATIONS COMMITTEE",DISCRETIONARY
1972,FY-2025,A-8145,L-175050,SPENDING AUTHORITY FROM OFFSETTING COLLECTIONS [FEDERAL/NON-FED IAS AND IPAS],02,1000000.00,16000000.00,18000000.00,19000000.00,19000000.00,19000000.00,19000000.00,19000000.00,19000000.00,19000000.00,19000000.00,19000000.00,A-068-8145,HAZARDOUS SUBSTANCE SUPERFUND,304,"DISCRETIONARY, APPROPRIATIONS COMMITTEE",DISCRETIONARY
1973,FY-2025,A-8145,L-175061,NEW AUTHORITY,02,1000000.00,12000000.00,12000000.00,12000000.00,13000000.00,13000000.00,13000000.00,13000000.00,13000000.00,14000000.00,14000000.00,15000000.00,A-068-8145,HAZARDOUS SUBSTANCE SUPERFUND,304,"DISCRETIONARY, APPROPRIATIONS COMMITTEE",DISCRETIONARY
1974,FY-2025,A-8145,L-175062,BALANCES (EXCL OF EOY PY BAL),02,1000000.00,0.00,4000000.00,4000000.00,4000000.00,4000000.00,4000000.00,5000000.00,5000000.00,5000000.00,5000000.00,5000000.00,A-068-8145,HAZARDOUS SUBSTANCE SUPERFUND,304,"DISCRETIONARY, APPROPRIATIONS COMMITTEE",DISCRETIONARY
1975,FY-2025,A-8145,L-175063,END OF PY BALANCES,02,0.00,4000000.00,0.00,0.00,0.00,0.00,0.00,0.00,0.00,0.00,0.00,0.00,A-068-8145,HAZARDOUS SUBSTANCE SUPERFUND,304,"DISCRETIONARY, APPROPRIATIONS COMMITTEE",DISCRETIONARY
1976,FY-2025,A-8145,L-175081,NEW AUTHORITY,02,1000000.00,12000000.00,13000000.00,14000000.00,14000000.00,14000000.00,14000000.00,14000000.00,14000000.00,14000000.00,14000000.00,14000000.00,A-068-8145,HAZARDOUS SUBSTANCE SUPERFUND,304,"DISCRETIONARY, APPROPRIATIONS COMMITTEE",DISCRETIONARY
1977,FY-2025,A-8145,L-175082,BALANCES (EXCL OF EOY PY BAL),02,1000000.00,0.00,4000000.00,5000000.00,5000000.00,5000000.00,5000000.00,5000000.00,5000000.00,5000000.00,5000000.00,5000000.00,A-068-8145,HAZARDOUS SUBSTANCE SUPERFUND,304,"DISCRETIONARY, APPROPRIATIONS COMMITTEE",DISCRETIONARY
1978,FY-2025,A-8145,L-175083,END OF PY BALANCES,02,0.00,4000000.00,0.00,0.00,0.00,0.00,0.00,0.00,0.00,0.00,0.00,0.00,A-068-8145,HAZARDOUS SUBSTANCE SUPERFUND,304,"DISCRETIONARY, APPROPRIATIONS COMMITTEE",DISCRETIONARY
1979,FY-2025,A-8145,L-1850,"SPENDING AUTH FROM OFFSETTING COLLECTIONS, MAND (TOTAL)",01,0.00,0.00,0.00,0.00,0.00,0.00,0.00,0.00,0.00,0.00,0.00,0.00,A-068-8145,HAZARDOUS SUBSTANCE SUPERFUND,304,NS,MANDATORY
1980,FY-2025,A-8145,L-1900,BUDGET AUTHORITY (TOTAL),01,1736000000.00,3003000000.00,3352000000.00,0.00,0.00,0.00,0.00,0.00,0.00,0.00,0.00,0.00,A-068-8145,HAZARDOUS SUBSTANCE SUPERFUND,304,NS,NS
1981,FY-2025,A-8145,L-1930,TOTAL BUDGETARY RESOURCES AVAILABLE,01,8109000000.00,8518000000.00,9392000000.00,0.00,0.00,0.00,0.00,0.00,0.00,0.00,0.00,0.00,A-068-8145,HAZARDOUS SUBSTANCE SUPERFUND,304,NS,NS
1982,FY-2025,A-8145,L-1941,"UNEXPIRED UNOBLIGATED BALANCE, END OF YEAR",01,5265000000.00,5790000000.00,6141000000.00,0.00,0.00,0.00,0.00,0.00,0.00,0.00,0.00,0.00,A-068-8145,HAZARDOUS SUBSTANCE SUPERFUND,304,NS,NS
1983,FY-2025,A-8145,L-1950,OTHER BALANCES WITHDRAWN AND RETURNED TO UNAPPROPRIATED RECEIPTS,01,1000000.00,0.00,0.00,0.00,0.00,0.00,0.00,0.00,0.00,0.00,0.00,0.00,A-068-8145,HAZARDOUS SUBSTANCE SUPERFUND,304,NS,NS
1984,FY-2025,A-8145,L-1952,"EXPIRED UNOBLIGATED BALANCE, START OF YEAR",01,1000000.00,1000000.00,1000000.00,0.00,0.00,0.00,0.00,0.00,0.00,0.00,0.00,0.00,A-068-8145,HAZARDOUS SUBSTANCE SUPERFUND,304,NS,NS
1985,FY-2025,A-8145,L-1953,"EXPIRED UNOBLIGATED BALANCE, END OF YEAR",01,1000000.00,1000000.00,1000000.00,0.00,0.00,0.00,0.00,0.00,0.00,0.00,0.00,0.00,A-068-8145,HAZARDOUS SUBSTANCE SUPERFUND,304,NS,NS
1986,FY-2025,A-8145,L-1954,UNOBLIGATED BALANCE CANCELING,01,1000000.00,0.00,0.00,0.00,0.00,0.00,0.00,0.00,0.00,0.00,0.00,0.00,A-068-8145,HAZARDOUS SUBSTANCE SUPERFUND,304,NS,NS
1987,FY-2025,A-8145,L-3000,"UNPAID OBLIGATIONS, BROUGHT FORWARD, OCT 1",01,2597000000.00,3612000000.00,3214000000.00,0.00,0.00,0.00,0.00,0.00,0.00,0.00,0.00,0.00,A-068-8145,HAZARDOUS SUBSTANCE SUPERFUND,304,NS,NS
1988,FY-2025,A-8145,L-3010,"NEW OBLIGATIONS, UNEXPIRED ACCOUNTS",01,2844000000.00,2728000000.00,3251000000.00,0.00,0.00,0.00,0.00,0.00,0.00,0.00,0.00,0.00,A-068-8145,HAZARDOUS SUBSTANCE SUPERFUND,304,NS,NS
1989,FY-2025,A-8145,L-3011,"OBLIGATIONS (""UPWARD ADJUSTMENTS""), EXPIRED ACCOUNTS",01,0.00,0.00,0.00,0.00,0.00,0.00,0.00,0.00,0.00,0.00,0.00,0.00,A-068-8145,HAZARDOUS SUBSTANCE SUPERFUND,304,NS,NS
1990,FY-2025,A-8145,L-3020,OUTLAYS (GROSS),01,-1684000000.00,-2876000000.00,-2138000000.00,0.00,0.00,0.00,0.00,0.00,0.00,0.00,0.00,0.00,A-068-8145,HAZARDOUS SUBSTANCE SUPERFUND,304,NS,NS
1991,FY-2025,A-8145,L-3040,"RECOVERIES OF PRIOR YEAR UNPAID OBLIGATIONS, UNEXPIRED",01,-144000000.00,-250000000.00,-250000000.00,0.00,0.00,0.00,0.00,0.00,0.00,0.00,0.00,0.00,A-068-8145,HAZARDOUS SUBSTANCE SUPERFUND,304,NS,NS
1992,FY-2025,A-8145,L-3041,"RECOVERIES OF PRIOR YEAR UNPAID OBLIGATIONS, EXPIRED",01,-1000000.00,0.00,0.00,0.00,0.00,0.00,0.00,0.00,0.00,0.00,0.00,0.00,A-068-8145,HAZARDOUS SUBSTANCE SUPERFUND,304,NS,NS
1993,FY-2025,A-8145,L-3050,"UNPAID OBLIGATIONS, END OF YEAR",01,3612000000.00,3214000000.00,4077000000.00,0.00,0.00,0.00,0.00,0.00,0.00,0.00,0.00,0.00,A-068-8145,HAZARDOUS SUBSTANCE SUPERFUND,304,NS,NS
1994,FY-2025,A-8145,L-3060,"UNCOLLECTED PYMTS, FED SOURCES, BROUGHT FORWARD, OCT 1",01,-21000000.00,-22000000.00,-22000000.00,0.00,0.00,0.00,0.00,0.00,0.00,0.00,0.00,0.00,A-068-8145,HAZARDOUS SUBSTANCE SUPERFUND,304,NS,NS
1995,FY-2025,A-8145,L-3070,"CHANGE IN UNCOLLECTED PYMTS, FED SOURCES, UNEXPIRED",01,-1000000.00,0.00,0.00,0.00,0.00,0.00,0.00,0.00,0.00,0.00,0.00,0.00,A-068-8145,HAZARDOUS SUBSTANCE SUPERFUND,304,NS,NS
1996,FY-2025,A-8145,L-3090,"UNCOLLECTED PYMTS, FED SOURCES, END OF YEAR",01,-22000000.00,-22000000.00,-22000000.00,0.00,0.00,0.00,0.00,0.00,0.00,0.00,0.00,0.00,A-068-8145,HAZARDOUS SUBSTANCE SUPERFUND,304,NS,NS
1997,FY-2025,A-8145,L-3100,"OBLIGATED BALANCE, START OF YEAR",01,2576000000.00,3590000000.00,3192000000.00,0.00,0.00,0.00,0.00,0.00,0.00,0.00,0.00,0.00,A-068-8145,HAZARDOUS SUBSTANCE SUPERFUND,304,NS,NS
1998,FY-2025,A-8145,L-3200,"OBLIGATED BALANCE, END OF YEAR",01,3590000000.00,3192000000.00,4055000000.00,0.00,0.00,0.00,0.00,0.00,0.00,0.00,0.00,0.00,A-068-8145,HAZARDOUS SUBSTANCE SUPERFUND,304,NS,NS
1999,FY-2025,A-8145,L-4000,"BUDGET AUTHORITY, GROSS",01,1457000000.00,2553000000.00,2902000000.00,0.00,0.00,0.00,0.00,0.00,0.00,0.00,0.00,0.00,A-068-8145,HAZARDOUS SUBSTANCE SUPERFUND,304,NS,DISCRETIONARY
2000,FY-2025,A-8145,L-4010,OUTLAYS FROM NEW DISCRETIONARY AUTHORITY,01,591000000.00,532000000.00,445000000.00,0.00,0.00,0.00,0.00,0.00,0.00,0.00,0.00,0.00,A-068-8145,HAZARDOUS SUBSTANCE SUPERFUND,304,NS,DISCRETIONARY
2001,FY-2025,A-8145,L-4011,OUTLAYS FROM DISCRETIONARY BALANCES,01,907000000.00,1958000000.00,1297000000.00,0.00,0.00,0.00,0.00,0.00,0.00,0.00,0.00,0.00,A-068-8145,HAZARDOUS SUBSTANCE SUPERFUND,304,NS,DISCRETIONARY
2002,FY-2025,A-8145,L-4020,"OUTLAYS, GROSS (TOTAL)",01,1498000000.00,2490000000.00,1742000000.00,0.00,0.00,0.00,0.00,0.00,0.00,0.00,0.00,0.00,A-068-8145,HAZARDOUS SUBSTANCE SUPERFUND,304,NS,DISCRETIONARY
2003,FY-2025,A-8145,L-4030,FEDERAL SOURCES,01,-2000000.00,-16000000.00,-16000000.00,0.00,0.00,0.00,0.00,0.00,0.00,0.00,0.00,0.00,A-068-8145,HAZARDOUS SUBSTANCE SUPERFUND,304,NS,DISCRETIONARY
2004,FY-2025,A-8145,L-403041,POLICY PROGRAM [FEDERAL SOURCES],01,-2000000.00,-16000000.00,-16000000.00,-16000000.00,-17000000.00,-17000000.00,-18000000.00,-18000000.00,-18000000.00,-19000000.00,-19000000.00,-20000000.00,A-068-8145,HAZARDOUS SUBSTANCE SUPERFUND,304,"DISCRETIONARY, APPROPRIATIONS COMMITTEE",DISCRETIONARY
2005,FY-2025,A-8145,L-403071,"OFFSETTING COLLECTIONS, FEDERAL SOURCES [FEDERAL SOURCES]",01,-2000000.00,-16000000.00,-18000000.00,-19000000.00,-19000000.00,-19000000.00,-19000000.00,-19000000.00,-19000000.00,-19000000.00,-19000000.00,-19000000.00,A-068-8145,HAZARDOUS SUBSTANCE SUPERFUND,304,"DISCRETIONARY, APPROPRIATIONS COMMITTEE",DISCRETIONARY
2006,FY-2025,A-8145,L-4033,NON-FEDERAL SOURCES,01,-25000000.00,-50000000.00,-51000000.00,0.00,0.00,0.00,0.00,0.00,0.00,0.00,0.00,0.00,A-068-8145,HAZARDOUS SUBSTANCE SUPERFUND,304,NS,DISCRETIONARY
2007,FY-2025,A-8145,L-403341,POLICY PROGRAM [NON-FEDERAL SOURCES],01,-25000000.00,-50000000.00,-51000000.00,-52000000.00,-53000000.00,-55000000.00,-56000000.00,-57000000.00,-58000000.00,-60000000.00,-61000000.00,-63000000.00,A-068-8145,HAZARDOUS SUBSTANCE SUPERFUND,304,"DISCRETIONARY, APPROPRIATIONS COMMITTEE",DISCRETIONARY
2008,FY-2025,A-8145,L-403371,BASELINE PROGRAM [NON-FEDERAL SOURCES],01,-25000000.00,-50000000.00,-57000000.00,-59000000.00,-59000000.00,-59000000.00,-59000000.00,-59000000.00,-59000000.00,-59000000.00,-59000000.00,-59000000.00,A-068-8145,HAZARDOUS SUBSTANCE SUPERFUND,304,"DISCRETIONARY, APPROPRIATIONS COMMITTEE",DISCRETIONARY
2009,FY-2025,A-8145,L-4040,OFFSETS AGAINST GROSS BUDGET AUTHORITY  AND OUTLAYS (TOTAL),01,-27000000.00,-66000000.00,-67000000.00,0.00,0.00,0.00,0.00,0.00,0.00,0.00,0.00,0.00,A-068-8145,HAZARDOUS SUBSTANCE SUPERFUND,304,NS,DISCRETIONARY
2010,FY-2025,A-8145,L-4050,"CHANGE IN UNCOLLECTED PYMTS, FED SOURCES, UNEXPIRED",01,-1000000.00,0.00,0.00,0.00,0.00,0.00,0.00,0.00,0.00,0.00,0.00,0.00,A-068-8145,HAZARDOUS SUBSTANCE SUPERFUND,304,NS,DISCRETIONARY
2011,FY-2025,A-8145,L-405041,POLICY PROGRAM [TEXT],01,-1000000.00,0.00,0.00,0.00,0.00,0.00,0.00,0.00,0.00,0.00,0.00,0.00,A-068-8145,HAZARDOUS SUBSTANCE SUPERFUND,304,"DISCRETIONARY, APPROPRIATIONS COMMITTEE",DISCRETIONARY
2012,FY-2025,A-8145,L-405071,BASELINE PROGRAM [TEXT],01,-1000000.00,0.00,0.00,0.00,0.00,0.00,0.00,0.00,0.00,0.00,0.00,0.00,A-068-8145,HAZARDOUS SUBSTANCE SUPERFUND,304,"DISCRETIONARY, APPROPRIATIONS COMMITTEE",DISCRETIONARY
2013,FY-2025,A-8145,L-4053,"RECOVERIES OF PRIOR YEAR PAID OBLIGATIONS, UNEXPIRED ACCOUNTS",01,13000000.00,0.00,0.00,0.00,0.00,0.00,0.00,0.00,0.00,0.00,0.00,0.00,A-068-8145,HAZARDOUS SUBSTANCE SUPERFUND,304,NS,DISCRETIONARY
2014,FY-2025,A-8145,L-405341,POLICY PROGRAM [TEXT],01,13000000.00,0.00,0.00,0.00,0.00,0.00,0.00,0.00,0.00,0.00,0.00,0.00,A-068-8145,HAZARDOUS SUBSTANCE SUPERFUND,304,"DISCRETIONARY, APPROPRIATIONS COMMITTEE",DISCRETIONARY
2015,FY-2025,A-8145,L-405371,BASELINE PROGRAM [TEXT],01,13000000.00,0.00,0.00,0.00,0.00,0.00,0.00,0.00,0.00,0.00,0.00,0.00,A-068-8145,HAZARDOUS SUBSTANCE SUPERFUND,304,"DISCRETIONARY, APPROPRIATIONS COMMITTEE",DISCRETIONARY
2016,FY-2025,A-8145,L-4060,ADDITIONAL OFFSETS AGAINST BUDGET AUTHORITY ONLY (TOTAL),01,12000000.00,0.00,0.00,0.00,0.00,0.00,0.00,0.00,0.00,0.00,0.00,0.00,A-068-8145,HAZARDOUS SUBSTANCE SUPERFUND,304,NS,DISCRETIONARY
2017,FY-2025,A-8145,L-4070,"BUDGET AUTHORITY, NET (DISCRETIONARY)",01,1442000000.00,2487000000.00,2835000000.00,0.00,0.00,0.00,0.00,0.00,0.00,0.00,0.00,0.00,A-068-8145,HAZARDOUS SUBSTANCE SUPERFUND,304,NS,DISCRETIONARY
2018,FY-2025,A-8145,L-4080,"OUTLAYS, NET (DISCRETIONARY)",01,1471000000.00,2424000000.00,1675000000.00,0.00,0.00,0.00,0.00,0.00,0.00,0.00,0.00,0.00,A-068-8145,HAZARDOUS SUBSTANCE SUPERFUND,304,NS,DISCRETIONARY
2019,FY-2025,A-8145,L-4090,"BUDGET AUTHORITY, GROSS",01,279000000.00,450000000.00,450000000.00,0.00,0.00,0.00,0.00,0.00,0.00,0.00,0.00,0.00,A-068-8145,HAZARDOUS SUBSTANCE SUPERFUND,304,NS,MANDATORY
2020,FY-2025,A-8145,L-4100,OUTLAYS FROM NEW MANDATORY AUTHORITY,01,48000000.00,119000000.00,119000000.00,0.00,0.00,0.00,0.00,0.00,0.00,0.00,0.00,0.00,A-068-8145,HAZARDOUS SUBSTANCE SUPERFUND,304,NS,MANDATORY
2021,FY-2025,A-8145,L-4101,OUTLAYS FROM MANDATORY BALANCES,01,138000000.00,267000000.00,277000000.00,0.00,0.00,0.00,0.00,0.00,0.00,0.00,0.00,0.00,A-068-8145,HAZARDOUS SUBSTANCE SUPERFUND,304,NS,MANDATORY
2022,FY-2025,A-8145,L-4110,"OUTLAYS, GROSS (TOTAL)",01,186000000.00,386000000.00,396000000.00,0.00,0.00,0.00,0.00,0.00,0.00,0.00,0.00,0.00,A-068-8145,HAZARDOUS SUBSTANCE SUPERFUND,304,NS,MANDATORY
2023,FY-2025,A-8145,L-4120,FEDERAL SOURCES,01,0.00,0.00,0.00,0.00,0.00,0.00,0.00,0.00,0.00,0.00,0.00,0.00,A-068-8145,HAZARDOUS SUBSTANCE SUPERFUND,304,NS,MANDATORY
2024,FY-2025,A-8145,L-412041,POLICY PROGRAM [TEXT],01,0.00,0.00,0.00,0.00,0.00,0.00,0.00,0.00,0.00,0.00,0.00,0.00,A-068-8145,HAZARDOUS SUBSTANCE SUPERFUND,304,"MANDATORY, AUTHORIZING COMMITTEE",MANDATORY
2025,FY-2025,A-8145,L-412071,BASELINE PROGRAM [TEXT],01,0.00,0.00,0.00,0.00,0.00,0.00,0.00,0.00,0.00,0.00,0.00,0.00,A-068-8145,HAZARDOUS SUBSTANCE SUPERFUND,304,"MANDATORY, AUTHORIZING COMMITTEE",MANDATORY
2026,FY-2025,A-8145,L-4123,NON-FEDERAL SOURCES,01,0.00,0.00,0.00,0.00,0.00,0.00,0.00,0.00,0.00,0.00,0.00,0.00,A-068-8145,HAZARDOUS SUBSTANCE SUPERFUND,304,NS,MANDATORY
2027,FY-2025,A-8145,L-412341,POLICY PROGRAM [SPECIAL ACCOUNTS],01,0.00,0.00,0.00,0.00,0.00,0.00,0.00,0.00,0.00,0.00,0.00,0.00,A-068-8145,HAZARDOUS SUBSTANCE SUPERFUND,304,"MANDATORY, AUTHORIZING COMMITTEE",MANDATORY
2028,FY-2025,A-8145,L-412371,BASELINE PROGRAM [SPECIAL ACCOUNTS],01,0.00,0.00,0.00,0.00,0.00,0.00,0.00,0.00,0.00,0.00,0.00,0.00,A-068-8145,HAZARDOUS SUBSTANCE SUPERFUND,304,"MANDATORY, AUTHORIZING COMMITTEE",MANDATORY
2029,FY-2025,A-8145,L-4130,OFFSETS AGAINST GROSS BUDGET AUTHORITY AND OUTLAYS (TOTAL),01,0.00,0.00,0.00,0.00,0.00,0.00,0.00,0.00,0.00,0.00,0.00,0.00,A-068-8145,HAZARDOUS SUBSTANCE SUPERFUND,304,NS,MANDATORY
2030,FY-2025,A-8145,L-4140,"CHANGE IN UNCOLLECTED PYMTS, FED SOURCES, UNEXPIRED",01,0.00,0.00,0.00,0.00,0.00,0.00,0.00,0.00,0.00,0.00,0.00,0.00,A-068-8145,HAZARDOUS SUBSTANCE SUPERFUND,304,NS,MANDATORY
2031,FY-2025,A-8145,L-414041,POLICY PROGRAM [TEXT],01,0.00,0.00,0.00,0.00,0.00,0.00,0.00,0.00,0.00,0.00,0.00,0.00,A-068-8145,HAZARDOUS SUBSTANCE SUPERFUND,304,"MANDATORY, AUTHORIZING COMMITTEE",MANDATORY
2032,FY-2025,A-8145,L-414071,BASELINE PROGRAM [TEXT],01,0.00,0.00,0.00,0.00,0.00,0.00,0.00,0.00,0.00,0.00,0.00,0.00,A-068-8145,HAZARDOUS SUBSTANCE SUPERFUND,304,"MANDATORY, AUTHORIZING COMMITTEE",MANDATORY
2033,FY-2025,A-8145,L-4143,"RECOVERIES OF PRIOR YEAR PAID OBLIGATIONS, UNEXPIRED ACCOUNTS",01,0.00,0.00,0.00,0.00,0.00,0.00,0.00,0.00,0.00,0.00,0.00,0.00,A-068-8145,HAZARDOUS SUBSTANCE SUPERFUND,304,NS,MANDATORY
2034,FY-2025,A-8145,L-414341,"RECOVERIES OF PRIOR YEAR PAID OBLIGATIONS, UNEXPIRED ACCOUNTS",01,0.00,0.00,0.00,0.00,0.00,0.00,0.00,0.00,0.00,0.00,0.00,0.00,A-068-8145,HAZARDOUS SUBSTANCE SUPERFUND,304,"MANDATORY, AUTHORIZING COMMITTEE",MANDATORY
2035,FY-2025,A-8145,L-414371,"RECOVERIES OF PRIOR YEAR PAID OBLIGATIONS, UNEXPIRED ACCOUNTS",01,0.00,0.00,0.00,0.00,0.00,0.00,0.00,0.00,0.00,0.00,0.00,0.00,A-068-8145,HAZARDOUS SUBSTANCE SUPERFUND,304,"MANDATORY, AUTHORIZING COMMITTEE",MANDATORY
2036,FY-2025,A-8145,L-4150,ADDITIONAL OFFSETS AGAINST BUDGET AUTHORITY ONLY (TOTAL),01,0.00,0.00,0.00,0.00,0.00,0.00,0.00,0.00,0.00,0.00,0.00,0.00,A-068-8145,HAZARDOUS SUBSTANCE SUPERFUND,304,NS,MANDATORY
2037,FY-2025,A-8145,L-4160,"BUDGET AUTHORITY, NET (MANDATORY)",01,279000000.00,450000000.00,450000000.00,0.00,0.00,0.00,0.00,0.00,0.00,0.00,0.00,0.00,A-068-8145,HAZARDOUS SUBSTANCE SUPERFUND,304,NS,MANDATORY
2038,FY-2025,A-8145,L-4170,"OUTLAYS, NET (MANDATORY)",01,186000000.00,386000000.00,396000000.00,0.00,0.00,0.00,0.00,0.00,0.00,0.00,0.00,0.00,A-068-8145,HAZARDOUS SUBSTANCE SUPERFUND,304,NS,MANDATORY
2039,FY-2025,A-8145,L-4180,"BUDGET AUTHORITY, NET (TOTAL)",01,1721000000.00,2937000000.00,3285000000.00,0.00,0.00,0.00,0.00,0.00,0.00,0.00,0.00,0.00,A-068-8145,HAZARDOUS SUBSTANCE SUPERFUND,304,NS,NS
2040,FY-2025,A-8145,L-4190,"OUTLAYS, NET (TOTAL)",01,1657000000.00,2810000000.00,2071000000.00,0.00,0.00,0.00,0.00,0.00,0.00,0.00,0.00,0.00,A-068-8145,HAZARDOUS SUBSTANCE SUPERFUND,304,NS,NS
2041,FY-2025,A-8145,L-5000,"TOTAL INVESTMENTS, SOY: FEDERAL SECURITIES: PAR VALUE",01,9360000000.00,11006000000.00,12300000000.00,0.00,0.00,0.00,0.00,0.00,0.00,0.00,0.00,0.00,A-068-8145,HAZARDOUS SUBSTANCE SUPERFUND,304,NS,NS
2042,FY-2025,A-8145,L-5001,"TOTAL INVESTMENTS, EOY: FEDERAL SECURITIES: PAR VALUE",01,11006000000.00,12300000000.00,13600000000.00,0.00,0.00,0.00,0.00,0.00,0.00,0.00,0.00,0.00,A-068-8145,HAZARDOUS SUBSTANCE SUPERFUND,304,NS,NS
2043,FY-2025,A-8145,L-5311,"DIRECT UNOBLIGATED BALANCE, START OF YEAR",01,6101000000.00,0.00,0.00,0.00,0.00,0.00,0.00,0.00,0.00,0.00,0.00,0.00,A-068-8145,HAZARDOUS SUBSTANCE SUPERFUND,304,NS,NS
2044,FY-2025,A-8145,L-5312,"REIMBURSABLE UNOBLIGATED BALANCE, START OF YEAR",01,115000000.00,0.00,0.00,0.00,0.00,0.00,0.00,0.00,0.00,0.00,0.00,0.00,A-068-8145,HAZARDOUS SUBSTANCE SUPERFUND,304,NS,NS
2045,FY-2025,A-8145,L-5313,"DISCRETIONARY UNOBLIGATED BALANCE, START OF YEAR",01,2754000000.00,0.00,0.00,0.00,0.00,0.00,0.00,0.00,0.00,0.00,0.00,0.00,A-068-8145,HAZARDOUS SUBSTANCE SUPERFUND,304,NS,DISCRETIONARY
2046,FY-2025,A-8145,L-5314,"MANDATORY UNOBLIGATED BALANCE, START OF YEAR",01,3461000000.00,0.00,0.00,0.00,0.00,0.00,0.00,0.00,0.00,0.00,0.00,0.00,A-068-8145,HAZARDOUS SUBSTANCE SUPERFUND,304,NS,MANDATORY
2047,FY-2025,A-8145,L-5321,"DIRECT UNOBLIGATED BALANCE, END OF YEAR",01,5149000000.00,0.00,0.00,0.00,0.00,0.00,0.00,0.00,0.00,0.00,0.00,0.00,A-068-8145,HAZARDOUS SUBSTANCE SUPERFUND,304,NS,NS
2048,FY-2025,A-8145,L-5322,"REIMBURSABLE UNOBLIGATED BALANCE, END OF YEAR",01,116000000.00,0.00,0.00,0.00,0.00,0.00,0.00,0.00,0.00,0.00,0.00,0.00,A-068-8145,HAZARDOUS SUBSTANCE SUPERFUND,304,NS,NS
2049,FY-2025,A-8145,L-5323,"DISCRETIONARY UNOBLIGATED BALANCE, END OF YEAR",01,1890000000.00,0.00,0.00,0.00,0.00,0.00,0.00,0.00,0.00,0.00,0.00,0.00,A-068-8145,HAZARDOUS SUBSTANCE SUPERFUND,304,NS,DISCRETIONARY
2050,FY-2025,A-8145,L-5324,"MANDATORY UNOBLIGATED BALANCE, END OF YEAR",01,3374000000.00,0.00,0.00,0.00,0.00,0.00,0.00,0.00,0.00,0.00,0.00,0.00,A-068-8145,HAZARDOUS SUBSTANCE SUPERFUND,304,NS,MANDATORY
2051,FY-2025,A-8145,L-5331,"DIRECT OBLIGATED BALANCE, START OF YEAR",01,2579000000.00,3594000000.00,0.00,0.00,0.00,0.00,0.00,0.00,0.00,0.00,0.00,0.00,A-068-8145,HAZARDOUS SUBSTANCE SUPERFUND,304,NS,NS
2052,FY-2025,A-8145,L-5332,"REIMBURSABLE OBLIGATED BALANCE, START OF YEAR",01,-3000000.00,-3000000.00,0.00,0.00,0.00,0.00,0.00,0.00,0.00,0.00,0.00,0.00,A-068-8145,HAZARDOUS SUBSTANCE SUPERFUND,304,NS,NS
2053,FY-2025,A-8145,L-5333,"DISCRETIONARY OBLIGATED BALANCE, START OF YEAR",01,2192000000.00,3028000000.00,0.00,0.00,0.00,0.00,0.00,0.00,0.00,0.00,0.00,0.00,A-068-8145,HAZARDOUS SUBSTANCE SUPERFUND,304,NS,DISCRETIONARY
2054,FY-2025,A-8145,L-5334,"MANDATORY OBLIGATED BALANCE, START OF YEAR",01,385000000.00,562000000.00,0.00,0.00,0.00,0.00,0.00,0.00,0.00,0.00,0.00,0.00,A-068-8145,HAZARDOUS SUBSTANCE SUPERFUND,304,NS,MANDATORY
2055,FY-2025,A-8145,L-5341,"DIRECT OBLIGATED BALANCE, END OF YEAR",01,3594000000.00,0.00,0.00,0.00,0.00,0.00,0.00,0.00,0.00,0.00,0.00,0.00,A-068-8145,HAZARDOUS SUBSTANCE SUPERFUND,304,NS,NS
2056,FY-2025,A-8145,L-5342,"REIMBURSABLE OBLIGATED BALANCE, END OF YEAR",01,-3000000.00,0.00,0.00,0.00,0.00,0.00,0.00,0.00,0.00,0.00,0.00,0.00,A-068-8145,HAZARDOUS SUBSTANCE SUPERFUND,304,NS,NS
2057,FY-2025,A-8145,L-5343,"DISCRETIONARY OBLIGATED BALANCE, END OF YEAR",01,3028000000.00,0.00,0.00,0.00,0.00,0.00,0.00,0.00,0.00,0.00,0.00,0.00,A-068-8145,HAZARDOUS SUBSTANCE SUPERFUND,304,NS,DISCRETIONARY
2058,FY-2025,A-8145,L-5344,"MANDATORY OBLIGATED BALANCE, END OF YEAR",01,562000000.00,0.00,0.00,0.00,0.00,0.00,0.00,0.00,0.00,0.00,0.00,0.00,A-068-8145,HAZARDOUS SUBSTANCE SUPERFUND,304,NS,MANDATORY
2059,FY-2025,A-8145,L-0081,OBLIGATED BALANCES (NET),1,2597000000.00,3612000000.00,3214000000.00,0.00,0.00,0.00,0.00,0.00,0.00,0.00,0.00,0.00,A-068-8145,HAZARDOUS SUBSTANCE SUPERFUND,304,NS,NS
2060,FY-2025,A-8145,L-0081,OBLIGATED BALANCES (NET),2,-21000000.00,-22000000.00,-22000000.00,0.00,0.00,0.00,0.00,0.00,0.00,0.00,0.00,0.00,A-068-8145,HAZARDOUS SUBSTANCE SUPERFUND,304,NS,NS
2061,FY-2025,A-8145,L-0082,UNEXPIRED UNOBLIGATED BALANCES,1,6216000000.00,5265000000.00,5790000000.00,0.00,0.00,0.00,0.00,0.00,0.00,0.00,0.00,0.00,A-068-8145,HAZARDOUS SUBSTANCE SUPERFUND,304,NS,NS
2062,FY-2025,A-8145,L-0083,SPECIAL OR TRUST FUND RECEIPT BALANCES,1,509000000.00,1745000000.00,2650000000.00,0.00,0.00,0.00,0.00,0.00,0.00,0.00,0.00,0.00,A-068-8145,HAZARDOUS SUBSTANCE SUPERFUND,304,NS,NS
2063,FY-2025,A-8145,L-0087,EXPIRED UNOBLIGATED BALANCE,1,1000000.00,1000000.00,1000000.00,0.00,0.00,0.00,0.00,0.00,0.00,0.00,0.00,0.00,A-068-8145,HAZARDOUS SUBSTANCE SUPERFUND,304,NS,NS
2064,FY-2025,A-8145,L-0099,"TOTAL BALANCE, START OF YEAR",1,9302000000.00,10601000000.00,11633000000.00,0.00,0.00,0.00,0.00,0.00,0.00,0.00,0.00,0.00,A-068-8145,HAZARDOUS SUBSTANCE SUPERFUND,304,NS,NS
2065,FY-2025,A-8145,L-0100,"BALANCE, START OF YEAR",1,9302000000.00,10601000000.00,11633000000.00,0.00,0.00,0.00,0.00,0.00,0.00,0.00,0.00,0.00,A-068-8145,HAZARDOUS SUBSTANCE SUPERFUND,304,NS,NS
2066,FY-2025,A-8145,L-0999,"TOTAL BALANCE, START OF YEAR",1,9302000000.00,10601000000.00,11633000000.00,0.00,0.00,0.00,0.00,0.00,0.00,0.00,0.00,0.00,A-068-8145,HAZARDOUS SUBSTANCE SUPERFUND,304,NS,NS
2067,FY-2025,A-8145,L-1110,"EXCISE TAXES, HAZARDOUS SUBSTANCE SUPERFUND",1,1205000000.00,2174000000.00,2330000000.00,0.00,0.00,0.00,0.00,0.00,0.00,0.00,0.00,0.00,A-068-8145,HAZARDOUS SUBSTANCE SUPERFUND,304,NS,NS
2068,FY-2025,A-8145,L-1110,"FINES AND PENALTIES, AND MISCELLANEOUS, HAZARDOUS SUBSTANCE SUPERFUND",2,1000000.00,1000000.00,1000000.00,0.00,0.00,0.00,0.00,0.00,0.00,0.00,0.00,0.00,A-068-8145,HAZARDOUS SUBSTANCE SUPERFUND,304,NS,NS
2069,FY-2025,A-8145,L-1130,HAZARDOUS SUBSTANCE SUPERFUND,1,25000000.00,50000000.00,51000000.00,0.00,0.00,0.00,0.00,0.00,0.00,0.00,0.00,0.00,A-068-8145,HAZARDOUS SUBSTANCE SUPERFUND,304,NS,NS
2070,FY-2025,A-8145,L-1130,"RECOVERIES, HAZARDOUS SUBSTANCE SUPERFUND",2,60000000.00,60000000.00,60000000.00,0.00,0.00,0.00,0.00,0.00,0.00,0.00,0.00,0.00,A-068-8145,HAZARDOUS SUBSTANCE SUPERFUND,304,NS,NS
2071,FY-2025,A-8145,L-1130,"FUTURE CLEAN UP COST SETTLEMENTS, HAZARDOUS SUBSTANCE SUPERFUND TRUST FUND",3,178000000.00,350000000.00,350000000.00,0.00,0.00,0.00,0.00,0.00,0.00,0.00,0.00,0.00,A-068-8145,HAZARDOUS SUBSTANCE SUPERFUND,304,NS,NS
2072,FY-2025,A-8145,L-1150,"INTEREST AND PROFITS ON INVESTMENTS, HAZARDOUS SUBSTANCE SUPERFUND",1,0.00,164000000.00,168000000.00,0.00,0.00,0.00,0.00,0.00,0.00,0.00,0.00,0.00,A-068-8145,HAZARDOUS SUBSTANCE SUPERFUND,304,NS,NS
2073,FY-2025,A-8145,L-1150,"INTEREST AND PROFITS ON INVESTMENTS, HAZARDOUS SUBSTANCE SUPERFUND",2,295000000.00,65000000.00,66000000.00,0.00,0.00,0.00,0.00,0.00,0.00,0.00,0.00,0.00,A-068-8145,HAZARDOUS SUBSTANCE SUPERFUND,304,NS,NS
2074,FY-2025,A-8145,L-1160,HAZARDOUS SUBSTANCE SUPERFUND,1,2000000.00,16000000.00,16000000.00,0.00,0.00,0.00,0.00,0.00,0.00,0.00,0.00,0.00,A-068-8145,HAZARDOUS SUBSTANCE SUPERFUND,304,NS,NS
2075,FY-2025,A-8145,L-1160,"INTERFUND TRANSACTIONS, HAZARDOUS SUBSTANCE SUPERFUND",2,1218000000.00,0.00,0.00,0.00,0.00,0.00,0.00,0.00,0.00,0.00,0.00,0.00,A-068-8145,HAZARDOUS SUBSTANCE SUPERFUND,304,NS,NS
2076,FY-2025,A-8145,L-1160,"INTERFUND TRANSACTIONS, HAZARDOUS SUBSTANCE SUPERFUND",3,0.00,1028000000.00,406000000.00,0.00,0.00,0.00,0.00,0.00,0.00,0.00,0.00,0.00,A-068-8145,HAZARDOUS SUBSTANCE SUPERFUND,304,NS,NS
2077,FY-2025,A-8145,L-1199,INCOME UNDER PRESENT LAW,1,2984000000.00,3908000000.00,3448000000.00,0.00,0.00,0.00,0.00,0.00,0.00,0.00,0.00,0.00,A-068-8145,HAZARDOUS SUBSTANCE SUPERFUND,304,NS,NS
2078,FY-2025,A-8145,L-1999,TOTAL CASH INCOME,1,2984000000.00,3908000000.00,3448000000.00,0.00,0.00,0.00,0.00,0.00,0.00,0.00,0.00,0.00,A-068-8145,HAZARDOUS SUBSTANCE SUPERFUND,304,NS,NS
2079,FY-2025,A-8145,L-2100,HAZARDOUS SUBSTANCE SUPERFUND,1,-1684000000.00,-2876000000.00,-2138000000.00,0.00,0.00,0.00,0.00,0.00,0.00,0.00,0.00,0.00,A-068-8145,HAZARDOUS SUBSTANCE SUPERFUND,304,NS,NS
2080,FY-2025,A-8145,L-2199,OUTGO UNDER CURRENT LAW,1,-1684000000.00,-2876000000.00,-2138000000.00,0.00,0.00,0.00,0.00,0.00,0.00,0.00,0.00,0.00,A-068-8145,HAZARDOUS SUBSTANCE SUPERFUND,304,NS,NS
2081,FY-2025,A-8145,L-2999,TOTAL CASH OUTGO (-),1,-1684000000.00,-2876000000.00,-2138000000.00,0.00,0.00,0.00,0.00,0.00,0.00,0.00,0.00,0.00,A-068-8145,HAZARDOUS SUBSTANCE SUPERFUND,304,NS,NS
2082,FY-2025,A-8145,L-3110,EXCLUDING INTEREST,1,1005000000.00,803000000.00,1076000000.00,0.00,0.00,0.00,0.00,0.00,0.00,0.00,0.00,0.00,A-068-8145,HAZARDOUS SUBSTANCE SUPERFUND,304,NS,NS
2083,FY-2025,A-8145,L-3120,INTEREST,1,295000000.00,229000000.00,234000000.00,0.00,0.00,0.00,0.00,0.00,0.00,0.00,0.00,0.00,A-068-8145,HAZARDOUS SUBSTANCE SUPERFUND,304,NS,NS
2084,FY-2025,A-8145,L-3199,"SUBTOTAL, SURPLUS OR DEFICIT",1,1300000000.00,1032000000.00,1310000000.00,0.00,0.00,0.00,0.00,0.00,0.00,0.00,0.00,0.00,A-068-8145,HAZARDOUS SUBSTANCE SUPERFUND,304,NS,NS
2085,FY-2025,A-8145,L-3298,RECONCILIATION ADJUSTMENT,1,-1000000.00,0.00,0.00,0.00,0.00,0.00,0.00,0.00,0.00,0.00,0.00,0.00,A-068-8145,HAZARDOUS SUBSTANCE SUPERFUND,304,NS,NS
2086,FY-2025,A-8145,L-3299,TOTAL ADJUSTMENTS,1,-1000000.00,0.00,0.00,0.00,0.00,0.00,0.00,0.00,0.00,0.00,0.00,0.00,A-068-8145,HAZARDOUS SUBSTANCE SUPERFUND,304,NS,NS
2087,FY-2025,A-8145,L-3999,TOTAL CHANGE IN FUND BALANCE,1,1299000000.00,1032000000.00,1310000000.00,0.00,0.00,0.00,0.00,0.00,0.00,0.00,0.00,0.00,A-068-8145,HAZARDOUS SUBSTANCE SUPERFUND,304,NS,NS
2088,FY-2025,A-8145,L-4100,"UNINVESTED BALANCE (NET), END OF YEAR",1,-405000000.00,-667000000.00,-657000000.00,0.00,0.00,0.00,0.00,0.00,0.00,0.00,0.00,0.00,A-068-8145,HAZARDOUS SUBSTANCE SUPERFUND,304,NS,NS
2089,FY-2025,A-8145,L-4200,HAZARDOUS SUBSTANCE SUPERFUND,1,11006000000.00,12300000000.00,13600000000.00,0.00,0.00,0.00,0.00,0.00,0.00,0.00,0.00,0.00,A-068-8145,HAZARDOUS SUBSTANCE SUPERFUND,304,NS,NS
2090,FY-2025,A-8145,L-4999,"TOTAL BALANCE, END OF YEAR",1,10601000000.00,11633000000.00,12943000000.00,0.00,0.00,0.00,0.00,0.00,0.00,0.00,0.00,0.00,A-068-8145,HAZARDOUS SUBSTANCE SUPERFUND,304,NS,NS
2091,FY-2025,A-8145,L-8801,HAZARDOUS SUBSTANCE SUPERFUND,1,3612000000.00,3214000000.00,4077000000.00,0.00,0.00,0.00,0.00,0.00,0.00,0.00,0.00,0.00,A-068-8145,HAZARDOUS SUBSTANCE SUPERFUND,304,NS,NS
2092,FY-2025,A-8145,L-8801,HAZARDOUS SUBSTANCE SUPERFUND,2,-22000000.00,-22000000.00,-22000000.00,0.00,0.00,0.00,0.00,0.00,0.00,0.00,0.00,0.00,A-068-8145,HAZARDOUS SUBSTANCE SUPERFUND,304,NS,NS
2093,FY-2025,A-8145,L-8802,HAZARDOUS SUBSTANCE SUPERFUND,1,5265000000.00,5790000000.00,6141000000.00,0.00,0.00,0.00,0.00,0.00,0.00,0.00,0.00,0.00,A-068-8145,HAZARDOUS SUBSTANCE SUPERFUND,304,NS,NS
2094,FY-2025,A-8145,L-8803,SPECIAL OR TRUST FUND RECEIPT BALANCES (MEMORANDUM ENTRY) [BUDGET ACCT],1,1745000000.00,2650000000.00,2746000000.00,0.00,0.00,0.00,0.00,0.00,0.00,0.00,0.00,0.00,A-068-8145,HAZARDOUS SUBSTANCE SUPERFUND,304,NS,NS
2095,FY-2025,A-8145,L-8890,HAZARDOUS SUBSTANCE SUPERFUND,1,1000000.00,1000000.00,1000000.00,0.00,0.00,0.00,0.00,0.00,0.00,0.00,0.00,0.00,A-068-8145,HAZARDOUS SUBSTANCE SUPERFUND,304,NS,NS
2096,FY-2025,A-8145,L-8899,"TOTAL BALANCE, END OF YEAR (MEMORANDUM ENTRY)",1,10601000000.00,11633000000.00,12943000000.00,0.00,0.00,0.00,0.00,0.00,0.00,0.00,0.00,0.00,A-068-8145,HAZARDOUS SUBSTANCE SUPERFUND,304,NS,NS
2097,FY-2025,A-8145,L-1111,FULL-TIME PERMANENT,01,340000000.00,340000000.00,392000000.00,0.00,0.00,0.00,0.00,0.00,0.00,0.00,0.00,0.00,A-068-8145,HAZARDOUS SUBSTANCE SUPERFUND,304,NS,NS
2098,FY-2025,A-8145,L-1113,OTHER THAN FULL-TIME PERMANENT,01,0.00,0.00,11000000.00,0.00,0.00,0.00,0.00,0.00,0.00,0.00,0.00,0.00,A-068-8145,HAZARDOUS SUBSTANCE SUPERFUND,304,NS,NS
2099,FY-2025,A-8145,L-1115,OTHER PERSONNEL COMPENSATION,01,0.00,0.00,23000000.00,0.00,0.00,0.00,0.00,0.00,0.00,0.00,0.00,0.00,A-068-8145,HAZARDOUS SUBSTANCE SUPERFUND,304,NS,NS
2100,FY-2025,A-8145,L-1117,MILITARY PERSONNEL,01,0.00,0.00,0.00,0.00,0.00,0.00,0.00,0.00,0.00,0.00,0.00,0.00,A-068-8145,HAZARDOUS SUBSTANCE SUPERFUND,304,NS,NS
2101,FY-2025,A-8145,L-1119,TOTAL PERSONNEL COMPENSATION,01,340000000.00,340000000.00,426000000.00,0.00,0.00,0.00,0.00,0.00,0.00,0.00,0.00,0.00,A-068-8145,HAZARDOUS SUBSTANCE SUPERFUND,304,NS,NS
2102,FY-2025,A-8145,L-1121,CIVILIAN PERSONNEL BENEFITS,01,0.00,0.00,243000000.00,0.00,0.00,0.00,0.00,0.00,0.00,0.00,0.00,0.00,A-068-8145,HAZARDOUS SUBSTANCE SUPERFUND,304,NS,NS
2103,FY-2025,A-8145,L-1130,BENEFITS FOR FORMER PERSONNEL,01,6000000.00,6000000.00,2000000.00,0.00,0.00,0.00,0.00,0.00,0.00,0.00,0.00,0.00,A-068-8145,HAZARDOUS SUBSTANCE SUPERFUND,304,NS,NS
2104,FY-2025,A-8145,L-1210,TRAVEL AND TRANSPORTATION OF PERSONS,01,126000000.00,126000000.00,14000000.00,0.00,0.00,0.00,0.00,0.00,0.00,0.00,0.00,0.00,A-068-8145,HAZARDOUS SUBSTANCE SUPERFUND,304,NS,NS
2105,FY-2025,A-8145,L-1231,RENTAL PAYMENTS TO GSA,01,37000000.00,37000000.00,108000000.00,0.00,0.00,0.00,0.00,0.00,0.00,0.00,0.00,0.00,A-068-8145,HAZARDOUS SUBSTANCE SUPERFUND,304,NS,NS
2106,FY-2025,A-8145,L-1232,RENTAL PAYMENTS TO OTHERS,01,1000000.00,1000000.00,2000000.00,0.00,0.00,0.00,0.00,0.00,0.00,0.00,0.00,0.00,A-068-8145,HAZARDOUS SUBSTANCE SUPERFUND,304,NS,NS
2107,FY-2025,A-8145,L-1233,"COMMUNICATIONS, UTILITIES, AND MISCELLANEOUS CHARGES",01,3000000.00,3000000.00,5000000.00,0.00,0.00,0.00,0.00,0.00,0.00,0.00,0.00,0.00,A-068-8145,HAZARDOUS SUBSTANCE SUPERFUND,304,NS,NS
2108,FY-2025,A-8145,L-1251,ADVISORY AND ASSISTANCE SERVICES,01,86000000.00,86000000.00,115000000.00,0.00,0.00,0.00,0.00,0.00,0.00,0.00,0.00,0.00,A-068-8145,HAZARDOUS SUBSTANCE SUPERFUND,304,NS,NS
2109,FY-2025,A-8145,L-1252,OTHER SERVICES FROM NON-FEDERAL SOURCES,01,992000000.00,992000000.00,1359000000.00,0.00,0.00,0.00,0.00,0.00,0.00,0.00,0.00,0.00,A-068-8145,HAZARDOUS SUBSTANCE SUPERFUND,304,NS,NS
2110,FY-2025,A-8145,L-1253,OTHER GOODS AND SERVICES,01,709000000.00,709000000.00,471000000.00,0.00,0.00,0.00,0.00,0.00,0.00,0.00,0.00,0.00,A-068-8145,HAZARDOUS SUBSTANCE SUPERFUND,304,NS,NS
2111,FY-2025,A-8145,L-1254,OPERATION AND MAINTENANCE OF FACILITIES,01,7000000.00,7000000.00,16000000.00,0.00,0.00,0.00,0.00,0.00,0.00,0.00,0.00,0.00,A-068-8145,HAZARDOUS SUBSTANCE SUPERFUND,304,NS,NS
2112,FY-2025,A-8145,L-1257,OPERATION AND MAINTENANCE OF EQUIPMENT,01,3000000.00,3000000.00,18000000.00,0.00,0.00,0.00,0.00,0.00,0.00,0.00,0.00,0.00,A-068-8145,HAZARDOUS SUBSTANCE SUPERFUND,304,NS,NS
2113,FY-2025,A-8145,L-1260,SUPPLIES AND MATERIALS,01,4000000.00,4000000.00,7000000.00,0.00,0.00,0.00,0.00,0.00,0.00,0.00,0.00,0.00,A-068-8145,HAZARDOUS SUBSTANCE SUPERFUND,304,NS,NS
2114,FY-2025,A-8145,L-1310,EQUIPMENT,01,11000000.00,11000000.00,18000000.00,0.00,0.00,0.00,0.00,0.00,0.00,0.00,0.00,0.00,A-068-8145,HAZARDOUS SUBSTANCE SUPERFUND,304,NS,NS
2115,FY-2025,A-8145,L-1410,"GRANTS, SUBSIDIES, AND CONTRIBUTIONS",01,94000000.00,94000000.00,138000000.00,0.00,0.00,0.00,0.00,0.00,0.00,0.00,0.00,0.00,A-068-8145,HAZARDOUS SUBSTANCE SUPERFUND,304,NS,NS
2116,FY-2025,A-8145,L-1420,INSURANCE CLAIMS AND INDEMNITIES,01,14000000.00,14000000.00,14000000.00,0.00,0.00,0.00,0.00,0.00,0.00,0.00,0.00,0.00,A-068-8145,HAZARDOUS SUBSTANCE SUPERFUND,304,NS,NS
2117,FY-2025,A-8145,L-1940,FINANCIAL TRANSFERS,01,0.00,0.00,0.00,0.00,0.00,0.00,0.00,0.00,0.00,0.00,0.00,0.00,A-068-8145,HAZARDOUS SUBSTANCE SUPERFUND,304,NS,NS
2118,FY-2025,A-8145,L-1990,"SUBTOTAL, OBLIGATIONS",01,2433000000.00,2433000000.00,2956000000.00,0.00,0.00,0.00,0.00,0.00,0.00,0.00,0.00,0.00,A-068-8145,HAZARDOUS SUBSTANCE SUPERFUND,304,NS,NS
2119,FY-2025,A-8145,L-2111,FULL-TIME PERMANENT,01,12000000.00,13000000.00,13000000.00,0.00,0.00,0.00,0.00,0.00,0.00,0.00,0.00,0.00,A-068-8145,HAZARDOUS SUBSTANCE SUPERFUND,304,NS,NS
2120,FY-2025,A-8145,L-2121,CIVILIAN PERSONNEL BENEFITS,01,4000000.00,4000000.00,4000000.00,0.00,0.00,0.00,0.00,0.00,0.00,0.00,0.00,0.00,A-068-8145,HAZARDOUS SUBSTANCE SUPERFUND,304,NS,NS
2121,FY-2025,A-8145,L-2210,TRAVEL AND TRANSPORTATION OF PERSONS,01,1000000.00,1000000.00,1000000.00,0.00,0.00,0.00,0.00,0.00,0.00,0.00,0.00,0.00,A-068-8145,HAZARDOUS SUBSTANCE SUPERFUND,304,NS,NS
2122,FY-2025,A-8145,L-2252,OTHER SERVICES FROM NON-FEDERAL SOURCES,01,148000000.00,128000000.00,128000000.00,0.00,0.00,0.00,0.00,0.00,0.00,0.00,0.00,0.00,A-068-8145,HAZARDOUS SUBSTANCE SUPERFUND,304,NS,NS
2123,FY-2025,A-8145,L-2253,OTHER GOODS AND SERVICES FROM FEDERAL SOURCES,01,204000000.00,107000000.00,107000000.00,0.00,0.00,0.00,0.00,0.00,0.00,0.00,0.00,0.00,A-068-8145,HAZARDOUS SUBSTANCE SUPERFUND,304,NS,NS
2124,FY-2025,A-8145,L-2410,"GRANTS, SUBSIDIES, AND CONTRIBUTIONS",01,39000000.00,37000000.00,37000000.00,0.00,0.00,0.00,0.00,0.00,0.00,0.00,0.00,0.00,A-068-8145,HAZARDOUS SUBSTANCE SUPERFUND,304,NS,NS
2125,FY-2025,A-8145,L-2420,INSURANCE CLAIMS AND INDEMNITIES,01,3000000.00,5000000.00,5000000.00,0.00,0.00,0.00,0.00,0.00,0.00,0.00,0.00,0.00,A-068-8145,HAZARDOUS SUBSTANCE SUPERFUND,304,NS,NS
2126,FY-2025,A-8145,L-2990,"SUBTOTAL, OBLIGATIONS",01,411000000.00,295000000.00,295000000.00,0.00,0.00,0.00,0.00,0.00,0.00,0.00,0.00,0.00,A-068-8145,HAZARDOUS SUBSTANCE SUPERFUND,304,NS,NS
2127,FY-2025,A-8145,L-9999,"TOTAL NEW OBLIGATIONS, UNEXPIRED ACCOUNTS",01,2844000000.00,2728000000.00,3251000000.00,0.00,0.00,0.00,0.00,0.00,0.00,0.00,0.00,0.00,A-068-8145,HAZARDOUS SUBSTANCE SUPERFUND,304,NS,NS
2128,FY-2025,A-8145,L-1001,DIRECT CIVILIAN FULL-TIME EQUIVALENT EMPLOYMENT,01,2582000000.00,2582000000.00,2732000000.00,0.00,0.00,0.00,0.00,0.00,0.00,0.00,0.00,0.00,A-068-8145,HAZARDOUS SUBSTANCE SUPERFUND,304,NS,NS
2129,FY-2025,A-8145,L-1101,DIRECT MILITARY AVERAGE STRENGTH EMPLOYMENT,01,0.00,0.00,0.00,0.00,0.00,0.00,0.00,0.00,0.00,0.00,0.00,0.00,A-068-8145,HAZARDOUS SUBSTANCE SUPERFUND,304,NS,NS
2130,FY-2025,A-8145,L-2001,REIMBURSABLE CIVILIAN FULL-TIME EQUIVALENT EMPLOYMENT,01,0.00,0.00,0.00,0.00,0.00,0.00,0.00,0.00,0.00,0.00,0.00,0.00,A-068-8145,HAZARDOUS SUBSTANCE SUPERFUND,304,NS,NS
2131,FY-2025,A-8145,L-131301,BUDGET AUTHORITY,01,250000000.00,250000000.00,250000000.00,0.00,0.00,0.00,0.00,0.00,0.00,0.00,0.00,0.00,A-068-8145,HAZARDOUS SUBSTANCE SUPERFUND,304,"DISCRETIONARY, APPROPRIATIONS COMMITTEE",DISCRETIONARY
2132,FY-2025,A-8145,L-131302,OUTLAYS,01,263000000.00,313000000.00,248000000.00,316000000.00,397000000.00,437000000.00,444000000.00,454000000.00,463000000.00,473000000.00,484000000.00,495000000.00,A-068-8145,HAZARDOUS SUBSTANCE SUPERFUND,304,"DISCRETIONARY, APPROPRIATIONS COMMITTEE",DISCRETIONARY
2133,FY-2025,A-8145,L-131401,BUDGET AUTHORITY,01,370000000.00,370000000.00,370000000.00,0.00,0.00,0.00,0.00,0.00,0.00,0.00,0.00,0.00,A-068-8145,HAZARDOUS SUBSTANCE SUPERFUND,304,NS,NS
2134,FY-2025,A-8145,L-131402,OUTLAYS,01,382000000.00,382000000.00,382000000.00,0.00,0.00,0.00,0.00,0.00,0.00,0.00,0.00,0.00,A-068-8145,HAZARDOUS SUBSTANCE SUPERFUND,304,NS,NS
2135,FY-2025,A-8145,L-141201,BUDGET AUTHORITY,01,0.00,0.00,0.00,0.00,0.00,0.00,0.00,0.00,0.00,0.00,0.00,0.00,A-068-8145,HAZARDOUS SUBSTANCE SUPERFUND,304,NS,NS
2136,FY-2025,A-8145,L-142201,BUDGET AUTHORITY,01,21000000.00,21000000.00,21000000.00,0.00,0.00,0.00,0.00,0.00,0.00,0.00,0.00,0.00,A-068-8145,HAZARDOUS SUBSTANCE SUPERFUND,304,NS,NS
2137,FY-2025,A-8145,L-142202,OUTLAYS,01,12000000.00,12000000.00,12000000.00,0.00,0.00,0.00,0.00,0.00,0.00,0.00,0.00,0.00,A-068-8145,HAZARDOUS SUBSTANCE SUPERFUND,304,NS,NS
2138,FY-2025,A-8145,L-143201,BUDGET AUTHORITY,01,9000000.00,9000000.00,9000000.00,0.00,0.00,0.00,0.00,0.00,0.00,0.00,0.00,0.00,A-068-8145,HAZARDOUS SUBSTANCE SUPERFUND,304,NS,NS
2139,FY-2025,A-8145,L-143202,OUTLAYS,01,6000000.00,6000000.00,6000000.00,0.00,0.00,0.00,0.00,0.00,0.00,0.00,0.00,0.00,A-068-8145,HAZARDOUS SUBSTANCE SUPERFUND,304,NS,NS
2140,FY-2025,A-8145,L-200401,BUDGET AUTHORITY,01,1070000000.00,2287000000.00,2635000000.00,0.00,0.00,0.00,0.00,0.00,0.00,0.00,0.00,0.00,A-068-8145,HAZARDOUS SUBSTANCE SUPERFUND,304,NS,NS
2141,FY-2025,A-8145,L-200402,OUTLAYS,01,994000000.00,2097000000.00,1423000000.00,0.00,0.00,0.00,0.00,0.00,0.00,0.00,0.00,0.00,A-068-8145,HAZARDOUS SUBSTANCE SUPERFUND,304,NS,NS
2142,FY-2025,A-8145,L-1000,BUDGET YEAR BUDGETARY RESOURCES [TREAS ACCT],01,0.00,0.00,2835000000000.00,0.00,0.00,0.00,0.00,0.00,0.00,0.00,0.00,0.00,A-068-8145,HAZARDOUS SUBSTANCE SUPERFUND,304,NS,NS
2143,FY-2025,A-8153,L-0100,"BALANCE, START OF YEAR",01,1137000000.00,1295000000.00,1417000000.00,0.00,0.00,0.00,0.00,0.00,0.00,0.00,0.00,0.00,A-068-8153,LEAKING UNDERGROUND STORAGE TANK TRUST FUND,999,NS,NS
2144,FY-2025,A-8153,L-0198,RECONCILIATION ADJUSTMENT,01,-1000000.00,0.00,0.00,0.00,0.00,0.00,0.00,0.00,0.00,0.00,0.00,0.00,A-068-8153,LEAKING UNDERGROUND STORAGE TANK TRUST FUND,999,NS,NS
2145,FY-2025,A-8153,L-0199,"BALANCE, START OF YEAR",01,1136000000.00,1295000000.00,1417000000.00,0.00,0.00,0.00,0.00,0.00,0.00,0.00,0.00,0.00,A-068-8153,LEAKING UNDERGROUND STORAGE TANK TRUST FUND,999,NS,NS
2146,FY-2025,A-8153,L-1110,"TRANSFER FROM THE GENERAL FUND AMOUNTS EQUIVALENT TO TAXES, LEAKING UNDERGROUND STORAGE TANK TRUST FUND",01,205000000.00,191000000.00,189000000.00,0.00,0.00,0.00,0.00,0.00,0.00,0.00,0.00,0.00,A-068-8153,LEAKING UNDERGROUND STORAGE TANK TRUST FUND,999,NS,NS
2147,FY-2025,A-8153,L-1140,"EARNINGS ON INVESTMENTS, LEAKING UNDERGROUND STORAGE TANK TRUST FUND",01,46000000.00,25000000.00,26000000.00,0.00,0.00,0.00,0.00,0.00,0.00,0.00,0.00,0.00,A-068-8153,LEAKING UNDERGROUND STORAGE TANK TRUST FUND,999,NS,NS
2148,FY-2025,A-8153,L-1140,"PAYMENT FROM THE GENERAL FUND, LEAKING UNDERGROUND STORAGE TANK TRUST FUND",02,1000000.00,0.00,0.00,0.00,0.00,0.00,0.00,0.00,0.00,0.00,0.00,0.00,A-068-8153,LEAKING UNDERGROUND STORAGE TANK TRUST FUND,999,NS,NS
2149,FY-2025,A-8153,L-1198,RECONCILIATION ADJUSTMENT,01,1000000.00,0.00,0.00,0.00,0.00,0.00,0.00,0.00,0.00,0.00,0.00,0.00,A-068-8153,LEAKING UNDERGROUND STORAGE TANK TRUST FUND,999,NS,NS
2150,FY-2025,A-8153,L-1199,TOTAL CURRENT LAW RECEIPTS,01,253000000.00,216000000.00,215000000.00,0.00,0.00,0.00,0.00,0.00,0.00,0.00,0.00,0.00,A-068-8153,LEAKING UNDERGROUND STORAGE TANK TRUST FUND,999,NS,NS
2151,FY-2025,A-8153,L-1999,TOTAL RECEIPTS,01,253000000.00,216000000.00,215000000.00,0.00,0.00,0.00,0.00,0.00,0.00,0.00,0.00,0.00,A-068-8153,LEAKING UNDERGROUND STORAGE TANK TRUST FUND,999,NS,NS
2152,FY-2025,A-8153,L-2000,TOTAL: BALANCES AND RECEIPTS,01,1389000000.00,1511000000.00,1632000000.00,0.00,0.00,0.00,0.00,0.00,0.00,0.00,0.00,0.00,A-068-8153,LEAKING UNDERGROUND STORAGE TANK TRUST FUND,999,NS,NS
2153,FY-2025,A-8153,L-2101,LEAKING UNDERGROUND STORAGE TANK TRUST FUND,01,-94000000.00,-94000000.00,-109000000.00,0.00,0.00,0.00,0.00,0.00,0.00,0.00,0.00,0.00,A-068-8153,LEAKING UNDERGROUND STORAGE TANK TRUST FUND,999,NS,NS
2154,FY-2025,A-8153,L-5099,"BALANCE, END OF YEAR",01,1295000000.00,1417000000.00,1523000000.00,0.00,0.00,0.00,0.00,0.00,0.00,0.00,0.00,0.00,A-068-8153,LEAKING UNDERGROUND STORAGE TANK TRUST FUND,999,NS,NS
2155,FY-2025,A-8153,L-0003,ENFORCE ENVIRONMENTAL LAWS AND ENSURE COMPLIANCE,01,1000000.00,1000000.00,1000000.00,0.00,0.00,0.00,0.00,0.00,0.00,0.00,0.00,0.00,A-068-8153,LEAKING UNDERGROUND STORAGE TANK TRUST FUND,999,NS,NS
2156,FY-2025,A-8153,L-0006,SAFEGUARD AND REVITALIZE COMMUNITIES,01,93000000.00,93000000.00,106000000.00,0.00,0.00,0.00,0.00,0.00,0.00,0.00,0.00,0.00,A-068-8153,LEAKING UNDERGROUND STORAGE TANK TRUST FUND,999,NS,NS
2157,FY-2025,A-8153,L-0010,CROSS AGENCY MISSION AND SCIENCE SUPPORT,01,2000000.00,2000000.00,2000000.00,0.00,0.00,0.00,0.00,0.00,0.00,0.00,0.00,0.00,A-068-8153,LEAKING UNDERGROUND STORAGE TANK TRUST FUND,999,NS,NS
2158,FY-2025,A-8153,L-0900,"TOTAL NEW OBLIGATIONS, UNEXPIRED ACCOUNTS",01,96000000.00,96000000.00,109000000.00,0.00,0.00,0.00,0.00,0.00,0.00,0.00,0.00,0.00,A-068-8153,LEAKING UNDERGROUND STORAGE TANK TRUST FUND,999,NS,NS
2159,FY-2025,A-8153,L-1000,"UNOBLIGATED BALANCE BROUGHT FORWARD, OCT 1",01,19000000.00,18000000.00,19000000.00,0.00,0.00,0.00,0.00,0.00,0.00,0.00,0.00,0.00,A-068-8153,LEAKING UNDERGROUND STORAGE TANK TRUST FUND,999,NS,NS
2160,FY-2025,A-8153,L-1021,RECOVERIES OF PRIOR YEAR UNPAID OBLIGATIONS,01,1000000.00,3000000.00,3000000.00,0.00,0.00,0.00,0.00,0.00,0.00,0.00,0.00,0.00,A-068-8153,LEAKING UNDERGROUND STORAGE TANK TRUST FUND,999,NS,NS
2161,FY-2025,A-8153,L-1070,UNOBLIGATED BALANCE (TOTAL),01,20000000.00,21000000.00,22000000.00,0.00,0.00,0.00,0.00,0.00,0.00,0.00,0.00,0.00,A-068-8153,LEAKING UNDERGROUND STORAGE TANK TRUST FUND,999,NS,NS
2162,FY-2025,A-8153,L-1101,APPROPRIATION (SPECIAL OR TRUST),01,94000000.00,94000000.00,109000000.00,0.00,0.00,0.00,0.00,0.00,0.00,0.00,0.00,0.00,A-068-8153,LEAKING UNDERGROUND STORAGE TANK TRUST FUND,999,NS,DISCRETIONARY
2163,FY-2025,A-8153,L-1160,"APPROPRIATION, DISCRETIONARY (TOTAL)",01,94000000.00,94000000.00,109000000.00,0.00,0.00,0.00,0.00,0.00,0.00,0.00,0.00,0.00,A-068-8153,LEAKING UNDERGROUND STORAGE TANK TRUST FUND,999,NS,DISCRETIONARY
2164,FY-2025,A-8153,L-116040,APPROPRIATION [TRUST FUND PAY],01,9000000.00,9000000.00,10000000.00,10000000.00,10000000.00,11000000.00,11000000.00,11000000.00,11000000.00,12000000.00,12000000.00,12000000.00,A-068-8153,LEAKING UNDERGROUND STORAGE TANK TRUST FUND,304,"DISCRETIONARY, APPROPRIATIONS COMMITTEE",DISCRETIONARY
2165,FY-2025,A-8153,L-116050,BASELINE PAY/NON-PAY,01,9000000.00,0.00,0.00,0.00,0.00,0.00,0.00,0.00,0.00,0.00,0.00,0.00,A-068-8153,LEAKING UNDERGROUND STORAGE TANK TRUST FUND,304,"DISCRETIONARY, APPROPRIATIONS COMMITTEE",DISCRETIONARY
2166,FY-2025,A-8153,L-116050,BASELINE PAY/NON-PAY,01,0.00,9000000.00,9000000.00,10000000.00,10000000.00,10000000.00,11000000.00,11000000.00,11000000.00,12000000.00,12000000.00,12000000.00,A-068-8153,LEAKING UNDERGROUND STORAGE TANK TRUST FUND,304,"DISCRETIONARY, APPROPRIATIONS COMMITTEE",DISCRETIONARY
2167,FY-2025,A-8153,L-116061,NEW AUTHORITY,01,7000000.00,9000000.00,10000000.00,10000000.00,10000000.00,11000000.00,11000000.00,11000000.00,11000000.00,12000000.00,12000000.00,12000000.00,A-068-8153,LEAKING UNDERGROUND STORAGE TANK TRUST FUND,304,"DISCRETIONARY, APPROPRIATIONS COMMITTEE",DISCRETIONARY
2168,FY-2025,A-8153,L-116062,BALANCES (EXCL OF EOY PY BAL),01,0.00,0.00,0.00,0.00,0.00,0.00,0.00,0.00,0.00,0.00,0.00,0.00,A-068-8153,LEAKING UNDERGROUND STORAGE TANK TRUST FUND,304,"DISCRETIONARY, APPROPRIATIONS COMMITTEE",DISCRETIONARY
2169,FY-2025,A-8153,L-116063,END OF PY BALANCES,01,0.00,0.00,0.00,0.00,0.00,0.00,0.00,0.00,0.00,0.00,0.00,0.00,A-068-8153,LEAKING UNDERGROUND STORAGE TANK TRUST FUND,304,"DISCRETIONARY, APPROPRIATIONS COMMITTEE",DISCRETIONARY
2170,FY-2025,A-8153,L-116081,NEW AUTHORITY,01,7000000.00,9000000.00,9000000.00,10000000.00,10000000.00,10000000.00,11000000.00,11000000.00,11000000.00,12000000.00,12000000.00,12000000.00,A-068-8153,LEAKING UNDERGROUND STORAGE TANK TRUST FUND,304,"DISCRETIONARY, APPROPRIATIONS COMMITTEE",DISCRETIONARY
2171,FY-2025,A-8153,L-116082,BALANCES (EXCL OF EOY PY BAL),01,0.00,0.00,0.00,0.00,0.00,0.00,0.00,0.00,0.00,0.00,0.00,0.00,A-068-8153,LEAKING UNDERGROUND STORAGE TANK TRUST FUND,304,"DISCRETIONARY, APPROPRIATIONS COMMITTEE",DISCRETIONARY
2172,FY-2025,A-8153,L-116083,END OF PY BALANCES,01,0.00,0.00,0.00,0.00,0.00,0.00,0.00,0.00,0.00,0.00,0.00,0.00,A-068-8153,LEAKING UNDERGROUND STORAGE TANK TRUST FUND,304,"DISCRETIONARY, APPROPRIATIONS COMMITTEE",DISCRETIONARY
2173,FY-2025,A-8153,L-116040,APPROPRIATION [TRUST FUND NONPAY],02,85000000.00,85000000.00,99000000.00,101000000.00,104000000.00,106000000.00,108000000.00,111000000.00,113000000.00,116000000.00,119000000.00,121000000.00,A-068-8153,LEAKING UNDERGROUND STORAGE TANK TRUST FUND,304,"DISCRETIONARY, APPROPRIATIONS COMMITTEE",DISCRETIONARY
2174,FY-2025,A-8153,L-116050,BASELINE PAY/NON-PAY,02,85000000.00,0.00,0.00,0.00,0.00,0.00,0.00,0.00,0.00,0.00,0.00,0.00,A-068-8153,LEAKING UNDERGROUND STORAGE TANK TRUST FUND,304,"DISCRETIONARY, APPROPRIATIONS COMMITTEE",DISCRETIONARY
2175,FY-2025,A-8153,L-116050,BASELINE PAY/NON-PAY,02,0.00,85000000.00,87000000.00,89000000.00,91000000.00,92000000.00,94000000.00,96000000.00,98000000.00,100000000.00,103000000.00,105000000.00,A-068-8153,LEAKING UNDERGROUND STORAGE TANK TRUST FUND,304,"DISCRETIONARY, APPROPRIATIONS COMMITTEE",DISCRETIONARY
2176,FY-2025,A-8153,L-116061,NEW AUTHORITY,02,13000000.00,21000000.00,25000000.00,25000000.00,26000000.00,26000000.00,27000000.00,28000000.00,28000000.00,29000000.00,30000000.00,30000000.00,A-068-8153,LEAKING UNDERGROUND STORAGE TANK TRUST FUND,304,"DISCRETIONARY, APPROPRIATIONS COMMITTEE",DISCRETIONARY
2177,FY-2025,A-8153,L-116062,BALANCES (EXCL OF EOY PY BAL),02,71000000.00,0.00,39000000.00,57000000.00,65000000.00,73000000.00,78000000.00,80000000.00,82000000.00,83000000.00,86000000.00,88000000.00,A-068-8153,LEAKING UNDERGROUND STORAGE TANK TRUST FUND,304,"DISCRETIONARY, APPROPRIATIONS COMMITTEE",DISCRETIONARY
2178,FY-2025,A-8153,L-116063,END OF PY BALANCES,02,0.00,61000000.00,22000000.00,10000000.00,5000000.00,0.00,0.00,0.00,0.00,0.00,0.00,0.00,A-068-8153,LEAKING UNDERGROUND STORAGE TANK TRUST FUND,304,"DISCRETIONARY, APPROPRIATIONS COMMITTEE",DISCRETIONARY
2179,FY-2025,A-8153,L-116081,NEW AUTHORITY,02,13000000.00,21000000.00,22000000.00,22000000.00,23000000.00,23000000.00,24000000.00,24000000.00,24000000.00,25000000.00,26000000.00,26000000.00,A-068-8153,LEAKING UNDERGROUND STORAGE TANK TRUST FUND,304,"DISCRETIONARY, APPROPRIATIONS COMMITTEE",DISCRETIONARY
2180,FY-2025,A-8153,L-116082,BALANCES (EXCL OF EOY PY BAL),02,71000000.00,0.00,39000000.00,52000000.00,58000000.00,65000000.00,68000000.00,70000000.00,71000000.00,72000000.00,74000000.00,76000000.00,A-068-8153,LEAKING UNDERGROUND STORAGE TANK TRUST FUND,304,"DISCRETIONARY, APPROPRIATIONS COMMITTEE",DISCRETIONARY
2181,FY-2025,A-8153,L-116083,END OF PY BALANCES,02,0.00,61000000.00,22000000.00,10000000.00,5000000.00,0.00,0.00,0.00,0.00,0.00,0.00,0.00,A-068-8153,LEAKING UNDERGROUND STORAGE TANK TRUST FUND,304,"DISCRETIONARY, APPROPRIATIONS COMMITTEE",DISCRETIONARY
2182,FY-2025,A-8153,L-116040,"APPROPRIATION [DISASTER SUPPLEMENTAL, HARVEY, IRMA, MARIA, P.L. 115-123]",03,0.00,0.00,0.00,0.00,0.00,0.00,0.00,0.00,0.00,0.00,0.00,0.00,A-068-8153,LEAKING UNDERGROUND STORAGE TANK TRUST FUND,304,"DISCRETIONARY, APPROPRIATIONS COMMITTEE",DISCRETIONARY
2183,FY-2025,A-8153,L-116050,BASELINE PAY/NON-PAY,03,0.00,0.00,0.00,0.00,0.00,0.00,0.00,0.00,0.00,0.00,0.00,0.00,A-068-8153,LEAKING UNDERGROUND STORAGE TANK TRUST FUND,304,"DISCRETIONARY, APPROPRIATIONS COMMITTEE",DISCRETIONARY
2184,FY-2025,A-8153,L-116050,BASELINE PAY/NON-PAY,03,0.00,0.00,0.00,0.00,0.00,0.00,0.00,0.00,0.00,0.00,0.00,0.00,A-068-8153,LEAKING UNDERGROUND STORAGE TANK TRUST FUND,304,"DISCRETIONARY, APPROPRIATIONS COMMITTEE",DISCRETIONARY
2185,FY-2025,A-8153,L-116050,BASELINE PAY/NON-PAY,03,0.00,0.00,0.00,0.00,0.00,0.00,0.00,0.00,0.00,0.00,0.00,0.00,A-068-8153,LEAKING UNDERGROUND STORAGE TANK TRUST FUND,304,"DISCRETIONARY, APPROPRIATIONS COMMITTEE",DISCRETIONARY
2186,FY-2025,A-8153,L-116061,NEW AUTHORITY,03,0.00,0.00,0.00,0.00,0.00,0.00,0.00,0.00,0.00,0.00,0.00,0.00,A-068-8153,LEAKING UNDERGROUND STORAGE TANK TRUST FUND,304,"DISCRETIONARY, APPROPRIATIONS COMMITTEE",DISCRETIONARY
2187,FY-2025,A-8153,L-116062,BALANCES (EXCL OF EOY PY BAL),03,1000000.00,0.00,0.00,0.00,0.00,0.00,0.00,0.00,0.00,0.00,0.00,0.00,A-068-8153,LEAKING UNDERGROUND STORAGE TANK TRUST FUND,304,"DISCRETIONARY, APPROPRIATIONS COMMITTEE",DISCRETIONARY
2188,FY-2025,A-8153,L-116063,END OF PY BALANCES,03,0.00,1000000.00,0.00,0.00,0.00,0.00,0.00,0.00,0.00,0.00,0.00,0.00,A-068-8153,LEAKING UNDERGROUND STORAGE TANK TRUST FUND,304,"DISCRETIONARY, APPROPRIATIONS COMMITTEE",DISCRETIONARY
2189,FY-2025,A-8153,L-116081,NEW AUTHORITY,03,0.00,0.00,0.00,0.00,0.00,0.00,0.00,0.00,0.00,0.00,0.00,0.00,A-068-8153,LEAKING UNDERGROUND STORAGE TANK TRUST FUND,304,"DISCRETIONARY, APPROPRIATIONS COMMITTEE",DISCRETIONARY
2190,FY-2025,A-8153,L-116082,BALANCES (EXCL OF EOY PY BAL),03,1000000.00,0.00,0.00,0.00,0.00,0.00,0.00,0.00,0.00,0.00,0.00,0.00,A-068-8153,LEAKING UNDERGROUND STORAGE TANK TRUST FUND,304,"DISCRETIONARY, APPROPRIATIONS COMMITTEE",DISCRETIONARY
2191,FY-2025,A-8153,L-116083,END OF PY BALANCES,03,0.00,1000000.00,0.00,0.00,0.00,0.00,0.00,0.00,0.00,0.00,0.00,0.00,A-068-8153,LEAKING UNDERGROUND STORAGE TANK TRUST FUND,304,"DISCRETIONARY, APPROPRIATIONS COMMITTEE",DISCRETIONARY
2192,FY-2025,A-8153,L-116040,APPROPRIATION [DISASTER RELIEF ACT 2019 P.L. 116-20],04,0.00,0.00,0.00,0.00,0.00,0.00,0.00,0.00,0.00,0.00,0.00,0.00,A-068-8153,LEAKING UNDERGROUND STORAGE TANK TRUST FUND,304,"DISCRETIONARY, APPROPRIATIONS COMMITTEE",DISCRETIONARY
2193,FY-2025,A-8153,L-116050,BASELINE PAY/NON-PAY,04,0.00,0.00,0.00,0.00,0.00,0.00,0.00,0.00,0.00,0.00,0.00,0.00,A-068-8153,LEAKING UNDERGROUND STORAGE TANK TRUST FUND,304,"DISCRETIONARY, APPROPRIATIONS COMMITTEE",DISCRETIONARY
2194,FY-2025,A-8153,L-116050,BASELINE PAY/NON-PAY,04,0.00,0.00,0.00,0.00,0.00,0.00,0.00,0.00,0.00,0.00,0.00,0.00,A-068-8153,LEAKING UNDERGROUND STORAGE TANK TRUST FUND,304,"DISCRETIONARY, APPROPRIATIONS COMMITTEE",DISCRETIONARY
2195,FY-2025,A-8153,L-116050,BASELINE PAY/NON-PAY,04,0.00,0.00,0.00,0.00,0.00,0.00,0.00,0.00,0.00,0.00,0.00,0.00,A-068-8153,LEAKING UNDERGROUND STORAGE TANK TRUST FUND,304,"DISCRETIONARY, APPROPRIATIONS COMMITTEE",DISCRETIONARY
2196,FY-2025,A-8153,L-116061,NEW AUTHORITY,04,0.00,0.00,0.00,0.00,0.00,0.00,0.00,0.00,0.00,0.00,0.00,0.00,A-068-8153,LEAKING UNDERGROUND STORAGE TANK TRUST FUND,304,"DISCRETIONARY, APPROPRIATIONS COMMITTEE",DISCRETIONARY
2197,FY-2025,A-8153,L-116062,BALANCES (EXCL OF EOY PY BAL),04,0.00,0.00,0.00,0.00,0.00,0.00,0.00,0.00,0.00,0.00,0.00,0.00,A-068-8153,LEAKING UNDERGROUND STORAGE TANK TRUST FUND,304,"DISCRETIONARY, APPROPRIATIONS COMMITTEE",DISCRETIONARY
2198,FY-2025,A-8153,L-116063,END OF PY BALANCES,04,0.00,0.00,0.00,0.00,0.00,0.00,0.00,0.00,0.00,0.00,0.00,0.00,A-068-8153,LEAKING UNDERGROUND STORAGE TANK TRUST FUND,304,"DISCRETIONARY, APPROPRIATIONS COMMITTEE",DISCRETIONARY
2199,FY-2025,A-8153,L-116081,NEW AUTHORITY,04,0.00,0.00,0.00,0.00,0.00,0.00,0.00,0.00,0.00,0.00,0.00,0.00,A-068-8153,LEAKING UNDERGROUND STORAGE TANK TRUST FUND,304,"DISCRETIONARY, APPROPRIATIONS COMMITTEE",DISCRETIONARY
2200,FY-2025,A-8153,L-116082,BALANCES (EXCL OF EOY PY BAL),04,0.00,0.00,0.00,0.00,0.00,0.00,0.00,0.00,0.00,0.00,0.00,0.00,A-068-8153,LEAKING UNDERGROUND STORAGE TANK TRUST FUND,304,"DISCRETIONARY, APPROPRIATIONS COMMITTEE",DISCRETIONARY
2201,FY-2025,A-8153,L-116083,END OF PY BALANCES,04,0.00,0.00,0.00,0.00,0.00,0.00,0.00,0.00,0.00,0.00,0.00,0.00,A-068-8153,LEAKING UNDERGROUND STORAGE TANK TRUST FUND,304,"DISCRETIONARY, APPROPRIATIONS COMMITTEE",DISCRETIONARY
2202,FY-2025,A-8153,L-116040,"APPROPRIATION [117-328 SUPPLEMENTAL, IAN AND FIONA]",05,0.00,0.00,0.00,0.00,0.00,0.00,0.00,0.00,0.00,0.00,0.00,0.00,A-068-8153,LEAKING UNDERGROUND STORAGE TANK TRUST FUND,304,"DISCRETIONARY, APPROPRIATIONS COMMITTEE",DISCRETIONARY
2203,FY-2025,A-8153,L-116050,BASELINE PAY/NON-PAY,05,0.00,0.00,0.00,0.00,0.00,0.00,0.00,0.00,0.00,0.00,0.00,0.00,A-068-8153,LEAKING UNDERGROUND STORAGE TANK TRUST FUND,304,"DISCRETIONARY, APPROPRIATIONS COMMITTEE",DISCRETIONARY
2204,FY-2025,A-8153,L-116050,BASELINE PAY/NON-PAY,05,0.00,0.00,0.00,0.00,0.00,0.00,0.00,0.00,0.00,0.00,0.00,0.00,A-068-8153,LEAKING UNDERGROUND STORAGE TANK TRUST FUND,304,"DISCRETIONARY, APPROPRIATIONS COMMITTEE",DISCRETIONARY
2205,FY-2025,A-8153,L-116050,BASELINE PAY/NON-PAY,05,0.00,0.00,0.00,0.00,0.00,0.00,0.00,0.00,0.00,0.00,0.00,0.00,A-068-8153,LEAKING UNDERGROUND STORAGE TANK TRUST FUND,304,"DISCRETIONARY, APPROPRIATIONS COMMITTEE",DISCRETIONARY
2206,FY-2025,A-8153,L-116061,NEW AUTHORITY,05,0.00,0.00,0.00,0.00,0.00,0.00,0.00,0.00,0.00,0.00,0.00,0.00,A-068-8153,LEAKING UNDERGROUND STORAGE TANK TRUST FUND,304,"DISCRETIONARY, APPROPRIATIONS COMMITTEE",DISCRETIONARY
2207,FY-2025,A-8153,L-116062,BALANCES (EXCL OF EOY PY BAL),05,0.00,0.00,0.00,0.00,0.00,0.00,0.00,0.00,0.00,0.00,0.00,0.00,A-068-8153,LEAKING UNDERGROUND STORAGE TANK TRUST FUND,304,"DISCRETIONARY, APPROPRIATIONS COMMITTEE",DISCRETIONARY
2208,FY-2025,A-8153,L-116063,END OF PY BALANCES,05,0.00,0.00,0.00,0.00,0.00,0.00,0.00,0.00,0.00,0.00,0.00,0.00,A-068-8153,LEAKING UNDERGROUND STORAGE TANK TRUST FUND,304,"DISCRETIONARY, APPROPRIATIONS COMMITTEE",DISCRETIONARY
2209,FY-2025,A-8153,L-116081,NEW AUTHORITY,05,0.00,0.00,0.00,0.00,0.00,0.00,0.00,0.00,0.00,0.00,0.00,0.00,A-068-8153,LEAKING UNDERGROUND STORAGE TANK TRUST FUND,304,"DISCRETIONARY, APPROPRIATIONS COMMITTEE",DISCRETIONARY
2210,FY-2025,A-8153,L-116082,BALANCES (EXCL OF EOY PY BAL),05,0.00,0.00,0.00,0.00,0.00,0.00,0.00,0.00,0.00,0.00,0.00,0.00,A-068-8153,LEAKING UNDERGROUND STORAGE TANK TRUST FUND,304,"DISCRETIONARY, APPROPRIATIONS COMMITTEE",DISCRETIONARY
2211,FY-2025,A-8153,L-116083,END OF PY BALANCES,05,0.00,0.00,0.00,0.00,0.00,0.00,0.00,0.00,0.00,0.00,0.00,0.00,A-068-8153,LEAKING UNDERGROUND STORAGE TANK TRUST FUND,304,"DISCRETIONARY, APPROPRIATIONS COMMITTEE",DISCRETIONARY
2212,FY-2025,A-8153,L-1260,"APPROPRIATIONS, MANDATORY (TOTAL)",01,0.00,0.00,0.00,0.00,0.00,0.00,0.00,0.00,0.00,0.00,0.00,0.00,A-068-8153,LEAKING UNDERGROUND STORAGE TANK TRUST FUND,999,NS,MANDATORY
2213,FY-2025,A-8153,L-1900,BUDGET AUTHORITY (TOTAL),01,94000000.00,94000000.00,109000000.00,0.00,0.00,0.00,0.00,0.00,0.00,0.00,0.00,0.00,A-068-8153,LEAKING UNDERGROUND STORAGE TANK TRUST FUND,999,NS,NS
2214,FY-2025,A-8153,L-1930,TOTAL BUDGETARY RESOURCES AVAILABLE,01,114000000.00,115000000.00,131000000.00,0.00,0.00,0.00,0.00,0.00,0.00,0.00,0.00,0.00,A-068-8153,LEAKING UNDERGROUND STORAGE TANK TRUST FUND,999,NS,NS
2215,FY-2025,A-8153,L-1940,UNOBLIGATED BALANCE EXPIRING,01,0.00,0.00,0.00,0.00,0.00,0.00,0.00,0.00,0.00,0.00,0.00,0.00,A-068-8153,LEAKING UNDERGROUND STORAGE TANK TRUST FUND,999,NS,NS
2216,FY-2025,A-8153,L-1941,"UNEXPIRED UNOBLIGATED BALANCE, END OF YEAR",01,18000000.00,19000000.00,22000000.00,0.00,0.00,0.00,0.00,0.00,0.00,0.00,0.00,0.00,A-068-8153,LEAKING UNDERGROUND STORAGE TANK TRUST FUND,999,NS,NS
2217,FY-2025,A-8153,L-1951,UNOBLIGATED BALANCE EXPIRING,01,0.00,0.00,0.00,0.00,0.00,0.00,0.00,0.00,0.00,0.00,0.00,0.00,A-068-8153,LEAKING UNDERGROUND STORAGE TANK TRUST FUND,999,NS,NS
2218,FY-2025,A-8153,L-1952,"EXPIRED UNOBLIGATED BALANCE, START OF YEAR",01,0.00,0.00,0.00,0.00,0.00,0.00,0.00,0.00,0.00,0.00,0.00,0.00,A-068-8153,LEAKING UNDERGROUND STORAGE TANK TRUST FUND,999,NS,NS
2219,FY-2025,A-8153,L-1953,"EXPIRED UNOBLIGATED BALANCE, END OF YEAR",01,0.00,0.00,0.00,0.00,0.00,0.00,0.00,0.00,0.00,0.00,0.00,0.00,A-068-8153,LEAKING UNDERGROUND STORAGE TANK TRUST FUND,999,NS,NS
2220,FY-2025,A-8153,L-3000,"UNPAID OBLIGATIONS, BROUGHT FORWARD, OCT 1",01,84000000.00,87000000.00,88000000.00,0.00,0.00,0.00,0.00,0.00,0.00,0.00,0.00,0.00,A-068-8153,LEAKING UNDERGROUND STORAGE TANK TRUST FUND,999,NS,NS
2221,FY-2025,A-8153,L-3010,"NEW OBLIGATIONS, UNEXPIRED ACCOUNTS",01,96000000.00,96000000.00,109000000.00,0.00,0.00,0.00,0.00,0.00,0.00,0.00,0.00,0.00,A-068-8153,LEAKING UNDERGROUND STORAGE TANK TRUST FUND,999,NS,NS
2222,FY-2025,A-8153,L-3020,OUTLAYS (GROSS),01,-92000000.00,-92000000.00,-96000000.00,0.00,0.00,0.00,0.00,0.00,0.00,0.00,0.00,0.00,A-068-8153,LEAKING UNDERGROUND STORAGE TANK TRUST FUND,999,NS,NS
2223,FY-2025,A-8153,L-3040,"RECOVERIES OF PRIOR YEAR UNPAID OBLIGATIONS, UNEXPIRED",01,-1000000.00,-3000000.00,-3000000.00,0.00,0.00,0.00,0.00,0.00,0.00,0.00,0.00,0.00,A-068-8153,LEAKING UNDERGROUND STORAGE TANK TRUST FUND,999,NS,NS
2224,FY-2025,A-8153,L-3041,"RECOVERIES OF PRIOR YEAR UNPAID OBLIGATIONS, EXPIRED",01,0.00,0.00,0.00,0.00,0.00,0.00,0.00,0.00,0.00,0.00,0.00,0.00,A-068-8153,LEAKING UNDERGROUND STORAGE TANK TRUST FUND,999,NS,NS
2225,FY-2025,A-8153,L-3050,"UNPAID OBLIGATIONS, END OF YEAR",01,87000000.00,88000000.00,98000000.00,0.00,0.00,0.00,0.00,0.00,0.00,0.00,0.00,0.00,A-068-8153,LEAKING UNDERGROUND STORAGE TANK TRUST FUND,999,NS,NS
2226,FY-2025,A-8153,L-3100,"OBLIGATED BALANCE, START OF YEAR",01,84000000.00,87000000.00,88000000.00,0.00,0.00,0.00,0.00,0.00,0.00,0.00,0.00,0.00,A-068-8153,LEAKING UNDERGROUND STORAGE TANK TRUST FUND,999,NS,NS
2227,FY-2025,A-8153,L-3200,"OBLIGATED BALANCE, END OF YEAR",01,87000000.00,88000000.00,98000000.00,0.00,0.00,0.00,0.00,0.00,0.00,0.00,0.00,0.00,A-068-8153,LEAKING UNDERGROUND STORAGE TANK TRUST FUND,999,NS,NS
2228,FY-2025,A-8153,L-4000,"BUDGET AUTHORITY, GROSS",01,94000000.00,94000000.00,109000000.00,0.00,0.00,0.00,0.00,0.00,0.00,0.00,0.00,0.00,A-068-8153,LEAKING UNDERGROUND STORAGE TANK TRUST FUND,999,NS,DISCRETIONARY
2229,FY-2025,A-8153,L-4010,OUTLAYS FROM NEW DISCRETIONARY AUTHORITY,01,20000000.00,30000000.00,35000000.00,0.00,0.00,0.00,0.00,0.00,0.00,0.00,0.00,0.00,A-068-8153,LEAKING UNDERGROUND STORAGE TANK TRUST FUND,999,NS,DISCRETIONARY
2230,FY-2025,A-8153,L-4011,OUTLAYS FROM DISCRETIONARY BALANCES,01,72000000.00,62000000.00,61000000.00,0.00,0.00,0.00,0.00,0.00,0.00,0.00,0.00,0.00,A-068-8153,LEAKING UNDERGROUND STORAGE TANK TRUST FUND,999,NS,DISCRETIONARY
2231,FY-2025,A-8153,L-4020,"OUTLAYS, GROSS (TOTAL)",01,92000000.00,92000000.00,96000000.00,0.00,0.00,0.00,0.00,0.00,0.00,0.00,0.00,0.00,A-068-8153,LEAKING UNDERGROUND STORAGE TANK TRUST FUND,999,NS,DISCRETIONARY
2232,FY-2025,A-8153,L-4070,"BUDGET AUTHORITY, NET (DISCRETIONARY)",01,94000000.00,94000000.00,109000000.00,0.00,0.00,0.00,0.00,0.00,0.00,0.00,0.00,0.00,A-068-8153,LEAKING UNDERGROUND STORAGE TANK TRUST FUND,999,NS,DISCRETIONARY
2233,FY-2025,A-8153,L-4080,"OUTLAYS, NET (DISCRETIONARY)",01,92000000.00,92000000.00,96000000.00,0.00,0.00,0.00,0.00,0.00,0.00,0.00,0.00,0.00,A-068-8153,LEAKING UNDERGROUND STORAGE TANK TRUST FUND,999,NS,DISCRETIONARY
2234,FY-2025,A-8153,L-4180,"BUDGET AUTHORITY, NET (TOTAL)",01,94000000.00,94000000.00,109000000.00,0.00,0.00,0.00,0.00,0.00,0.00,0.00,0.00,0.00,A-068-8153,LEAKING UNDERGROUND STORAGE TANK TRUST FUND,999,NS,NS
2235,FY-2025,A-8153,L-4190,"OUTLAYS, NET (TOTAL)",01,92000000.00,92000000.00,96000000.00,0.00,0.00,0.00,0.00,0.00,0.00,0.00,0.00,0.00,A-068-8153,LEAKING UNDERGROUND STORAGE TANK TRUST FUND,999,NS,NS
2236,FY-2025,A-8153,L-5000,"TOTAL INVESTMENTS, SOY: FEDERAL SECURITIES: PAR VALUE",01,1251000000.00,1432000000.00,1530000000.00,0.00,0.00,0.00,0.00,0.00,0.00,0.00,0.00,0.00,A-068-8153,LEAKING UNDERGROUND STORAGE TANK TRUST FUND,999,NS,NS
2237,FY-2025,A-8153,L-5001,"TOTAL INVESTMENTS, EOY: FEDERAL SECURITIES: PAR VALUE",01,1432000000.00,1530000000.00,1630000000.00,0.00,0.00,0.00,0.00,0.00,0.00,0.00,0.00,0.00,A-068-8153,LEAKING UNDERGROUND STORAGE TANK TRUST FUND,999,NS,NS
2238,FY-2025,A-8153,L-5311,"DIRECT UNOBLIGATED BALANCE, START OF YEAR",01,19000000.00,18000000.00,0.00,0.00,0.00,0.00,0.00,0.00,0.00,0.00,0.00,0.00,A-068-8153,LEAKING UNDERGROUND STORAGE TANK TRUST FUND,999,NS,NS
2239,FY-2025,A-8153,L-5313,"DISCRETIONARY UNOBLIGATED BALANCE, START OF YEAR",01,19000000.00,18000000.00,0.00,0.00,0.00,0.00,0.00,0.00,0.00,0.00,0.00,0.00,A-068-8153,LEAKING UNDERGROUND STORAGE TANK TRUST FUND,999,NS,DISCRETIONARY
2240,FY-2025,A-8153,L-5321,"DIRECT UNOBLIGATED BALANCE, END OF YEAR",01,18000000.00,0.00,0.00,0.00,0.00,0.00,0.00,0.00,0.00,0.00,0.00,0.00,A-068-8153,LEAKING UNDERGROUND STORAGE TANK TRUST FUND,999,NS,NS
2241,FY-2025,A-8153,L-5323,"DISCRETIONARY UNOBLIGATED BALANCE, END OF YEAR",01,18000000.00,0.00,0.00,0.00,0.00,0.00,0.00,0.00,0.00,0.00,0.00,0.00,A-068-8153,LEAKING UNDERGROUND STORAGE TANK TRUST FUND,999,NS,DISCRETIONARY
2242,FY-2025,A-8153,L-5331,"DIRECT OBLIGATED BALANCE, START OF YEAR",01,84000000.00,88000000.00,0.00,0.00,0.00,0.00,0.00,0.00,0.00,0.00,0.00,0.00,A-068-8153,LEAKING UNDERGROUND STORAGE TANK TRUST FUND,999,NS,NS
2243,FY-2025,A-8153,L-5333,"DISCRETIONARY OBLIGATED BALANCE, START OF YEAR",01,84000000.00,88000000.00,0.00,0.00,0.00,0.00,0.00,0.00,0.00,0.00,0.00,0.00,A-068-8153,LEAKING UNDERGROUND STORAGE TANK TRUST FUND,999,NS,DISCRETIONARY
2244,FY-2025,A-8153,L-5341,"DIRECT OBLIGATED BALANCE, END OF YEAR",01,88000000.00,0.00,0.00,0.00,0.00,0.00,0.00,0.00,0.00,0.00,0.00,0.00,A-068-8153,LEAKING UNDERGROUND STORAGE TANK TRUST FUND,999,NS,NS
2245,FY-2025,A-8153,L-5343,"DISCRETIONARY OBLIGATED BALANCE, END OF YEAR",01,88000000.00,0.00,0.00,0.00,0.00,0.00,0.00,0.00,0.00,0.00,0.00,0.00,A-068-8153,LEAKING UNDERGROUND STORAGE TANK TRUST FUND,999,NS,DISCRETIONARY
2246,FY-2025,A-8153,L-0081,OBLIGATED BALANCES (NET),1,84000000.00,87000000.00,88000000.00,0.00,0.00,0.00,0.00,0.00,0.00,0.00,0.00,0.00,A-068-8153,LEAKING UNDERGROUND STORAGE TANK TRUST FUND,999,NS,NS
2247,FY-2025,A-8153,L-0082,UNEXPIRED UNOBLIGATED BALANCES,1,19000000.00,18000000.00,19000000.00,0.00,0.00,0.00,0.00,0.00,0.00,0.00,0.00,0.00,A-068-8153,LEAKING UNDERGROUND STORAGE TANK TRUST FUND,999,NS,NS
2248,FY-2025,A-8153,L-0083,SPECIAL OR TRUST FUND RECEIPT BALANCES,1,1137000000.00,1295000000.00,1417000000.00,0.00,0.00,0.00,0.00,0.00,0.00,0.00,0.00,0.00,A-068-8153,LEAKING UNDERGROUND STORAGE TANK TRUST FUND,999,NS,NS
2249,FY-2025,A-8153,L-0083,SPECIAL OR TRUST FUND RECEIPT BALANCES,2,-1000000.00,0.00,0.00,0.00,0.00,0.00,0.00,0.00,0.00,0.00,0.00,0.00,A-068-8153,LEAKING UNDERGROUND STORAGE TANK TRUST FUND,999,NS,NS
2250,FY-2025,A-8153,L-0098,RECONCILIATION ADJUSTMENT,1,0.00,1000000.00,1000000.00,0.00,0.00,0.00,0.00,0.00,0.00,0.00,0.00,0.00,A-068-8153,LEAKING UNDERGROUND STORAGE TANK TRUST FUND,999,NS,NS
2251,FY-2025,A-8153,L-0099,"TOTAL BALANCE, START OF YEAR",1,1239000000.00,1401000000.00,1525000000.00,0.00,0.00,0.00,0.00,0.00,0.00,0.00,0.00,0.00,A-068-8153,LEAKING UNDERGROUND STORAGE TANK TRUST FUND,999,NS,NS
2252,FY-2025,A-8153,L-0100,"BALANCE, START OF YEAR",1,1239000000.00,1401000000.00,1525000000.00,0.00,0.00,0.00,0.00,0.00,0.00,0.00,0.00,0.00,A-068-8153,LEAKING UNDERGROUND STORAGE TANK TRUST FUND,999,NS,NS
2253,FY-2025,A-8153,L-0999,"TOTAL BALANCE, START OF YEAR",1,1239000000.00,1401000000.00,1525000000.00,0.00,0.00,0.00,0.00,0.00,0.00,0.00,0.00,0.00,A-068-8153,LEAKING UNDERGROUND STORAGE TANK TRUST FUND,999,NS,NS
2254,FY-2025,A-8153,L-1110,"TRANSFER FROM THE GENERAL FUND AMOUNTS EQUIVALENT TO TAXES, LEAKING UNDERGROUND STORAGE TANK TRUST FUND",1,205000000.00,191000000.00,189000000.00,0.00,0.00,0.00,0.00,0.00,0.00,0.00,0.00,0.00,A-068-8153,LEAKING UNDERGROUND STORAGE TANK TRUST FUND,999,NS,NS
2255,FY-2025,A-8153,L-1150,"EARNINGS ON INVESTMENTS, LEAKING UNDERGROUND STORAGE TANK TRUST FUND",1,46000000.00,25000000.00,26000000.00,0.00,0.00,0.00,0.00,0.00,0.00,0.00,0.00,0.00,A-068-8153,LEAKING UNDERGROUND STORAGE TANK TRUST FUND,999,NS,NS
2256,FY-2025,A-8153,L-1160,"PAYMENT FROM THE GENERAL FUND, LEAKING UNDERGROUND STORAGE TANK TRUST FUND",1,1000000.00,0.00,0.00,0.00,0.00,0.00,0.00,0.00,0.00,0.00,0.00,0.00,A-068-8153,LEAKING UNDERGROUND STORAGE TANK TRUST FUND,999,NS,NS
2257,FY-2025,A-8153,L-1199,INCOME UNDER PRESENT LAW,1,252000000.00,216000000.00,215000000.00,0.00,0.00,0.00,0.00,0.00,0.00,0.00,0.00,0.00,A-068-8153,LEAKING UNDERGROUND STORAGE TANK TRUST FUND,999,NS,NS
2258,FY-2025,A-8153,L-1999,TOTAL CASH INCOME,1,252000000.00,216000000.00,215000000.00,0.00,0.00,0.00,0.00,0.00,0.00,0.00,0.00,0.00,A-068-8153,LEAKING UNDERGROUND STORAGE TANK TRUST FUND,999,NS,NS
2259,FY-2025,A-8153,L-2100,LEAKING UNDERGROUND STORAGE TANK TRUST FUND,1,-92000000.00,-92000000.00,-96000000.00,0.00,0.00,0.00,0.00,0.00,0.00,0.00,0.00,0.00,A-068-8153,LEAKING UNDERGROUND STORAGE TANK TRUST FUND,999,NS,NS
2260,FY-2025,A-8153,L-2199,OUTGO UNDER CURRENT LAW,1,-92000000.00,-92000000.00,-96000000.00,0.00,0.00,0.00,0.00,0.00,0.00,0.00,0.00,0.00,A-068-8153,LEAKING UNDERGROUND STORAGE TANK TRUST FUND,999,NS,NS
2261,FY-2025,A-8153,L-2999,TOTAL CASH OUTGO (-),1,-92000000.00,-92000000.00,-96000000.00,0.00,0.00,0.00,0.00,0.00,0.00,0.00,0.00,0.00,A-068-8153,LEAKING UNDERGROUND STORAGE TANK TRUST FUND,999,NS,NS
2262,FY-2025,A-8153,L-3110,EXCLUDING INTEREST,1,114000000.00,99000000.00,93000000.00,0.00,0.00,0.00,0.00,0.00,0.00,0.00,0.00,0.00,A-068-8153,LEAKING UNDERGROUND STORAGE TANK TRUST FUND,999,NS,NS
2263,FY-2025,A-8153,L-3120,INTEREST,1,46000000.00,25000000.00,26000000.00,0.00,0.00,0.00,0.00,0.00,0.00,0.00,0.00,0.00,A-068-8153,LEAKING UNDERGROUND STORAGE TANK TRUST FUND,999,NS,NS
2264,FY-2025,A-8153,L-3199,"SUBTOTAL, SURPLUS OR DEFICIT",1,160000000.00,124000000.00,119000000.00,0.00,0.00,0.00,0.00,0.00,0.00,0.00,0.00,0.00,A-068-8153,LEAKING UNDERGROUND STORAGE TANK TRUST FUND,999,NS,NS
2265,FY-2025,A-8153,L-3298,RECONCILIATION ADJUSTMENT,1,2000000.00,0.00,0.00,0.00,0.00,0.00,0.00,0.00,0.00,0.00,0.00,0.00,A-068-8153,LEAKING UNDERGROUND STORAGE TANK TRUST FUND,999,NS,NS
2266,FY-2025,A-8153,L-3299,TOTAL ADJUSTMENTS,1,2000000.00,0.00,0.00,0.00,0.00,0.00,0.00,0.00,0.00,0.00,0.00,0.00,A-068-8153,LEAKING UNDERGROUND STORAGE TANK TRUST FUND,999,NS,NS
2267,FY-2025,A-8153,L-3999,TOTAL CHANGE IN FUND BALANCE,1,162000000.00,124000000.00,119000000.00,0.00,0.00,0.00,0.00,0.00,0.00,0.00,0.00,0.00,A-068-8153,LEAKING UNDERGROUND STORAGE TANK TRUST FUND,999,NS,NS
2268,FY-2025,A-8153,L-4100,"UNINVESTED BALANCE (NET), END OF YEAR",1,-31000000.00,-5000000.00,14000000.00,0.00,0.00,0.00,0.00,0.00,0.00,0.00,0.00,0.00,A-068-8153,LEAKING UNDERGROUND STORAGE TANK TRUST FUND,999,NS,NS
2269,FY-2025,A-8153,L-4200,LEAKING UNDERGROUND STORAGE TANK TRUST FUND,1,1432000000.00,1530000000.00,1630000000.00,0.00,0.00,0.00,0.00,0.00,0.00,0.00,0.00,0.00,A-068-8153,LEAKING UNDERGROUND STORAGE TANK TRUST FUND,999,NS,NS
2270,FY-2025,A-8153,L-4999,"TOTAL BALANCE, END OF YEAR",1,1401000000.00,1525000000.00,1644000000.00,0.00,0.00,0.00,0.00,0.00,0.00,0.00,0.00,0.00,A-068-8153,LEAKING UNDERGROUND STORAGE TANK TRUST FUND,999,NS,NS
2271,FY-2025,A-8153,L-8801,LEAKING UNDERGROUND STORAGE TANK TRUST FUND,1,87000000.00,88000000.00,98000000.00,0.00,0.00,0.00,0.00,0.00,0.00,0.00,0.00,0.00,A-068-8153,LEAKING UNDERGROUND STORAGE TANK TRUST FUND,999,NS,NS
2272,FY-2025,A-8153,L-8802,LEAKING UNDERGROUND STORAGE TANK TRUST FUND,1,18000000.00,19000000.00,22000000.00,0.00,0.00,0.00,0.00,0.00,0.00,0.00,0.00,0.00,A-068-8153,LEAKING UNDERGROUND STORAGE TANK TRUST FUND,999,NS,NS
2273,FY-2025,A-8153,L-8803,SPECIAL OR TRUST FUND RECEIPT BALANCES (MEMORANDUM ENTRY) [BUDGET ACCT],1,1295000000.00,1417000000.00,1523000000.00,0.00,0.00,0.00,0.00,0.00,0.00,0.00,0.00,0.00,A-068-8153,LEAKING UNDERGROUND STORAGE TANK TRUST FUND,999,NS,NS
2274,FY-2025,A-8153,L-8898,RECONCILIATION ADJUSTMENT,1,1000000.00,1000000.00,1000000.00,0.00,0.00,0.00,0.00,0.00,0.00,0.00,0.00,0.00,A-068-8153,LEAKING UNDERGROUND STORAGE TANK TRUST FUND,999,NS,NS
2275,FY-2025,A-8153,L-8899,"TOTAL BALANCE, END OF YEAR (MEMORANDUM ENTRY)",1,1401000000.00,1525000000.00,1644000000.00,0.00,0.00,0.00,0.00,0.00,0.00,0.00,0.00,0.00,A-068-8153,LEAKING UNDERGROUND STORAGE TANK TRUST FUND,999,NS,NS
2276,FY-2025,A-8153,L-1111,FULL-TIME PERMANENT,01,5000000.00,5000000.00,6000000.00,0.00,0.00,0.00,0.00,0.00,0.00,0.00,0.00,0.00,A-068-8153,LEAKING UNDERGROUND STORAGE TANK TRUST FUND,999,NS,NS
2277,FY-2025,A-8153,L-1121,CIVILIAN PERSONNEL BENEFITS,01,2000000.00,2000000.00,2000000.00,0.00,0.00,0.00,0.00,0.00,0.00,0.00,0.00,0.00,A-068-8153,LEAKING UNDERGROUND STORAGE TANK TRUST FUND,999,NS,NS
2278,FY-2025,A-8153,L-1231,RENTAL PAYMENTS TO GSA,01,1000000.00,1000000.00,1000000.00,0.00,0.00,0.00,0.00,0.00,0.00,0.00,0.00,0.00,A-068-8153,LEAKING UNDERGROUND STORAGE TANK TRUST FUND,999,NS,NS
2279,FY-2025,A-8153,L-1251,ADVISORY AND ASSISTANCE SERVICES,01,1000000.00,1000000.00,1000000.00,0.00,0.00,0.00,0.00,0.00,0.00,0.00,0.00,0.00,A-068-8153,LEAKING UNDERGROUND STORAGE TANK TRUST FUND,999,NS,NS
2280,FY-2025,A-8153,L-1252,OTHER SERVICES FROM NON-FEDERAL SOURCES,01,1000000.00,1000000.00,1000000.00,0.00,0.00,0.00,0.00,0.00,0.00,0.00,0.00,0.00,A-068-8153,LEAKING UNDERGROUND STORAGE TANK TRUST FUND,999,NS,NS
2281,FY-2025,A-8153,L-1253,OTHER GOODS AND SERVICES FROM FEDERAL SOURCES,01,0.00,0.00,0.00,0.00,0.00,0.00,0.00,0.00,0.00,0.00,0.00,0.00,A-068-8153,LEAKING UNDERGROUND STORAGE TANK TRUST FUND,999,NS,NS
2282,FY-2025,A-8153,L-1410,"GRANTS, SUBSIDIES, AND CONTRIBUTIONS",01,86000000.00,86000000.00,98000000.00,0.00,0.00,0.00,0.00,0.00,0.00,0.00,0.00,0.00,A-068-8153,LEAKING UNDERGROUND STORAGE TANK TRUST FUND,999,NS,NS
2283,FY-2025,A-8153,L-1940,FINANCIAL TRANSFERS,01,0.00,0.00,0.00,0.00,0.00,0.00,0.00,0.00,0.00,0.00,0.00,0.00,A-068-8153,LEAKING UNDERGROUND STORAGE TANK TRUST FUND,999,NS,NS
2284,FY-2025,A-8153,L-9999,"TOTAL NEW OBLIGATIONS, UNEXPIRED ACCOUNTS",01,96000000.00,96000000.00,109000000.00,0.00,0.00,0.00,0.00,0.00,0.00,0.00,0.00,0.00,A-068-8153,LEAKING UNDERGROUND STORAGE TANK TRUST FUND,999,NS,NS
2285,FY-2025,A-8153,L-1001,DIRECT CIVILIAN FULL-TIME EQUIVALENT EMPLOYMENT,01,42000000.00,42000000.00,42000000.00,0.00,0.00,0.00,0.00,0.00,0.00,0.00,0.00,0.00,A-068-8153,LEAKING UNDERGROUND STORAGE TANK TRUST FUND,999,NS,NS
2286,FY-2025,A-8153,L-131301,BUDGET AUTHORITY,01,86000000.00,85000000.00,100000000.00,0.00,0.00,0.00,0.00,0.00,0.00,0.00,0.00,0.00,A-068-8153,LEAKING UNDERGROUND STORAGE TANK TRUST FUND,304,"DISCRETIONARY, APPROPRIATIONS COMMITTEE",DISCRETIONARY
2287,FY-2025,A-8153,L-131302,OUTLAYS,01,81000000.00,81000000.00,86000000.00,91000000.00,95000000.00,99000000.00,104000000.00,107000000.00,108000000.00,111000000.00,115000000.00,116000000.00,A-068-8153,LEAKING UNDERGROUND STORAGE TANK TRUST FUND,304,"DISCRETIONARY, APPROPRIATIONS COMMITTEE",DISCRETIONARY
2288,FY-2025,A-8153,L-131401,BUDGET AUTHORITY,01,9000000.00,9000000.00,9000000.00,0.00,0.00,0.00,0.00,0.00,0.00,0.00,0.00,0.00,A-068-8153,LEAKING UNDERGROUND STORAGE TANK TRUST FUND,304,NS,NS
2289,FY-2025,A-8153,L-131402,OUTLAYS,01,10000000.00,10000000.00,10000000.00,0.00,0.00,0.00,0.00,0.00,0.00,0.00,0.00,0.00,A-068-8153,LEAKING UNDERGROUND STORAGE TANK TRUST FUND,304,NS,NS
2290,FY-2025,A-8153,L-200401,BUDGET AUTHORITY,01,0.00,0.00,0.00,0.00,0.00,0.00,0.00,0.00,0.00,0.00,0.00,0.00,A-068-8153,LEAKING UNDERGROUND STORAGE TANK TRUST FUND,401,NS,NS
2291,FY-2025,A-8153,L-200402,OUTLAYS,01,0.00,0.00,0.00,0.00,0.00,0.00,0.00,0.00,0.00,0.00,0.00,0.00,A-068-8153,LEAKING UNDERGROUND STORAGE TANK TRUST FUND,401,NS,NS
2292,FY-2025,A-8153,L-1000,BUDGET YEAR BUDGETARY RESOURCES [TREAS ACCT],01,0.00,0.00,108870000000.00,0.00,0.00,0.00,0.00,0.00,0.00,0.00,0.00,0.00,A-068-8153,LEAKING UNDERGROUND STORAGE TANK TRUST FUND,999,NS,NS
2293,FY-2025,A-8221,L-0001,ENFORCE ENVIRONMENTAL LAWS AND ENSURE COMPLIANCE,01,3000000.00,3000000.00,23000000.00,0.00,0.00,0.00,0.00,0.00,0.00,0.00,0.00,0.00,A-068-8221,INLAND OIL SPILL PROGRAMS,304,NS,NS
2294,FY-2025,A-8221,L-0002,SAFEGUARD AND REVITALIZE COMMUNITIES,01,17000000.00,17000000.00,0.00,0.00,0.00,0.00,0.00,0.00,0.00,0.00,0.00,0.00,A-068-8221,INLAND OIL SPILL PROGRAMS,304,NS,NS
2295,FY-2025,A-8221,L-0003,CROSS-AGENCY MISSION AND SCIENCE SUPPORT,01,1000000.00,1000000.00,4000000.00,0.00,0.00,0.00,0.00,0.00,0.00,0.00,0.00,0.00,A-068-8221,INLAND OIL SPILL PROGRAMS,304,NS,NS
2296,FY-2025,A-8221,L-0100,DIRECT PROGRAM,01,21000000.00,21000000.00,27000000.00,0.00,0.00,0.00,0.00,0.00,0.00,0.00,0.00,0.00,A-068-8221,INLAND OIL SPILL PROGRAMS,304,NS,NS
2297,FY-2025,A-8221,L-0799,TOTAL DIRECT OBLIGATIONS,01,21000000.00,21000000.00,27000000.00,0.00,0.00,0.00,0.00,0.00,0.00,0.00,0.00,0.00,A-068-8221,INLAND OIL SPILL PROGRAMS,304,NS,NS
2298,FY-2025,A-8221,L-0801,INLAND OIL SPILL PROGRAMS (REIMBURSABLE),01,7000000.00,7000000.00,7000000.00,0.00,0.00,0.00,0.00,0.00,0.00,0.00,0.00,0.00,A-068-8221,INLAND OIL SPILL PROGRAMS,304,NS,NS
2299,FY-2025,A-8221,L-0900,"TOTAL NEW OBLIGATIONS, UNEXPIRED ACCOUNTS",01,28000000.00,28000000.00,34000000.00,0.00,0.00,0.00,0.00,0.00,0.00,0.00,0.00,0.00,A-068-8221,INLAND OIL SPILL PROGRAMS,304,NS,NS
2300,FY-2025,A-8221,L-1000,"UNOBLIGATED BALANCE BROUGHT FORWARD, OCT 1",01,44000000.00,53000000.00,64000000.00,0.00,0.00,0.00,0.00,0.00,0.00,0.00,0.00,0.00,A-068-8221,INLAND OIL SPILL PROGRAMS,304,NS,NS
2301,FY-2025,A-8221,L-1021,RECOVERIES OF PRIOR YEAR UNPAID OBLIGATIONS,01,5000000.00,7000000.00,7000000.00,0.00,0.00,0.00,0.00,0.00,0.00,0.00,0.00,0.00,A-068-8221,INLAND OIL SPILL PROGRAMS,304,NS,NS
2302,FY-2025,A-8221,L-1070,UNOBLIGATED BALANCE (TOTAL),01,49000000.00,60000000.00,71000000.00,0.00,0.00,0.00,0.00,0.00,0.00,0.00,0.00,0.00,A-068-8221,INLAND OIL SPILL PROGRAMS,304,NS,NS
2303,FY-2025,A-8221,L-1101,APPROPRIATION (SPECIAL OR TRUST),01,22000000.00,22000000.00,28000000.00,0.00,0.00,0.00,0.00,0.00,0.00,0.00,0.00,0.00,A-068-8221,INLAND OIL SPILL PROGRAMS,304,NS,DISCRETIONARY
2304,FY-2025,A-8221,L-1160,"APPROPRIATION, DISCRETIONARY (TOTAL)",01,22000000.00,22000000.00,28000000.00,0.00,0.00,0.00,0.00,0.00,0.00,0.00,0.00,0.00,A-068-8221,INLAND OIL SPILL PROGRAMS,304,NS,DISCRETIONARY
2305,FY-2025,A-8221,L-116040,APPROPRIATION [PC&B],01,16000000.00,16000000.00,19000000.00,19000000.00,20000000.00,20000000.00,21000000.00,21000000.00,22000000.00,22000000.00,23000000.00,23000000.00,A-068-8221,INLAND OIL SPILL PROGRAMS,304,"DISCRETIONARY, APPROPRIATIONS COMMITTEE",DISCRETIONARY
2306,FY-2025,A-8221,L-116050,BASELINE PAY/NON-PAY,01,16000000.00,0.00,0.00,0.00,0.00,0.00,0.00,0.00,0.00,0.00,0.00,0.00,A-068-8221,INLAND OIL SPILL PROGRAMS,304,"DISCRETIONARY, APPROPRIATIONS COMMITTEE",DISCRETIONARY
2307,FY-2025,A-8221,L-116050,BASELINE PAY/NON-PAY,01,0.00,16000000.00,17000000.00,17000000.00,18000000.00,18000000.00,19000000.00,19000000.00,20000000.00,21000000.00,21000000.00,22000000.00,A-068-8221,INLAND OIL SPILL PROGRAMS,304,"DISCRETIONARY, APPROPRIATIONS COMMITTEE",DISCRETIONARY
2308,FY-2025,A-8221,L-116061,NEW AUTHORITY,01,16000000.00,12000000.00,15000000.00,15000000.00,15000000.00,15000000.00,16000000.00,16000000.00,17000000.00,17000000.00,18000000.00,18000000.00,A-068-8221,INLAND OIL SPILL PROGRAMS,304,"DISCRETIONARY, APPROPRIATIONS COMMITTEE",DISCRETIONARY
2309,FY-2025,A-8221,L-116062,BALANCES (EXCL OF EOY PY BAL),01,13000000.00,0.00,4000000.00,4000000.00,4000000.00,5000000.00,5000000.00,5000000.00,5000000.00,5000000.00,5000000.00,5000000.00,A-068-8221,INLAND OIL SPILL PROGRAMS,304,"DISCRETIONARY, APPROPRIATIONS COMMITTEE",DISCRETIONARY
2310,FY-2025,A-8221,L-116063,END OF PY BALANCES,01,0.00,4000000.00,0.00,0.00,0.00,0.00,0.00,0.00,0.00,0.00,0.00,0.00,A-068-8221,INLAND OIL SPILL PROGRAMS,304,"DISCRETIONARY, APPROPRIATIONS COMMITTEE",DISCRETIONARY
2311,FY-2025,A-8221,L-116081,NEW AUTHORITY,01,16000000.00,12000000.00,13000000.00,13000000.00,14000000.00,14000000.00,15000000.00,15000000.00,15000000.00,16000000.00,16000000.00,17000000.00,A-068-8221,INLAND OIL SPILL PROGRAMS,304,"DISCRETIONARY, APPROPRIATIONS COMMITTEE",DISCRETIONARY
2312,FY-2025,A-8221,L-116082,BALANCES (EXCL OF EOY PY BAL),01,13000000.00,0.00,4000000.00,4000000.00,4000000.00,4000000.00,4000000.00,4000000.00,4000000.00,5000000.00,5000000.00,5000000.00,A-068-8221,INLAND OIL SPILL PROGRAMS,304,"DISCRETIONARY, APPROPRIATIONS COMMITTEE",DISCRETIONARY
2313,FY-2025,A-8221,L-116083,END OF PY BALANCES,01,0.00,4000000.00,0.00,0.00,0.00,0.00,0.00,0.00,0.00,0.00,0.00,0.00,A-068-8221,INLAND OIL SPILL PROGRAMS,304,"DISCRETIONARY, APPROPRIATIONS COMMITTEE",DISCRETIONARY
2314,FY-2025,A-8221,L-116040,APPROPRIATION [NON-PAY],02,6000000.00,6000000.00,9000000.00,9000000.00,9000000.00,10000000.00,10000000.00,10000000.00,10000000.00,11000000.00,11000000.00,11000000.00,A-068-8221,INLAND OIL SPILL PROGRAMS,304,"DISCRETIONARY, APPROPRIATIONS COMMITTEE",DISCRETIONARY
2315,FY-2025,A-8221,L-116050,BASELINE PAY/NON-PAY,02,6000000.00,0.00,0.00,0.00,0.00,0.00,0.00,0.00,0.00,0.00,0.00,0.00,A-068-8221,INLAND OIL SPILL PROGRAMS,304,"DISCRETIONARY, APPROPRIATIONS COMMITTEE",DISCRETIONARY
2316,FY-2025,A-8221,L-116050,BASELINE PAY/NON-PAY,02,0.00,6000000.00,6000000.00,6000000.00,6000000.00,7000000.00,7000000.00,7000000.00,7000000.00,7000000.00,7000000.00,7000000.00,A-068-8221,INLAND OIL SPILL PROGRAMS,304,"DISCRETIONARY, APPROPRIATIONS COMMITTEE",DISCRETIONARY
2317,FY-2025,A-8221,L-116061,NEW AUTHORITY,02,0.00,0.00,0.00,0.00,0.00,0.00,0.00,0.00,0.00,0.00,0.00,0.00,A-068-8221,INLAND OIL SPILL PROGRAMS,304,"DISCRETIONARY, APPROPRIATIONS COMMITTEE",DISCRETIONARY
2318,FY-2025,A-8221,L-116062,BALANCES (EXCL OF EOY PY BAL),02,0.00,0.00,6000000.00,9000000.00,9000000.00,9000000.00,10000000.00,10000000.00,10000000.00,10000000.00,11000000.00,11000000.00,A-068-8221,INLAND OIL SPILL PROGRAMS,304,"DISCRETIONARY, APPROPRIATIONS COMMITTEE",DISCRETIONARY
2319,FY-2025,A-8221,L-116063,END OF PY BALANCES,02,0.00,6000000.00,0.00,0.00,0.00,0.00,0.00,0.00,0.00,0.00,0.00,0.00,A-068-8221,INLAND OIL SPILL PROGRAMS,304,"DISCRETIONARY, APPROPRIATIONS COMMITTEE",DISCRETIONARY
2320,FY-2025,A-8221,L-116081,NEW AUTHORITY,02,0.00,0.00,0.00,0.00,0.00,0.00,0.00,0.00,0.00,0.00,0.00,0.00,A-068-8221,INLAND OIL SPILL PROGRAMS,304,"DISCRETIONARY, APPROPRIATIONS COMMITTEE",DISCRETIONARY
2321,FY-2025,A-8221,L-116082,BALANCES (EXCL OF EOY PY BAL),02,0.00,0.00,6000000.00,6000000.00,6000000.00,6000000.00,7000000.00,7000000.00,7000000.00,7000000.00,7000000.00,7000000.00,A-068-8221,INLAND OIL SPILL PROGRAMS,304,"DISCRETIONARY, APPROPRIATIONS COMMITTEE",DISCRETIONARY
2322,FY-2025,A-8221,L-116083,END OF PY BALANCES,02,0.00,6000000.00,0.00,0.00,0.00,0.00,0.00,0.00,0.00,0.00,0.00,0.00,A-068-8221,INLAND OIL SPILL PROGRAMS,304,"DISCRETIONARY, APPROPRIATIONS COMMITTEE",DISCRETIONARY
2323,FY-2025,A-8221,L-1700,COLLECTED,01,10000000.00,10000000.00,12000000.00,0.00,0.00,0.00,0.00,0.00,0.00,0.00,0.00,0.00,A-068-8221,INLAND OIL SPILL PROGRAMS,304,NS,DISCRETIONARY
2324,FY-2025,A-8221,L-1750,"SPENDING AUTH FROM OFFSETTING COLLECTIONS, DISC (TOTAL)",01,10000000.00,10000000.00,12000000.00,0.00,0.00,0.00,0.00,0.00,0.00,0.00,0.00,0.00,A-068-8221,INLAND OIL SPILL PROGRAMS,304,NS,DISCRETIONARY
2325,FY-2025,A-8221,L-175040,SPENDING AUTHORITY FROM OFFSETTING COLLECTIONS [OFFSETTING COLLECTIONS],01,10000000.00,10000000.00,12000000.00,12000000.00,13000000.00,13000000.00,13000000.00,13000000.00,14000000.00,14000000.00,14000000.00,15000000.00,A-068-8221,INLAND OIL SPILL PROGRAMS,304,"DISCRETIONARY, APPROPRIATIONS COMMITTEE",DISCRETIONARY
2326,FY-2025,A-8221,L-175050,BASELINE PROGRAM [OFFSETTING COLLECTIONS],01,10000000.00,10000000.00,13000000.00,14000000.00,14000000.00,14000000.00,14000000.00,14000000.00,14000000.00,14000000.00,14000000.00,14000000.00,A-068-8221,INLAND OIL SPILL PROGRAMS,304,"DISCRETIONARY, APPROPRIATIONS COMMITTEE",DISCRETIONARY
2327,FY-2025,A-8221,L-175061,NEW AUTHORITY,01,0.00,8000000.00,10000000.00,10000000.00,11000000.00,11000000.00,11000000.00,11000000.00,12000000.00,12000000.00,12000000.00,12000000.00,A-068-8221,INLAND OIL SPILL PROGRAMS,304,"DISCRETIONARY, APPROPRIATIONS COMMITTEE",DISCRETIONARY
2328,FY-2025,A-8221,L-175062,BALANCES (EXCL OF EOY PY BAL),01,0.00,0.00,2000000.00,2000000.00,2000000.00,2000000.00,2000000.00,2000000.00,2000000.00,2000000.00,2000000.00,2000000.00,A-068-8221,INLAND OIL SPILL PROGRAMS,304,"DISCRETIONARY, APPROPRIATIONS COMMITTEE",DISCRETIONARY
2329,FY-2025,A-8221,L-175063,END OF PY BALANCES,01,0.00,0.00,0.00,2000000.00,2000000.00,0.00,0.00,0.00,0.00,0.00,0.00,0.00,A-068-8221,INLAND OIL SPILL PROGRAMS,304,"DISCRETIONARY, APPROPRIATIONS COMMITTEE",DISCRETIONARY
2330,FY-2025,A-8221,L-175081,NEW AUTHORITY,01,0.00,8000000.00,11000000.00,12000000.00,12000000.00,12000000.00,12000000.00,12000000.00,12000000.00,12000000.00,12000000.00,12000000.00,A-068-8221,INLAND OIL SPILL PROGRAMS,304,"DISCRETIONARY, APPROPRIATIONS COMMITTEE",DISCRETIONARY
2331,FY-2025,A-8221,L-175082,BALANCES (EXCL OF EOY PY BAL),01,0.00,0.00,2000000.00,2000000.00,2000000.00,2000000.00,2000000.00,2000000.00,2000000.00,2000000.00,2000000.00,2000000.00,A-068-8221,INLAND OIL SPILL PROGRAMS,304,"DISCRETIONARY, APPROPRIATIONS COMMITTEE",DISCRETIONARY
2332,FY-2025,A-8221,L-175083,END OF PY BALANCES,01,0.00,0.00,0.00,2000000.00,2000000.00,0.00,0.00,0.00,0.00,0.00,0.00,0.00,A-068-8221,INLAND OIL SPILL PROGRAMS,304,"DISCRETIONARY, APPROPRIATIONS COMMITTEE",DISCRETIONARY
2333,FY-2025,A-8221,L-1900,BUDGET AUTHORITY (TOTAL),01,32000000.00,32000000.00,40000000.00,0.00,0.00,0.00,0.00,0.00,0.00,0.00,0.00,0.00,A-068-8221,INLAND OIL SPILL PROGRAMS,304,NS,NS
2334,FY-2025,A-8221,L-1930,TOTAL BUDGETARY RESOURCES AVAILABLE,01,81000000.00,92000000.00,111000000.00,0.00,0.00,0.00,0.00,0.00,0.00,0.00,0.00,0.00,A-068-8221,INLAND OIL SPILL PROGRAMS,304,NS,NS
2335,FY-2025,A-8221,L-1941,"UNEXPIRED UNOBLIGATED BALANCE, END OF YEAR",01,53000000.00,64000000.00,77000000.00,0.00,0.00,0.00,0.00,0.00,0.00,0.00,0.00,0.00,A-068-8221,INLAND OIL SPILL PROGRAMS,304,NS,NS
2336,FY-2025,A-8221,L-3000,"UNPAID OBLIGATIONS, BROUGHT FORWARD, OCT 1",01,25000000.00,19000000.00,10000000.00,0.00,0.00,0.00,0.00,0.00,0.00,0.00,0.00,0.00,A-068-8221,INLAND OIL SPILL PROGRAMS,304,NS,NS
2337,FY-2025,A-8221,L-3010,"NEW OBLIGATIONS, UNEXPIRED ACCOUNTS",01,28000000.00,28000000.00,34000000.00,0.00,0.00,0.00,0.00,0.00,0.00,0.00,0.00,0.00,A-068-8221,INLAND OIL SPILL PROGRAMS,304,NS,NS
2338,FY-2025,A-8221,L-3020,OUTLAYS (GROSS),01,-29000000.00,-30000000.00,-37000000.00,0.00,0.00,0.00,0.00,0.00,0.00,0.00,0.00,0.00,A-068-8221,INLAND OIL SPILL PROGRAMS,304,NS,NS
2339,FY-2025,A-8221,L-3040,"RECOVERIES OF PRIOR YEAR UNPAID OBLIGATIONS, UNEXPIRED",01,-5000000.00,-7000000.00,-7000000.00,0.00,0.00,0.00,0.00,0.00,0.00,0.00,0.00,0.00,A-068-8221,INLAND OIL SPILL PROGRAMS,304,NS,NS
2340,FY-2025,A-8221,L-3050,"UNPAID OBLIGATIONS, END OF YEAR",01,19000000.00,10000000.00,0.00,0.00,0.00,0.00,0.00,0.00,0.00,0.00,0.00,0.00,A-068-8221,INLAND OIL SPILL PROGRAMS,304,NS,NS
2341,FY-2025,A-8221,L-3060,"UNCOLLECTED PYMTS, FED SOURCES, BROUGHT FORWARD, OCT 1",01,-50000000.00,-50000000.00,-50000000.00,0.00,0.00,0.00,0.00,0.00,0.00,0.00,0.00,0.00,A-068-8221,INLAND OIL SPILL PROGRAMS,304,NS,NS
2342,FY-2025,A-8221,L-3090,"UNCOLLECTED PYMTS, FED SOURCES, END OF YEAR",01,-50000000.00,-50000000.00,-50000000.00,0.00,0.00,0.00,0.00,0.00,0.00,0.00,0.00,0.00,A-068-8221,INLAND OIL SPILL PROGRAMS,304,NS,NS
2343,FY-2025,A-8221,L-3100,"OBLIGATED BALANCE, START OF YEAR",01,-25000000.00,-31000000.00,-40000000.00,0.00,0.00,0.00,0.00,0.00,0.00,0.00,0.00,0.00,A-068-8221,INLAND OIL SPILL PROGRAMS,304,NS,NS
2344,FY-2025,A-8221,L-3200,"OBLIGATED BALANCE, END OF YEAR",01,-31000000.00,-40000000.00,-50000000.00,0.00,0.00,0.00,0.00,0.00,0.00,0.00,0.00,0.00,A-068-8221,INLAND OIL SPILL PROGRAMS,304,NS,NS
2345,FY-2025,A-8221,L-4000,"BUDGET AUTHORITY, GROSS",01,32000000.00,32000000.00,40000000.00,0.00,0.00,0.00,0.00,0.00,0.00,0.00,0.00,0.00,A-068-8221,INLAND OIL SPILL PROGRAMS,304,NS,DISCRETIONARY
2346,FY-2025,A-8221,L-4010,OUTLAYS FROM NEW DISCRETIONARY AUTHORITY,01,16000000.00,20000000.00,25000000.00,0.00,0.00,0.00,0.00,0.00,0.00,0.00,0.00,0.00,A-068-8221,INLAND OIL SPILL PROGRAMS,304,NS,DISCRETIONARY
2347,FY-2025,A-8221,L-4011,OUTLAYS FROM DISCRETIONARY BALANCES,01,13000000.00,10000000.00,12000000.00,0.00,0.00,0.00,0.00,0.00,0.00,0.00,0.00,0.00,A-068-8221,INLAND OIL SPILL PROGRAMS,304,NS,DISCRETIONARY
2348,FY-2025,A-8221,L-4020,"OUTLAYS, GROSS (TOTAL)",01,29000000.00,30000000.00,37000000.00,0.00,0.00,0.00,0.00,0.00,0.00,0.00,0.00,0.00,A-068-8221,INLAND OIL SPILL PROGRAMS,304,NS,DISCRETIONARY
2349,FY-2025,A-8221,L-4030,FEDERAL SOURCES,01,-10000000.00,-10000000.00,-12000000.00,0.00,0.00,0.00,0.00,0.00,0.00,0.00,0.00,0.00,A-068-8221,INLAND OIL SPILL PROGRAMS,304,NS,DISCRETIONARY
2350,FY-2025,A-8221,L-403041,POLICY PROGRAM [TEXT],01,-10000000.00,-10000000.00,-12000000.00,-12000000.00,-13000000.00,-13000000.00,-13000000.00,-13000000.00,-14000000.00,-14000000.00,-14000000.00,-15000000.00,A-068-8221,INLAND OIL SPILL PROGRAMS,304,"DISCRETIONARY, APPROPRIATIONS COMMITTEE",DISCRETIONARY
2351,FY-2025,A-8221,L-403071,BASELINE PROGRAM [TEXT],01,-10000000.00,-10000000.00,-13000000.00,-14000000.00,-14000000.00,-14000000.00,-14000000.00,-14000000.00,-14000000.00,-14000000.00,-14000000.00,-14000000.00,A-068-8221,INLAND OIL SPILL PROGRAMS,304,"DISCRETIONARY, APPROPRIATIONS COMMITTEE",DISCRETIONARY
2352,FY-2025,A-8221,L-4033,NON-FEDERAL SOURCES,01,0.00,0.00,0.00,0.00,0.00,0.00,0.00,0.00,0.00,0.00,0.00,0.00,A-068-8221,INLAND OIL SPILL PROGRAMS,304,NS,DISCRETIONARY
2353,FY-2025,A-8221,L-403341,POLICY PROGRAM [TEXT],01,0.00,0.00,0.00,0.00,0.00,0.00,0.00,0.00,0.00,0.00,0.00,0.00,A-068-8221,INLAND OIL SPILL PROGRAMS,304,"DISCRETIONARY, APPROPRIATIONS COMMITTEE",DISCRETIONARY
2354,FY-2025,A-8221,L-403371,BASELINE PROGRAM [TEXT],01,0.00,0.00,0.00,0.00,0.00,0.00,0.00,0.00,0.00,0.00,0.00,0.00,A-068-8221,INLAND OIL SPILL PROGRAMS,304,"DISCRETIONARY, APPROPRIATIONS COMMITTEE",DISCRETIONARY
2355,FY-2025,A-8221,L-4040,OFFSETS AGAINST GROSS BUDGET AUTHORITY  AND OUTLAYS (TOTAL),01,-10000000.00,-10000000.00,-12000000.00,0.00,0.00,0.00,0.00,0.00,0.00,0.00,0.00,0.00,A-068-8221,INLAND OIL SPILL PROGRAMS,304,NS,DISCRETIONARY
2356,FY-2025,A-8221,L-4050,"CHANGE IN UNCOLLECTED PYMTS, FED SOURCES, UNEXPIRED",01,0.00,0.00,0.00,0.00,0.00,0.00,0.00,0.00,0.00,0.00,0.00,0.00,A-068-8221,INLAND OIL SPILL PROGRAMS,304,NS,DISCRETIONARY
2357,FY-2025,A-8221,L-405041,POLICY PROGRAM [TEXT],01,0.00,0.00,0.00,0.00,0.00,0.00,0.00,0.00,0.00,0.00,0.00,0.00,A-068-8221,INLAND OIL SPILL PROGRAMS,304,"DISCRETIONARY, APPROPRIATIONS COMMITTEE",DISCRETIONARY
2358,FY-2025,A-8221,L-405071,BASELINE PROGRAM [TEXT],01,0.00,0.00,0.00,0.00,0.00,0.00,0.00,0.00,0.00,0.00,0.00,0.00,A-068-8221,INLAND OIL SPILL PROGRAMS,304,"DISCRETIONARY, APPROPRIATIONS COMMITTEE",DISCRETIONARY
2359,FY-2025,A-8221,L-4070,"BUDGET AUTHORITY, NET (DISCRETIONARY)",01,22000000.00,22000000.00,28000000.00,0.00,0.00,0.00,0.00,0.00,0.00,0.00,0.00,0.00,A-068-8221,INLAND OIL SPILL PROGRAMS,304,NS,DISCRETIONARY
2360,FY-2025,A-8221,L-4080,"OUTLAYS, NET (DISCRETIONARY)",01,19000000.00,20000000.00,25000000.00,0.00,0.00,0.00,0.00,0.00,0.00,0.00,0.00,0.00,A-068-8221,INLAND OIL SPILL PROGRAMS,304,NS,DISCRETIONARY
2361,FY-2025,A-8221,L-4180,"BUDGET AUTHORITY, NET (TOTAL)",01,22000000.00,22000000.00,28000000.00,0.00,0.00,0.00,0.00,0.00,0.00,0.00,0.00,0.00,A-068-8221,INLAND OIL SPILL PROGRAMS,304,NS,NS
2362,FY-2025,A-8221,L-4190,"OUTLAYS, NET (TOTAL)",01,19000000.00,20000000.00,25000000.00,0.00,0.00,0.00,0.00,0.00,0.00,0.00,0.00,0.00,A-068-8221,INLAND OIL SPILL PROGRAMS,304,NS,NS
2363,FY-2025,A-8221,L-5311,"DIRECT UNOBLIGATED BALANCE, START OF YEAR",01,6000000.00,6000000.00,0.00,0.00,0.00,0.00,0.00,0.00,0.00,0.00,0.00,0.00,A-068-8221,INLAND OIL SPILL PROGRAMS,304,NS,NS
2364,FY-2025,A-8221,L-5312,"REIMBURSABLE UNOBLIGATED BALANCE, START OF YEAR",01,38000000.00,38000000.00,0.00,0.00,0.00,0.00,0.00,0.00,0.00,0.00,0.00,0.00,A-068-8221,INLAND OIL SPILL PROGRAMS,304,NS,NS
2365,FY-2025,A-8221,L-5313,"DISCRETIONARY UNOBLIGATED BALANCE, START OF YEAR",01,44000000.00,44000000.00,0.00,0.00,0.00,0.00,0.00,0.00,0.00,0.00,0.00,0.00,A-068-8221,INLAND OIL SPILL PROGRAMS,304,NS,DISCRETIONARY
2366,FY-2025,A-8221,L-5321,"DIRECT UNOBLIGATED BALANCE, END OF YEAR",01,7000000.00,0.00,0.00,0.00,0.00,0.00,0.00,0.00,0.00,0.00,0.00,0.00,A-068-8221,INLAND OIL SPILL PROGRAMS,304,NS,NS
2367,FY-2025,A-8221,L-5322,"REIMBURSABLE UNOBLIGATED BALANCE, END OF YEAR",01,46000000.00,0.00,0.00,0.00,0.00,0.00,0.00,0.00,0.00,0.00,0.00,0.00,A-068-8221,INLAND OIL SPILL PROGRAMS,304,NS,NS
2368,FY-2025,A-8221,L-5323,"DISCRETIONARY UNOBLIGATED BALANCE, END OF YEAR",01,53000000.00,0.00,0.00,0.00,0.00,0.00,0.00,0.00,0.00,0.00,0.00,0.00,A-068-8221,INLAND OIL SPILL PROGRAMS,304,NS,DISCRETIONARY
2369,FY-2025,A-8221,L-5331,"DIRECT OBLIGATED BALANCE, START OF YEAR",01,8000000.00,8000000.00,0.00,0.00,0.00,0.00,0.00,0.00,0.00,0.00,0.00,0.00,A-068-8221,INLAND OIL SPILL PROGRAMS,304,NS,NS
2370,FY-2025,A-8221,L-5332,"REIMBURSABLE OBLIGATED BALANCE, START OF YEAR",01,-33000000.00,-40000000.00,0.00,0.00,0.00,0.00,0.00,0.00,0.00,0.00,0.00,0.00,A-068-8221,INLAND OIL SPILL PROGRAMS,304,NS,NS
2371,FY-2025,A-8221,L-5333,"DISCRETIONARY OBLIGATED BALANCE, START OF YEAR",01,-25000000.00,-32000000.00,0.00,0.00,0.00,0.00,0.00,0.00,0.00,0.00,0.00,0.00,A-068-8221,INLAND OIL SPILL PROGRAMS,304,NS,DISCRETIONARY
2372,FY-2025,A-8221,L-5341,"DIRECT OBLIGATED BALANCE, END OF YEAR",01,8000000.00,0.00,0.00,0.00,0.00,0.00,0.00,0.00,0.00,0.00,0.00,0.00,A-068-8221,INLAND OIL SPILL PROGRAMS,304,NS,NS
2373,FY-2025,A-8221,L-5342,"REIMBURSABLE OBLIGATED BALANCE, END OF YEAR",01,-40000000.00,0.00,0.00,0.00,0.00,0.00,0.00,0.00,0.00,0.00,0.00,0.00,A-068-8221,INLAND OIL SPILL PROGRAMS,304,NS,NS
2374,FY-2025,A-8221,L-5343,"DISCRETIONARY OBLIGATED BALANCE, END OF YEAR",01,-32000000.00,0.00,0.00,0.00,0.00,0.00,0.00,0.00,0.00,0.00,0.00,0.00,A-068-8221,INLAND OIL SPILL PROGRAMS,304,NS,DISCRETIONARY
2375,FY-2025,A-8221,L-1111,FULL-TIME PERMANENT,01,9000000.00,9000000.00,15000000.00,0.00,0.00,0.00,0.00,0.00,0.00,0.00,0.00,0.00,A-068-8221,INLAND OIL SPILL PROGRAMS,304,NS,NS
2376,FY-2025,A-8221,L-1115,OTHER PERSONNEL COMPENSATION,01,1000000.00,1000000.00,0.00,0.00,0.00,0.00,0.00,0.00,0.00,0.00,0.00,0.00,A-068-8221,INLAND OIL SPILL PROGRAMS,304,NS,NS
2377,FY-2025,A-8221,L-1119,TOTAL PERSONNEL COMPENSATION,01,10000000.00,10000000.00,15000000.00,0.00,0.00,0.00,0.00,0.00,0.00,0.00,0.00,0.00,A-068-8221,INLAND OIL SPILL PROGRAMS,304,NS,NS
2378,FY-2025,A-8221,L-1121,CIVILIAN PERSONNEL BENEFITS,01,3000000.00,3000000.00,4000000.00,0.00,0.00,0.00,0.00,0.00,0.00,0.00,0.00,0.00,A-068-8221,INLAND OIL SPILL PROGRAMS,304,NS,NS
2379,FY-2025,A-8221,L-1210,TRAVEL AND TRANSPORTATION OF PERSONS,01,1000000.00,1000000.00,0.00,0.00,0.00,0.00,0.00,0.00,0.00,0.00,0.00,0.00,A-068-8221,INLAND OIL SPILL PROGRAMS,304,NS,NS
2380,FY-2025,A-8221,L-1231,RENTAL PAYMENTS TO GSA,01,1000000.00,1000000.00,1000000.00,0.00,0.00,0.00,0.00,0.00,0.00,0.00,0.00,0.00,A-068-8221,INLAND OIL SPILL PROGRAMS,304,NS,NS
2381,FY-2025,A-8221,L-1251,ADVISORY AND ASSISTANCE SERVICES,01,2000000.00,2000000.00,3000000.00,0.00,0.00,0.00,0.00,0.00,0.00,0.00,0.00,0.00,A-068-8221,INLAND OIL SPILL PROGRAMS,304,NS,NS
2382,FY-2025,A-8221,L-1252,OTHER SERVICES FROM NON-FEDERAL SOURCES,01,4000000.00,4000000.00,4000000.00,0.00,0.00,0.00,0.00,0.00,0.00,0.00,0.00,0.00,A-068-8221,INLAND OIL SPILL PROGRAMS,304,NS,NS
2383,FY-2025,A-8221,L-1253,OTHER GOODS AND SERVICES FROM FEDERAL SOURCES,01,0.00,0.00,0.00,0.00,0.00,0.00,0.00,0.00,0.00,0.00,0.00,0.00,A-068-8221,INLAND OIL SPILL PROGRAMS,304,NS,NS
2384,FY-2025,A-8221,L-1255,RESEARCH AND DEVELOPMENT CONTRACTS,01,0.00,0.00,0.00,0.00,0.00,0.00,0.00,0.00,0.00,0.00,0.00,0.00,A-068-8221,INLAND OIL SPILL PROGRAMS,304,NS,NS
2385,FY-2025,A-8221,L-1410,"GRANTS, SUBSIDIES, AND CONTRIBUTIONS",01,0.00,0.00,0.00,0.00,0.00,0.00,0.00,0.00,0.00,0.00,0.00,0.00,A-068-8221,INLAND OIL SPILL PROGRAMS,304,NS,NS
2386,FY-2025,A-8221,L-1420,INSURANCE CLAIMS AND INDEMNITIES,01,0.00,0.00,0.00,0.00,0.00,0.00,0.00,0.00,0.00,0.00,0.00,0.00,A-068-8221,INLAND OIL SPILL PROGRAMS,304,NS,NS
2387,FY-2025,A-8221,L-1990,"SUBTOTAL, OBLIGATIONS",01,21000000.00,21000000.00,27000000.00,0.00,0.00,0.00,0.00,0.00,0.00,0.00,0.00,0.00,A-068-8221,INLAND OIL SPILL PROGRAMS,304,NS,NS
2388,FY-2025,A-8221,L-2111,FULL-TIME PERMANENT,01,2000000.00,2000000.00,2000000.00,0.00,0.00,0.00,0.00,0.00,0.00,0.00,0.00,0.00,A-068-8221,INLAND OIL SPILL PROGRAMS,304,NS,NS
2389,FY-2025,A-8221,L-2252,OTHER SERVICES FROM NON-FEDERAL SOURCES,01,5000000.00,5000000.00,5000000.00,0.00,0.00,0.00,0.00,0.00,0.00,0.00,0.00,0.00,A-068-8221,INLAND OIL SPILL PROGRAMS,304,NS,NS
2390,FY-2025,A-8221,L-2330,INVESTMENTS AND LOANS,01,0.00,0.00,0.00,0.00,0.00,0.00,0.00,0.00,0.00,0.00,0.00,0.00,A-068-8221,INLAND OIL SPILL PROGRAMS,304,NS,NS
2391,FY-2025,A-8221,L-2990,"SUBTOTAL, OBLIGATIONS",01,7000000.00,7000000.00,7000000.00,0.00,0.00,0.00,0.00,0.00,0.00,0.00,0.00,0.00,A-068-8221,INLAND OIL SPILL PROGRAMS,304,NS,NS
2392,FY-2025,A-8221,L-9999,"TOTAL NEW OBLIGATIONS, UNEXPIRED ACCOUNTS",01,28000000.00,28000000.00,34000000.00,0.00,0.00,0.00,0.00,0.00,0.00,0.00,0.00,0.00,A-068-8221,INLAND OIL SPILL PROGRAMS,304,NS,NS
2393,FY-2025,A-8221,L-1001,DIRECT CIVILIAN FULL-TIME EQUIVALENT EMPLOYMENT,01,71000000.00,71000000.00,99000000.00,0.00,0.00,0.00,0.00,0.00,0.00,0.00,0.00,0.00,A-068-8221,INLAND OIL SPILL PROGRAMS,304,NS,NS
2394,FY-2025,A-8221,L-1101,DIRECT MILITARY AVERAGE STRENGTH EMPLOYMENT,01,0.00,0.00,0.00,0.00,0.00,0.00,0.00,0.00,0.00,0.00,0.00,0.00,A-068-8221,INLAND OIL SPILL PROGRAMS,304,NS,NS
2395,FY-2025,A-8221,L-2001,REIMBURSABLE CIVILIAN FULL-TIME EQUIVALENT EMPLOYMENT,01,5000000.00,5000000.00,7000000.00,0.00,0.00,0.00,0.00,0.00,0.00,0.00,0.00,0.00,A-068-8221,INLAND OIL SPILL PROGRAMS,304,NS,NS
2396,FY-2025,A-8221,L-142201,BUDGET AUTHORITY,01,1000000.00,1000000.00,1000000.00,0.00,0.00,0.00,0.00,0.00,0.00,0.00,0.00,0.00,A-068-8221,INLAND OIL SPILL PROGRAMS,304,NS,NS
2397,FY-2025,A-8221,L-142202,OUTLAYS,01,1000000.00,1000000.00,1000000.00,0.00,0.00,0.00,0.00,0.00,0.00,0.00,0.00,0.00,A-068-8221,INLAND OIL SPILL PROGRAMS,304,NS,NS
2398,FY-2025,A-8221,L-200401,BUDGET AUTHORITY,01,20000000.00,20000000.00,26000000.00,0.00,0.00,0.00,0.00,0.00,0.00,0.00,0.00,0.00,A-068-8221,INLAND OIL SPILL PROGRAMS,304,NS,NS
2399,FY-2025,A-8221,L-200402,OUTLAYS,01,18000000.00,18000000.00,25000000.00,0.00,0.00,0.00,0.00,0.00,0.00,0.00,0.00,0.00,A-068-8221,INLAND OIL SPILL PROGRAMS,304,NS,NS
2400,FY-2025,A-8221,L-1000,BUDGET YEAR BUDGETARY RESOURCES [TREAS ACCT],01,0.00,0.00,27803000000.00,0.00,0.00,0.00,0.00,0.00,0.00,0.00,0.00,0.00,A-068-8221,INLAND OIL SPILL PROGRAMS,304,NS,NS
